x0,y0,z0,x1,y1,z1,x2,y2,z2,x3,y3,z3,x4,y4,z4,x5,y5,z5,x6,y6,z6,x7,y7,z7,x8,y8,z8,x9,y9,z9,x10,y10,z10,x11,y11,z11,x12,y12,z12,x13,y13,z13,x14,y14,z14,x15,y15,z15,x16,y16,z16,x17,y17,z17,x18,y18,z18,x19,y19,z19,x20,y20,z20,label
0.06663160771131516,0.913567066192627,-6.364900855260203e-07,0.14925262331962585,0.8704935908317566,-0.025901004672050476,0.21372686326503754,0.7463074922561646,-0.032513540238142014,0.19633996486663818,0.6650155782699585,-0.037569742649793625,0.15602260828018188,0.6429628133773804,-0.03522618114948273,0.14848360419273376,0.5812569856643677,-0.006127987522631884,0.20869717001914978,0.5799598693847656,-0.04085179418325424,0.20390315353870392,0.6768738031387329,-0.05567426607012749,0.1805654913187027,0.700222373008728,-0.06338809430599213,0.0854768231511116,0.5738204717636108,-0.010411995463073254,0.14881998300552368,0.608538031578064,-0.04468810558319092,0.1473735272884369,0.7203580737113953,-0.04844224080443382,0.1252000629901886,0.7266152501106262,-0.04431178793311119,0.030843298882246017,0.6019424200057983,-0.021409189328551292,0.0873379334807396,0.6599575877189636,-0.058606792241334915,0.09088993817567825,0.757395327091217,-0.04969075694680214,0.06915184110403061,0.7570962905883789,-0.03719453141093254,-0.018027760088443756,0.6466136574745178,-0.03497956320643425,0.03127201274037361,0.6974003314971924,-0.054823972284793854,0.03647866100072861,0.7668479681015015,-0.04533004388213158,0.015228528529405594,0.7681539058685303,-0.03417016938328743,1
0.12759846448898315,0.8189570903778076,-5.770021971329697e-07,0.21802081167697906,0.7705172896385193,-0.029978832229971886,0.294405460357666,0.6522702574729919,-0.03933628275990486,0.2703515887260437,0.5605357885360718,-0.045912355184555054,0.22769498825073242,0.5172972083091736,-0.04245120659470558,0.23925071954727173,0.5313169956207275,-0.017007509246468544,0.2834937274456024,0.45717960596084595,-0.057190902531147,0.2709002196788788,0.5712437629699707,-0.06517639011144638,0.24866074323654175,0.6001497507095337,-0.06488163024187088,0.1736479252576828,0.5249627828598022,-0.020558463409543037,0.22176183760166168,0.45762237906455994,-0.06472960114479065,0.21358641982078552,0.5969257950782776,-0.06359875202178955,0.1873868703842163,0.6077435612678528,-0.051656823605298996,0.11015693843364716,0.5324560403823853,-0.03101263754069805,0.15110452473163605,0.4829505980014801,-0.08270057290792465,0.15343758463859558,0.6148343086242676,-0.06258117407560349,0.12949702143669128,0.6239600777626038,-0.03660477325320244,0.04238203167915344,0.5498077869415283,-0.04244367033243179,0.08483309298753738,0.5122446417808533,-0.07097318768501282,0.0970642939209938,0.6056179404258728,-0.04839493706822395,0.07767752557992935,0.6222470998764038,-0.024490749463438988,1
0.1867838203907013,0.8671618103981018,4.563961226722313e-07,0.28013190627098083,0.7987895607948303,-0.037809379398822784,0.3579501807689667,0.6928608417510986,-0.05083589255809784,0.3453671336174011,0.6016021370887756,-0.06350445747375488,0.2826315760612488,0.5971640944480896,-0.07651866972446442,0.2926562428474426,0.5118722915649414,-0.006234678439795971,0.30982568860054016,0.40283384919166565,-0.02995005063712597,0.3248099088668823,0.3512609004974365,-0.057134199887514114,0.34312158823013306,0.3208744525909424,-0.07689343392848969,0.226108118891716,0.49251076579093933,-0.00922323577105999,0.22932551801204681,0.36276665329933167,-0.026582350954413414,0.23928405344486237,0.2967371344566345,-0.0523180328309536,0.25623321533203125,0.2613530457019806,-0.0735941082239151,0.16444048285484314,0.505768358707428,-0.0191342756152153,0.164513498544693,0.3823480010032654,-0.03987429291009903,0.17791268229484558,0.31961145997047424,-0.06516905874013901,0.20192167162895203,0.28833237290382385,-0.08436518162488937,0.09826331585645676,0.5465112328529358,-0.033473189920186996,0.07322444021701813,0.4473400413990021,-0.05166618525981903,0.08031244575977325,0.39525294303894043,-0.06402677297592163,0.10292945057153702,0.3680267930030823,-0.07419630885124207,1
0.15069755911827087,0.927681565284729,-5.709079005100648e-07,0.24540942907333374,0.8373193740844727,-0.013237285427749157,0.3118182420730591,0.7376891374588013,-0.023571666330099106,0.3190900683403015,0.6484182476997375,-0.04087038338184357,0.2944316267967224,0.5798752903938293,-0.05405927076935768,0.2679367661476135,0.5919589400291443,0.009530206210911274,0.30297863483428955,0.5012685656547546,-0.031437601894140244,0.31614547967910767,0.5941184163093567,-0.06131220981478691,0.3060368299484253,0.6746948957443237,-0.07304927706718445,0.21427078545093536,0.5857183933258057,-0.003515606513246894,0.24943241477012634,0.47344672679901123,-0.039966631680727005,0.26903367042541504,0.5779329538345337,-0.05639813840389252,0.2598475217819214,0.6664678454399109,-0.05855150520801544,0.1558203101158142,0.5926654934883118,-0.02308765985071659,0.1851949393749237,0.48784923553466797,-0.057631585747003555,0.21631138026714325,0.5822728872299194,-0.05537253990769386,0.2153606116771698,0.6676408052444458,-0.04318029060959816,0.08974865078926086,0.6148935556411743,-0.044678352773189545,0.11441772431135178,0.5093010663986206,-0.06633485108613968,0.15286792814731598,0.566728949546814,-0.05511556565761566,0.16429409384727478,0.6407806873321533,-0.039531122893095016,1
0.12922139465808868,0.9439435601234436,7.232097232190426e-07,0.23286530375480652,0.8768548965454102,-0.03823360428214073,0.31357520818710327,0.7516416311264038,-0.044509343802928925,0.3184587359428406,0.6300377249717712,-0.05023738369345665,0.2540416419506073,0.6236458420753479,-0.05531730502843857,0.2241169810295105,0.5754817128181458,0.014628160744905472,0.23902025818824768,0.4580322504043579,0.0005376159097068012,0.2543228268623352,0.39550864696502686,-0.02059020847082138,0.2777940034866333,0.3475644886493683,-0.03797679394483566,0.16368122398853302,0.5641812086105347,0.014310562051832676,0.160610169172287,0.43217742443084717,0.0017620439175516367,0.17488035559654236,0.3545546531677246,-0.02134162187576294,0.20250287652015686,0.29407548904418945,-0.03972267732024193,0.10765298455953598,0.5801336765289307,0.005680164322257042,0.10022272169589996,0.4545653462409973,-0.015256877057254314,0.12232416868209839,0.38111379742622375,-0.04129491746425629,0.1570884734392166,0.3372095823287964,-0.058739468455314636,0.04651668667793274,0.6173929572105408,-0.007955137640237808,0.03287056088447571,0.5127052068710327,-0.030252916738390923,0.04908101260662079,0.45362406969070435,-0.04636964574456215,0.08077163994312286,0.42013096809387207,-0.05755237862467766,1
0.129823237657547,0.9865965247154236,9.697879477243987e-07,0.24915793538093567,0.9379903078079224,-0.03806240111589432,0.34894922375679016,0.8574939966201782,-0.04742548614740372,0.4120667576789856,0.7729049324989319,-0.05631934106349945,0.41845351457595825,0.6960349678993225,-0.06336776167154312,0.2703460156917572,0.6307582259178162,0.008649650029838085,0.3195767402648926,0.5043284893035889,-0.007555065676569939,0.3504922389984131,0.42758551239967346,-0.029093515127897263,0.37737327814102173,0.36535462737083435,-0.044665511697530746,0.20074619352817535,0.6076133251190186,0.006507504265755415,0.22416068613529205,0.4509541690349579,-0.0034210446756333113,0.2450750172138214,0.35373175144195557,-0.024912212044000626,0.2646174728870392,0.27529287338256836,-0.04183869808912277,0.13280503451824188,0.6168793439865112,-0.004096452612429857,0.13985827565193176,0.4734272360801697,-0.02017221786081791,0.1542847752571106,0.38053807616233826,-0.04170137271285057,0.17170350253582,0.3017268180847168,-0.057093825191259384,0.06321027874946594,0.6519310474395752,-0.01977989263832569,0.05281452834606171,0.5424786806106567,-0.0393134243786335,0.050498366355895996,0.46695655584335327,-0.05077507346868515,0.05621601641178131,0.3969552218914032,-0.057892605662345886,1
0.20209753513336182,0.9358172416687012,9.608412483430584e-07,0.31893399357795715,0.8788918256759644,-0.036424968391656876,0.41677746176719666,0.7743692398071289,-0.04836929216980934,0.4636825621128082,0.6642593741416931,-0.06133488938212395,0.4070197641849518,0.629377007484436,-0.0741661861538887,0.3375406563282013,0.5590285658836365,0.007545444183051586,0.37536728382110596,0.42273592948913574,-0.01525810919702053,0.4047960042953491,0.3456348180770874,-0.04277007281780243,0.43760454654693604,0.2838160991668701,-0.06361941993236542,0.2713020145893097,0.5356670618057251,0.001973165664821863,0.2909729778766632,0.3812389671802521,-0.016373615711927414,0.31941670179367065,0.28896287083625793,-0.04326518997550011,0.3544560968875885,0.21373209357261658,-0.0643405169248581,0.2060576230287552,0.5441559553146362,-0.011628429405391216,0.21470755338668823,0.40315383672714233,-0.03209797665476799,0.2418079972267151,0.3181254267692566,-0.055224061012268066,0.27795934677124023,0.25318947434425354,-0.07225184887647629,0.13671569526195526,0.5773177146911621,-0.030654426664114,0.13802644610404968,0.46642395853996277,-0.049209531396627426,0.15321063995361328,0.3958268463611603,-0.06058894470334053,0.18284565210342407,0.3369770646095276,-0.06971488147974014,1
0.1848999559879303,0.9646165370941162,-5.213059353081917e-07,0.2835286259651184,0.88483726978302,-0.009550395421683788,0.36119329929351807,0.7719248533248901,-0.01890651322901249,0.3802340626716614,0.6844116449356079,-0.03711007535457611,0.33258599042892456,0.6675209999084473,-0.051714491099119186,0.3194878101348877,0.5984914898872375,0.011657226830720901,0.35828301310539246,0.4793250858783722,-0.03431802615523338,0.37378814816474915,0.5693520903587341,-0.06567917764186859,0.36666133999824524,0.6588261723518372,-0.07680723816156387,0.2606331706047058,0.5956707000732422,-0.005038815084844828,0.29402196407318115,0.4796532094478607,-0.05034415051341057,0.3144306242465973,0.6004415154457092,-0.06841369718313217,0.3106282651424408,0.7007884979248047,-0.06855172663927078,0.19560915231704712,0.6066012978553772,-0.02816055156290531,0.22827845811843872,0.500137984752655,-0.07045502960681915,0.26297706365585327,0.6165826320648193,-0.06977766007184982,0.26704880595207214,0.7183820009231567,-0.05542265996336937,0.12353554368019104,0.6348366737365723,-0.05300892889499664,0.16253434121608734,0.5419948101043701,-0.07949718832969666,0.203594371676445,0.6149253249168396,-0.07072479277849197,0.2173510491847992,0.6963586211204529,-0.05521073937416077,1
0.16997119784355164,0.9062868356704712,6.399891390174162e-07,0.27493762969970703,0.8513936400413513,-0.0325344055891037,0.35887759923934937,0.7269240021705627,-0.037555545568466187,0.3564218282699585,0.610336422920227,-0.04127549007534981,0.29448258876800537,0.5811285376548767,-0.04514602571725845,0.29665622115135193,0.5645613670349121,0.0008672521798871458,0.3279711604118347,0.44609805941581726,-0.02105589024722576,0.3569965362548828,0.3848867416381836,-0.04452384635806084,0.38850677013397217,0.33722564578056335,-0.06188163906335831,0.2408103197813034,0.541924774646759,-0.0020127722527831793,0.27304190397262573,0.4091731905937195,-0.017397288233041763,0.3048032522201538,0.33215656876564026,-0.037695057690143585,0.3376311957836151,0.271211713552475,-0.05373341962695122,0.18368402123451233,0.5463826060295105,-0.012244842015206814,0.20803022384643555,0.4140920341014862,-0.03151436150074005,0.23819462954998016,0.3306303918361664,-0.052299030125141144,0.2712175250053406,0.2626798748970032,-0.06756113469600677,0.11869161576032639,0.5716108083724976,-0.026629909873008728,0.12530896067619324,0.46415048837661743,-0.04440863057971001,0.13657715916633606,0.39101073145866394,-0.055515922605991364,0.1516660451889038,0.3229731023311615,-0.06477091461420059,1
0.16509146988391876,0.9096330404281616,7.987203503034834e-07,0.2715327739715576,0.8524197340011597,-0.028270568698644638,0.3551555573940277,0.7589936852455139,-0.03493628278374672,0.4026520252227783,0.672314465045929,-0.04273971542716026,0.38618117570877075,0.6163740158081055,-0.05036824569106102,0.2744443714618683,0.5576953291893005,0.007687426172196865,0.3087894916534424,0.43510279059410095,-0.011698706075549126,0.33516067266464233,0.3657701909542084,-0.036200448870658875,0.3620034158229828,0.3066166341304779,-0.05448334664106369,0.21235936880111694,0.542194664478302,0.0011790721910074353,0.22760631144046783,0.40202561020851135,-0.013669157400727272,0.24723729491233826,0.31234684586524963,-0.038992542773485184,0.26953572034835815,0.23773175477981567,-0.05935670807957649,0.1506052315235138,0.5541486740112305,-0.012198620475828648,0.16280710697174072,0.4191780090332031,-0.030890921130776405,0.1820511519908905,0.33355584740638733,-0.05450202524662018,0.20635095238685608,0.26115867495536804,-0.07198691368103027,0.08619536459445953,0.5891175270080566,-0.029470443725585938,0.07661519944667816,0.48623186349868774,-0.04978711158037186,0.07961837947368622,0.4165063798427582,-0.06276950985193253,0.09345535933971405,0.35208460688591003,-0.07193624973297119,1
0.15774965286254883,0.9368219375610352,6.325955155261909e-07,0.2632144093513489,0.8721082210540771,-0.03482329472899437,0.35483551025390625,0.7518469095230103,-0.0443359799683094,0.36353442072868347,0.6308197975158691,-0.05372064188122749,0.2975477874279022,0.6018823385238647,-0.06341292709112167,0.2845856547355652,0.5662616491317749,0.0066241431050002575,0.31498056650161743,0.45398929715156555,-0.016984397545456886,0.34258267283439636,0.4031189978122711,-0.04523150250315666,0.3754681944847107,0.3606416583061218,-0.0673820748925209,0.22712834179401398,0.5466387867927551,0.0015382565325126052,0.25377193093299866,0.4198843240737915,-0.016696061939001083,0.2817424535751343,0.3467566668987274,-0.04274584352970123,0.31384706497192383,0.2824498414993286,-0.06409072130918503,0.16789627075195312,0.5570029616355896,-0.011603220365941525,0.19091454148292542,0.42980170249938965,-0.03497830033302307,0.2183968424797058,0.3510860204696655,-0.05937813222408295,0.24867378175258636,0.28388336300849915,-0.07752297073602676,0.10005325078964233,0.5926819443702698,-0.029244929552078247,0.10999554395675659,0.4882519245147705,-0.05166423320770264,0.12510964274406433,0.41754597425460815,-0.06584689766168594,0.1434205174446106,0.3512863516807556,-0.07728099822998047,1
0.15663474798202515,0.9254484176635742,5.420873776529334e-07,0.255628764629364,0.8481544852256775,-0.032918065786361694,0.32847654819488525,0.7213035821914673,-0.040707699954509735,0.3158714175224304,0.6078139543533325,-0.04829153046011925,0.24879740178585052,0.5763628482818604,-0.056901950389146805,0.2800263464450836,0.5604708194732666,-0.0011088523315265775,0.3020972013473511,0.4309422969818115,-0.020754439756274223,0.31003981828689575,0.3542691171169281,-0.044096048921346664,0.3120574951171875,0.2945396304130554,-0.06279336661100388,0.22334367036819458,0.5493033528327942,-0.005692572798579931,0.2504001259803772,0.4099505841732025,-0.026130327954888344,0.2671649158000946,0.3361843228340149,-0.05199600011110306,0.2760595679283142,0.28612229228019714,-0.07279606908559799,0.16403260827064514,0.5641826391220093,-0.016382256522774696,0.1846814751625061,0.4248092770576477,-0.04518277943134308,0.21488092839717865,0.3893490135669708,-0.06853308528661728,0.23504170775413513,0.39217013120651245,-0.08333048969507217,0.09215837717056274,0.5980436205863953,-0.030666718259453773,0.09960436075925827,0.4844816327095032,-0.06002943217754364,0.13544195890426636,0.4578438997268677,-0.0745370015501976,0.16994360089302063,0.46954160928726196,-0.08368368446826935,1
0.154410719871521,0.9542874097824097,-5.806276135444932e-07,0.25985726714134216,0.8604524731636047,-0.01916065625846386,0.32165318727493286,0.7288528680801392,-0.03453950211405754,0.2712242007255554,0.6353366374969482,-0.05530008301138878,0.2018728256225586,0.5997404456138611,-0.06992881000041962,0.2999076843261719,0.596895158290863,0.0033714361488819122,0.33050742745399475,0.5140902996063232,-0.043927937746047974,0.31939226388931274,0.6163652539253235,-0.07324740290641785,0.30009758472442627,0.6797610521316528,-0.08728788048028946,0.2323037087917328,0.588201642036438,-0.011746480129659176,0.2738827168941498,0.49085888266563416,-0.061116334050893784,0.27235662937164307,0.6161237359046936,-0.0768255889415741,0.2542228102684021,0.6797518730163574,-0.07644705474376678,0.16211852431297302,0.5965719819068909,-0.03401792794466019,0.1966073215007782,0.48964831233024597,-0.08665552735328674,0.21293582022190094,0.6213374137878418,-0.07889783382415771,0.2014455944299698,0.6924564242362976,-0.06046919524669647,0.08488122373819351,0.6253146529197693,-0.05758929252624512,0.13370388746261597,0.5660154223442078,-0.09280499815940857,0.16213902831077576,0.6582436561584473,-0.07963039726018906,0.15956959128379822,0.7141922116279602,-0.06122325360774994,1
0.11741603910923004,0.940885066986084,8.447327672911342e-07,0.227134108543396,0.8880453109741211,-0.031264495104551315,0.32331711053848267,0.7920575141906738,-0.04294901341199875,0.37136170268058777,0.6963920593261719,-0.05480140447616577,0.33168482780456543,0.6490898132324219,-0.0674576610326767,0.2513986825942993,0.5843648314476013,-0.011802072636783123,0.2947391867637634,0.4536251425743103,-0.03883104771375656,0.3271197974681854,0.3763149082660675,-0.06609920412302017,0.35931554436683655,0.3113569915294647,-0.08616313338279724,0.18893839418888092,0.5615116357803345,-0.02135864645242691,0.22424277663230896,0.4080265462398529,-0.042273588478565216,0.25520578026771545,0.3090263605117798,-0.06887484341859818,0.28583991527557373,0.22560426592826843,-0.09039904922246933,0.12138444930315018,0.5695326924324036,-0.0372917465865612,0.14648422598838806,0.41874638199806213,-0.06186005100607872,0.17168372869491577,0.32050246000289917,-0.09081525355577469,0.2010083794593811,0.2374373972415924,-0.11266455799341202,0.04789932072162628,0.6027915477752686,-0.056775666773319244,0.03420481085777283,0.4921236038208008,-0.0838252529501915,0.02679598331451416,0.4109840989112854,-0.10303487628698349,0.027271971106529236,0.3329821527004242,-0.11739709228277206,1
0.13165195286273956,0.9728683829307556,-6.058268127162592e-07,0.23304787278175354,0.8821300864219666,-0.018059194087982178,0.2983560860157013,0.7500780820846558,-0.03331642970442772,0.25530946254730225,0.6560243368148804,-0.053867656737565994,0.18794873356819153,0.6287246346473694,-0.0691821426153183,0.2679155468940735,0.6154546737670898,-0.005405043251812458,0.29597657918930054,0.5198875069618225,-0.05033573880791664,0.29596468806266785,0.6294291615486145,-0.0763934776186943,0.285134881734848,0.7060308456420898,-0.08727943152189255,0.19904488325119019,0.6148219704627991,-0.019764993339776993,0.23185995221138,0.5190228223800659,-0.06573330610990524,0.24055050313472748,0.6494308710098267,-0.07923509180545807,0.22923050820827484,0.7233399152755737,-0.07834529131650925,0.13007280230522156,0.6298893094062805,-0.04024594649672508,0.15590354800224304,0.5259893536567688,-0.08550895750522614,0.18232645094394684,0.6527860164642334,-0.07676136493682861,0.18055130541324615,0.729993999004364,-0.05942199006676674,0.05534839630126953,0.6645479202270508,-0.062233660370111465,0.08803528547286987,0.5847889184951782,-0.09035880863666534,0.12645046412944794,0.6675066947937012,-0.0759684145450592,0.13780759274959564,0.7306733131408691,-0.05818440020084381,1
0.20555460453033447,0.9382411241531372,-5.296314498082211e-07,0.3003315031528473,0.8686179518699646,-0.027445068582892418,0.3662954866886139,0.7252659797668457,-0.03717687353491783,0.3653908371925354,0.6310466527938843,-0.049328580498695374,0.35837650299072266,0.5546575784683228,-0.05111408233642578,0.32866713404655457,0.5859723091125488,0.00613179337233305,0.3801702857017517,0.5417401194572449,-0.044047761708498,0.3703921437263489,0.651497483253479,-0.0679146945476532,0.3404472768306732,0.6948544979095459,-0.07763448357582092,0.26638472080230713,0.5750163197517395,-0.003721910063177347,0.3281177878379822,0.5352146625518799,-0.05909452959895134,0.3237628638744354,0.6731960773468018,-0.07030435651540756,0.29324114322662354,0.6998574733734131,-0.06506183743476868,0.2010733187198639,0.5863311886787415,-0.023202627897262573,0.2625030279159546,0.5421543121337891,-0.08481992781162262,0.26726484298706055,0.6843445897102356,-0.07023247331380844,0.234968900680542,0.7122620940208435,-0.04623677209019661,0.13183538615703583,0.6186502575874329,-0.044708482921123505,0.20341898500919342,0.6124763488769531,-0.08679521828889847,0.20926006138324738,0.7096081972122192,-0.07260150462388992,0.17562483251094818,0.7256340980529785,-0.05224641039967537,1
0.19036374986171722,0.9172773361206055,-3.27922521137225e-07,0.28640735149383545,0.8423668146133423,-0.026560230180621147,0.34928229451179504,0.7032418847084045,-0.042744532227516174,0.30601340532302856,0.6164382696151733,-0.06074337661266327,0.24978376924991608,0.5711966156959534,-0.07178623974323273,0.3211483955383301,0.5904706716537476,-0.009070693515241146,0.3484773635864258,0.4985167384147644,-0.05177417770028114,0.35319286584854126,0.590512752532959,-0.07725988328456879,0.33617454767227173,0.6678150296211243,-0.08819801360368729,0.25661519169807434,0.5815543532371521,-0.01778360828757286,0.2979031205177307,0.4845558702945709,-0.066276416182518,0.3064366281032562,0.6020371913909912,-0.08385977149009705,0.2855320870876312,0.6772674322128296,-0.08444138616323471,0.18981963396072388,0.5869675874710083,-0.03298288211226463,0.23028351366519928,0.4702080488204956,-0.08270253986120224,0.2500176429748535,0.5943818688392639,-0.07677674293518066,0.2341841757297516,0.6659204959869385,-0.06122607737779617,0.11767980456352234,0.6134264469146729,-0.04998648911714554,0.17993423342704773,0.5671787261962891,-0.08862534165382385,0.1998814046382904,0.6596512198448181,-0.08067156374454498,0.1834063082933426,0.7097935676574707,-0.0665132999420166,1
0.16555267572402954,0.9271352887153625,1.4052393915164885e-08,0.26713648438453674,0.8684764504432678,-0.025585230439901352,0.3461341857910156,0.746315598487854,-0.03283165022730827,0.3424990177154541,0.6282263994216919,-0.042633891105651855,0.27859342098236084,0.6022422909736633,-0.050851970911026,0.29613929986953735,0.5795067548751831,0.006073284894227982,0.3204287588596344,0.4465545117855072,-0.025807738304138184,0.3406005799770355,0.46640777587890625,-0.0577673576772213,0.34140992164611816,0.5281211733818054,-0.0741882175207138,0.23989635705947876,0.5646990537643433,0.0013491339050233364,0.261868953704834,0.4124806225299835,-0.021452734246850014,0.28985467553138733,0.42435160279273987,-0.048661407083272934,0.29413747787475586,0.48429274559020996,-0.06589909642934799,0.1801719069480896,0.5694882869720459,-0.009836218319833279,0.19968660175800323,0.4231749176979065,-0.0327129140496254,0.2310556024312973,0.44056645035743713,-0.05135244503617287,0.23686282336711884,0.5059119462966919,-0.061218567192554474,0.11054481565952301,0.588916003704071,-0.02424127422273159,0.12128245085477829,0.463240385055542,-0.04136824235320091,0.14878123998641968,0.4605938196182251,-0.047332488000392914,0.160363107919693,0.5015220642089844,-0.05010182410478592,1
0.10111331194639206,0.8215189576148987,-5.695436584574054e-07,0.18384598195552826,0.7703160643577576,-0.016208617016673088,0.2577688694000244,0.6611678004264832,-0.01937529258430004,0.2545228600502014,0.5759797096252441,-0.022961612790822983,0.2324712872505188,0.5244367718696594,-0.018204348161816597,0.2214391827583313,0.5479896068572998,-0.009564590640366077,0.2547222673892975,0.46045130491256714,-0.04656843841075897,0.24477016925811768,0.564877450466156,-0.0552886538207531,0.22799691557884216,0.6060656309127808,-0.05440409854054451,0.1596875786781311,0.5401313304901123,-0.01797601208090782,0.19783052802085876,0.45523911714553833,-0.05727106332778931,0.19371384382247925,0.5807597041130066,-0.05720522999763489,0.1738772690296173,0.6079628467559814,-0.04711860790848732,0.09799224138259888,0.5461229085922241,-0.03149489313364029,0.13084471225738525,0.46857142448425293,-0.07758385688066483,0.1374896764755249,0.593277096748352,-0.05821550637483597,0.12129156291484833,0.621797502040863,-0.033549439162015915,0.02977074682712555,0.5646026134490967,-0.044915005564689636,0.06870437413454056,0.5105789303779602,-0.07284073531627655,0.08468472212553024,0.599147617816925,-0.05144127085804939,0.0737224817276001,0.6294231414794922,-0.028081251308321953,1
0.0996519923210144,0.9157283306121826,-6.173780775498017e-07,0.19238919019699097,0.8715811967849731,-0.02942393161356449,0.28321224451065063,0.7558621168136597,-0.039075203239917755,0.2795965373516083,0.6614985466003418,-0.046837761998176575,0.24358034133911133,0.6117287874221802,-0.04445653036236763,0.23729905486106873,0.6051343083381653,-0.012101893313229084,0.29434531927108765,0.5618988275527954,-0.04953020066022873,0.2701765298843384,0.6748493909835815,-0.05762867256999016,0.24149557948112488,0.6908847093582153,-0.05939716845750809,0.17023280262947083,0.5896010398864746,-0.017407983541488647,0.23190486431121826,0.5582266449928284,-0.059662919491529465,0.21251551806926727,0.6970861554145813,-0.058930084109306335,0.18305698037147522,0.6973149180412292,-0.04880804941058159,0.10378190875053406,0.5927058458328247,-0.029704798012971878,0.15637539327144623,0.5695205926895142,-0.08088313788175583,0.1496553272008896,0.7038905024528503,-0.06198875606060028,0.12065964937210083,0.7090756297111511,-0.03813987597823143,0.03496304154396057,0.6078851222991943,-0.04314320161938667,0.08934461325407028,0.5873605608940125,-0.07331640273332596,0.09402681887149811,0.6827285885810852,-0.05222868546843529,0.0688326433300972,0.6955154538154602,-0.02946021966636181,1
0.3651670515537262,0.8437369465827942,-5.215257488089264e-07,0.4733158051967621,0.7617931365966797,-0.026979852467775345,0.5438600182533264,0.6181533336639404,-0.03902148827910423,0.5509757995605469,0.522333025932312,-0.05305596813559532,0.5560548901557922,0.4503139555454254,-0.056167542934417725,0.4637022316455841,0.46923136711120605,-0.004690172150731087,0.5258045196533203,0.40163928270339966,-0.05678299441933632,0.5257962346076965,0.523787260055542,-0.075144462287426,0.5017320513725281,0.5724550485610962,-0.08007318526506424,0.39821764826774597,0.46466290950775146,-0.01593584381043911,0.47543659806251526,0.3935064673423767,-0.07614828646183014,0.4755411446094513,0.5477135181427002,-0.08455079793930054,0.4403752386569977,0.5817728638648987,-0.07472742348909378,0.3334149122238159,0.4821811318397522,-0.0355619341135025,0.4066343605518341,0.4321179986000061,-0.09962794929742813,0.4145706295967102,0.5813781023025513,-0.08168162405490875,0.37615689635276794,0.6097084283828735,-0.0536021925508976,0.266401469707489,0.5199149250984192,-0.05668529123067856,0.3446272611618042,0.4989354610443115,-0.09559688717126846,0.3570350706577301,0.5993793606758118,-0.07586276531219482,0.3200267255306244,0.6218483448028564,-0.05117493122816086,1
0.3322785496711731,0.8400425314903259,1.0596008905849885e-06,0.4370521306991577,0.765985369682312,-0.04229683801531792,0.5198735594749451,0.6608346700668335,-0.06205808371305466,0.5610842704772949,0.5711383819580078,-0.08206135034561157,0.5729984641075134,0.5236086249351501,-0.10105274617671967,0.4184645712375641,0.4622207283973694,-0.010895095765590668,0.45613420009613037,0.3304065465927124,-0.03445645049214363,0.4819902181625366,0.2482399046421051,-0.056827813386917114,0.5042598843574524,0.18459957838058472,-0.07252664864063263,0.3468080461025238,0.45197850465774536,-0.014285299926996231,0.35454389452934265,0.30234041810035706,-0.030843909829854965,0.36345624923706055,0.20546996593475342,-0.04979735612869263,0.37438854575157166,0.12426915764808655,-0.06378474831581116,0.28134816884994507,0.47508704662323,-0.02584996446967125,0.2586849331855774,0.3364241123199463,-0.045439720153808594,0.25060340762138367,0.2403322160243988,-0.06584743410348892,0.25235608220100403,0.15540659427642822,-0.08062155544757843,0.21911177039146423,0.5300086140632629,-0.04263297840952873,0.16637836396694183,0.4450055956840515,-0.06361768394708633,0.1367204785346985,0.3775287866592407,-0.07548648864030838,0.12017807364463806,0.3122853934764862,-0.08315481245517731,1
0.6421380639076233,0.866005003452301,-1.4043610008229734e-06,0.5381362438201904,0.8002007603645325,-0.01008240319788456,0.4659193754196167,0.6212512254714966,-0.006476328242570162,0.4569821059703827,0.4946581721305847,-0.010695008561015129,0.4475470781326294,0.40740370750427246,-0.006515211891382933,0.5291858911514282,0.452923983335495,0.027006156742572784,0.46265971660614014,0.36258384585380554,-0.035164929926395416,0.45559394359588623,0.4879392683506012,-0.061404306441545486,0.4782865047454834,0.5603893995285034,-0.06624481081962585,0.5977576971054077,0.45046108961105347,0.007927235215902328,0.5266247391700745,0.36360758543014526,-0.05791771784424782,0.5175256729125977,0.5264841914176941,-0.0605294443666935,0.5511716604232788,0.575329601764679,-0.04008166491985321,0.6694142818450928,0.4743756651878357,-0.02324451319873333,0.6043665409088135,0.40911275148391724,-0.0911063551902771,0.5918075442314148,0.5729063153266907,-0.06482595205307007,0.6222713589668274,0.6132026314735413,-0.026234962046146393,0.7411154508590698,0.513031005859375,-0.056492649018764496,0.6759731769561768,0.48116207122802734,-0.09486674517393112,0.654759407043457,0.5922818183898926,-0.07419221848249435,0.6788719296455383,0.618668794631958,-0.046269360929727554,1
0.6990940570831299,0.9489365816116333,1.000239990389673e-06,0.5675205588340759,0.8865092992782593,-0.07350876927375793,0.4363687038421631,0.7754294276237488,-0.1181342601776123,0.3194713294506073,0.7112541198730469,-0.15866638720035553,0.21603268384933472,0.6765664219856262,-0.19998738169670105,0.5329535603523254,0.4721743166446686,-0.062388692051172256,0.47168076038360596,0.29946571588516235,-0.1164017766714096,0.4301183819770813,0.190372496843338,-0.16131579875946045,0.39689600467681885,0.09464001655578613,-0.19392219185829163,0.6312550902366638,0.435451865196228,-0.0700836107134819,0.6082061529159546,0.21595078706741333,-0.10781417042016983,0.5899251103401184,0.07903903722763062,-0.14092789590358734,0.5762465596199036,-0.03213036060333252,-0.16593779623508453,0.7287784218788147,0.4599413573741913,-0.08918397128582001,0.7421261668205261,0.25166457891464233,-0.13434749841690063,0.7410725355148315,0.12573888897895813,-0.1602122187614441,0.7359894514083862,0.015131533145904541,-0.1775863915681839,0.8216330409049988,0.5354394316673279,-0.1159951314330101,0.8726544976234436,0.40824800729751587,-0.15804608166217804,0.8938981294631958,0.31326812505722046,-0.17194680869579315,0.9094737768173218,0.22451567649841309,-0.17961204051971436,1
0.6773506999015808,0.9369193315505981,1.0122683988811332e-06,0.5558854341506958,0.8778594732284546,-0.08383101969957352,0.44961708784103394,0.7593437433242798,-0.13342563807964325,0.3812165856361389,0.6447723507881165,-0.17776699364185333,0.4100973308086395,0.5777389407157898,-0.21935950219631195,0.5226377248764038,0.4644837975502014,-0.0506754107773304,0.4776206314563751,0.2931264042854309,-0.10357315838336945,0.43590542674064636,0.1869284212589264,-0.1490219086408615,0.40367093682289124,0.09315332770347595,-0.1820269376039505,0.6162776947021484,0.4315856397151947,-0.048164285719394684,0.6042488813400269,0.22557249665260315,-0.08393697440624237,0.5887510776519775,0.09692654013633728,-0.11209720373153687,0.5769948959350586,-0.014133691787719727,-0.13197436928749084,0.7073359489440918,0.4501127600669861,-0.05904769524931908,0.7211173176765442,0.2623431086540222,-0.09450817853212357,0.7241425514221191,0.1419433057308197,-0.10694121569395065,0.7225585579872131,0.040036171674728394,-0.1139957532286644,0.7935250997543335,0.5125740170478821,-0.08026892691850662,0.8281990885734558,0.37593621015548706,-0.10617486387491226,0.8420095443725586,0.28557875752449036,-0.10755644738674164,0.8492778539657593,0.20456936955451965,-0.1066027507185936,1
0.6838585138320923,0.9452365636825562,6.134636691967899e-07,0.5700387358665466,0.8735314607620239,-0.051280513405799866,0.4829789400100708,0.7135820388793945,-0.07066089659929276,0.539717972278595,0.591160774230957,-0.08878563344478607,0.6578574180603027,0.5736392140388489,-0.10553092509508133,0.5133705139160156,0.47398990392684937,-0.008247960358858109,0.4815503656864166,0.31839877367019653,-0.0299373809248209,0.45691847801208496,0.22931447625160217,-0.05637112632393837,0.4286530017852783,0.15522024035453796,-0.08091763406991959,0.5957204699516296,0.44534599781036377,-0.013502286747097969,0.5803788900375366,0.2604917585849762,-0.02687937580049038,0.5688949823379517,0.15212762355804443,-0.04837237298488617,0.5571550726890564,0.06172308325767517,-0.06563109904527664,0.6777797341346741,0.4650854766368866,-0.02873256243765354,0.6537177562713623,0.2937156558036804,-0.051762502640485764,0.6347826719284058,0.18656912446022034,-0.07994020730257034,0.6174843311309814,0.09325847029685974,-0.10241115838289261,0.7627559900283813,0.5194521546363831,-0.05082239583134651,0.7660158276557922,0.4324876070022583,-0.07700363546609879,0.7635113000869751,0.40870755910873413,-0.08803766220808029,0.7647411823272705,0.39643192291259766,-0.09644300490617752,1
0.6744349598884583,0.9361955523490906,-1.349187641608296e-06,0.571098268032074,0.8395751714706421,-0.01802120730280876,0.4902900159358978,0.6663768291473389,-0.029695015400648117,0.4629274010658264,0.5257611870765686,-0.052295275032520294,0.4579736590385437,0.41939425468444824,-0.06832063943147659,0.5466951727867126,0.45245033502578735,0.02311260625720024,0.5228539109230042,0.29859238862991333,-0.04363911971449852,0.5017988085746765,0.3909667730331421,-0.08771836757659912,0.5018889307975769,0.4859899878501892,-0.10589910298585892,0.617340624332428,0.4603401720523834,0.00294774048961699,0.5783478021621704,0.34580516815185547,-0.06518181413412094,0.5588138103485107,0.48400363326072693,-0.08849038183689117,0.5664972066879272,0.5784734487533569,-0.08658509701490402,0.6907732486724854,0.4870402216911316,-0.028844553977251053,0.6467524766921997,0.3837655782699585,-0.09430419653654099,0.6191573739051819,0.5145144462585449,-0.08595254272222519,0.6198291182518005,0.6023964881896973,-0.061706576496362686,0.766639769077301,0.5321650505065918,-0.06325464695692062,0.7260260581970215,0.4310583174228668,-0.0996515303850174,0.6925870180130005,0.521159827709198,-0.08249614387750626,0.6894044280052185,0.5957831144332886,-0.05772407352924347,1
0.6667498350143433,0.9409005641937256,-1.4217968100638245e-06,0.5573654174804688,0.8356021642684937,-0.027126366272568703,0.4833758473396301,0.6657578945159912,-0.04190416261553764,0.45900028944015503,0.5274611115455627,-0.0654953122138977,0.4581560492515564,0.41184449195861816,-0.08040561527013779,0.529942512512207,0.49980998039245605,0.02478509582579136,0.47793588042259216,0.37392544746398926,-0.04605875164270401,0.46816444396972656,0.5005465745925903,-0.08635647594928741,0.48642027378082275,0.5910177230834961,-0.10075069963932037,0.6018958687782288,0.5011487007141113,0.007999778725206852,0.545896053314209,0.3716434836387634,-0.06324145197868347,0.528389573097229,0.5264570116996765,-0.08048537373542786,0.5482920408248901,0.6050478219985962,-0.07199743390083313,0.6812249422073364,0.524055540561676,-0.022654952481389046,0.6318864822387695,0.4014858603477478,-0.0977683812379837,0.603637158870697,0.560282289981842,-0.08147851377725601,0.6135558485984802,0.6427953243255615,-0.0485355444252491,0.7656024694442749,0.5643470883369446,-0.05656025558710098,0.7156639695167542,0.4800223708152771,-0.09992274641990662,0.6804080009460449,0.5956174731254578,-0.08025231957435608,0.6848887205123901,0.6661304831504822,-0.05237606167793274,1
0.6589084267616272,0.9227570295333862,-1.3548618653658195e-06,0.5411890745162964,0.8426706790924072,-0.016599422320723534,0.47897350788116455,0.669318437576294,-0.02476729080080986,0.5039166212081909,0.5443562865257263,-0.041400276124477386,0.5379143357276917,0.4568309187889099,-0.04964054003357887,0.5107234716415405,0.5037321448326111,0.018191736191511154,0.45664799213409424,0.3928743600845337,-0.04900481179356575,0.45778509974479675,0.5355943441390991,-0.08174200356006622,0.48552316427230835,0.6159802079200745,-0.09067545086145401,0.583798348903656,0.4956243634223938,-0.0007019606418907642,0.5304607152938843,0.36906594038009644,-0.07298742979764938,0.5248956680297852,0.5479078888893127,-0.08076411485671997,0.5593408942222595,0.6201696991920471,-0.061958979815244675,0.6637006998062134,0.5134814381599426,-0.031141269952058792,0.6201871633529663,0.3913431465625763,-0.09801121801137924,0.6029415726661682,0.5671781301498413,-0.06932533532381058,0.6261590719223022,0.6362113356590271,-0.027552546933293343,0.7462370991706848,0.5483880043029785,-0.06451092660427094,0.7017590999603271,0.4669310450553894,-0.09514245390892029,0.670737624168396,0.58465975522995,-0.06646102666854858,0.6815531253814697,0.6362749338150024,-0.03307294100522995,1
0.6493420600891113,0.9173227548599243,-1.3759287185166613e-06,0.5353270173072815,0.8369191884994507,-0.015585492365062237,0.4671138525009155,0.6596465110778809,-0.019620802253484726,0.4709704518318176,0.5373589396476746,-0.030956942588090897,0.4864620864391327,0.45250239968299866,-0.03363357484340668,0.516677737236023,0.4855300188064575,0.018924077972769737,0.45183202624320984,0.4000853896141052,-0.04385021701455116,0.4525105357170105,0.5370100736618042,-0.07139518111944199,0.48182016611099243,0.6077845096588135,-0.0781625285744667,0.5914135575294495,0.47887998819351196,0.0006956615834496915,0.5243459343910217,0.39249658584594727,-0.06524477899074554,0.519847571849823,0.563961386680603,-0.06832459568977356,0.5574588179588318,0.6098776459693909,-0.04924292117357254,0.6721528172492981,0.5019534826278687,-0.029189057648181915,0.6148863434791565,0.4260216951370239,-0.09335659444332123,0.601076602935791,0.5914610624313354,-0.0640949010848999,0.6306153535842896,0.6301583647727966,-0.02481743134558201,0.7540237307548523,0.540867030620575,-0.06192334368824959,0.6976398229598999,0.490624338388443,-0.09295227378606796,0.6699107885360718,0.6038153767585754,-0.06594450771808624,0.6879774332046509,0.6357874870300293,-0.0348261334002018,1
0.6455883979797363,0.9037328958511353,-1.3733310879615601e-06,0.5335961580276489,0.8390500545501709,-0.014917843975126743,0.45186686515808105,0.673158586025238,-0.020770680159330368,0.44361427426338196,0.5422362685203552,-0.033792611211538315,0.4670196771621704,0.4580700993537903,-0.038885198533535004,0.5067894458770752,0.4899539351463318,0.014666130766272545,0.43729299306869507,0.4064449071884155,-0.049072202295064926,0.4398781657218933,0.5391262769699097,-0.07763177156448364,0.46832263469696045,0.6135992407798767,-0.08516120165586472,0.5831473469734192,0.48291468620300293,-0.0037543962243944407,0.5081582069396973,0.4114055931568146,-0.06790216267108917,0.5080610513687134,0.5779404640197754,-0.06891568005084991,0.5438905358314514,0.6263270974159241,-0.050128184258937836,0.6644940376281738,0.5032411217689514,-0.03374974802136421,0.5973621606826782,0.4413164258003235,-0.09942697733640671,0.590610146522522,0.6059184074401855,-0.06851185858249664,0.6204403638839722,0.6473830342292786,-0.028799006715416908,0.746509313583374,0.5407181978225708,-0.06630053371191025,0.6850289702415466,0.4969511926174164,-0.10032511502504349,0.6627341508865356,0.6142182946205139,-0.0728488564491272,0.6813365817070007,0.648645281791687,-0.04131942614912987,1
0.6420055031776428,0.9121122360229492,-1.4364634353114525e-06,0.5347986817359924,0.8506760597229004,-0.013365010730922222,0.45204415917396545,0.6841159462928772,-0.016311518847942352,0.44267356395721436,0.5566985011100769,-0.027490925043821335,0.4694511592388153,0.4789063334465027,-0.030097367241978645,0.5101487040519714,0.4924048185348511,0.02375357411801815,0.4361628293991089,0.4124046564102173,-0.039347123354673386,0.43557706475257874,0.5464304089546204,-0.06752950698137283,0.463922917842865,0.6216413378715515,-0.07529338449239731,0.5836795568466187,0.48404648900032043,0.003429081756621599,0.5021236538887024,0.4157969355583191,-0.06421902775764465,0.5009498000144958,0.5859788656234741,-0.06774020195007324,0.5390991568565369,0.633188784122467,-0.04850297421216965,0.6637874245643616,0.5037038326263428,-0.02910664863884449,0.587228000164032,0.45368415117263794,-0.095940500497818,0.5818445086479187,0.6208938956260681,-0.0673542469739914,0.6161327958106995,0.6550765633583069,-0.02827695943415165,0.7447798848152161,0.5418274998664856,-0.06456885486841202,0.6750316023826599,0.5153582096099854,-0.09911535680294037,0.6550200581550598,0.6300991177558899,-0.07487360388040543,0.6792585253715515,0.6546491384506226,-0.04547309875488281,1
0.6353015899658203,0.9145071506500244,-1.4326117252494441e-06,0.5280763506889343,0.8482978940010071,-0.019109440967440605,0.4474804997444153,0.6849594712257385,-0.025791868567466736,0.4326290190219879,0.5612010955810547,-0.03928425535559654,0.44483059644699097,0.4742584824562073,-0.04324489086866379,0.5087306499481201,0.4784635603427887,0.018359407782554626,0.42893141508102417,0.4156492352485657,-0.0492679663002491,0.43124207854270935,0.5551539659500122,-0.0807759016752243,0.46206915378570557,0.6278425455093384,-0.09016216546297073,0.5864308476448059,0.47214359045028687,-0.0003473637334536761,0.49964654445648193,0.4275393486022949,-0.07112948596477509,0.4991186559200287,0.6008056998252869,-0.0754648894071579,0.5360880494117737,0.6454881429672241,-0.05702972784638405,0.6660523414611816,0.4955601096153259,-0.032171495258808136,0.5801286697387695,0.4705869257450104,-0.10194896906614304,0.5753735899925232,0.6381523013114929,-0.07377777248620987,0.6100339889526367,0.6695435047149658,-0.03491248935461044,0.7439694404602051,0.5389302968978882,-0.06756538152694702,0.6661984920501709,0.5349091291427612,-0.1049778014421463,0.6482569575309753,0.6488028764724731,-0.08248531073331833,0.6746949553489685,0.6693724393844604,-0.053583476692438126,1
0.6352304816246033,0.9224830865859985,-1.381248807774682e-06,0.526551365852356,0.8541352152824402,-0.027419498190283775,0.44486701488494873,0.6910685896873474,-0.03743893280625343,0.42401832342147827,0.565865695476532,-0.05200951546430588,0.43831998109817505,0.4721181392669678,-0.0552283450961113,0.5070552229881287,0.4766687750816345,0.013690165244042873,0.4286063611507416,0.42895087599754333,-0.05467658489942551,0.43411576747894287,0.5731868743896484,-0.08704142272472382,0.4656417965888977,0.6327652931213379,-0.09807436168193817,0.5856818556785583,0.4719529151916504,-0.00180019810795784,0.49837034940719604,0.4373140335083008,-0.0742877796292305,0.49788030982017517,0.6111466288566589,-0.07893123477697372,0.5356225371360779,0.650702953338623,-0.06046200171113014,0.6641370058059692,0.49880844354629517,-0.03109743446111679,0.5793989896774292,0.48682963848114014,-0.10162268579006195,0.574061930179596,0.652523398399353,-0.07277195155620575,0.6101447939872742,0.6783443093299866,-0.03302081301808357,0.7399412393569946,0.5472738146781921,-0.06504843384027481,0.6625378727912903,0.5551497936248779,-0.10190778970718384,0.6445561647415161,0.6655446290969849,-0.07966424524784088,0.672179639339447,0.6815496683120728,-0.05075014755129814,1
0.6413465142250061,0.9328716993331909,-1.348321006844344e-06,0.5331423282623291,0.8624778985977173,-0.026463350281119347,0.4542778730392456,0.6984617710113525,-0.03675604611635208,0.43554970622062683,0.5832085013389587,-0.051970697939395905,0.4598779082298279,0.5071284174919128,-0.05599081143736839,0.5170162916183472,0.4803828299045563,0.010927039198577404,0.42911356687545776,0.4363721013069153,-0.0558428093791008,0.4304819405078888,0.5797905325889587,-0.08719480782747269,0.4620373845100403,0.6365359425544739,-0.09864763915538788,0.5940444469451904,0.47619831562042236,-0.006348045542836189,0.4980775713920593,0.4469810724258423,-0.07838330417871475,0.4944365322589874,0.6199325919151306,-0.08306791633367538,0.5344255566596985,0.6559901237487793,-0.06518508493900299,0.6723934412002563,0.5074500441551208,-0.03691144660115242,0.581565797328949,0.5037620067596436,-0.10563743859529495,0.5744717121124268,0.6659266948699951,-0.07718996703624725,0.6140425205230713,0.6872051954269409,-0.038811564445495605,0.7468307018280029,0.5609067678451538,-0.07227461040019989,0.6674230694770813,0.5734886527061462,-0.10764304548501968,0.6485267877578735,0.6803975105285645,-0.08549705147743225,0.6790478229522705,0.6957687139511108,-0.05737948790192604,1
0.6452741622924805,0.9373809695243835,-1.3308991810845328e-06,0.5347288846969604,0.8670204877853394,-0.025329120457172394,0.4564199447631836,0.7037786245346069,-0.03580382466316223,0.4456340968608856,0.5880909562110901,-0.051505543291568756,0.4730139672756195,0.511701762676239,-0.056296903640031815,0.5187954902648926,0.481722354888916,0.010835167951881886,0.4311210513114929,0.43876323103904724,-0.05719109997153282,0.4350705146789551,0.580558180809021,-0.09052206575870514,0.467027485370636,0.6444072127342224,-0.10260514914989471,0.5960711240768433,0.4770306944847107,-0.006526547018438578,0.4994751214981079,0.4553816318511963,-0.07927683740854263,0.4995787441730499,0.6262597441673279,-0.08568510413169861,0.5378183722496033,0.6679470539093018,-0.0690365806221962,0.6729030013084412,0.5076481699943542,-0.03702181205153465,0.5806600451469421,0.5113420486450195,-0.10568826645612717,0.5761268734931946,0.6736706495285034,-0.078724704682827,0.6130121350288391,0.6997249722480774,-0.04132510721683502,0.743979811668396,0.5615131258964539,-0.07220453768968582,0.6647382974624634,0.58499675989151,-0.10634402185678482,0.6483928561210632,0.6896016597747803,-0.08499462902545929,0.6775306463241577,0.702387273311615,-0.057695694267749786,1
0.6490165591239929,0.945648193359375,-1.4254472944230656e-06,0.5395697951316833,0.874780535697937,-0.021832847967743874,0.46161049604415894,0.7079505920410156,-0.02958824299275875,0.4546351432800293,0.5899351835250854,-0.04292765259742737,0.4801410436630249,0.5188184976577759,-0.04570499807596207,0.5267972946166992,0.4847543239593506,0.012539871968328953,0.44178634881973267,0.440125435590744,-0.05305396765470505,0.440612256526947,0.5810093879699707,-0.08331401646137238,0.4705972671508789,0.644252359867096,-0.09322493523359299,0.6034131050109863,0.48356980085372925,-0.005897463299334049,0.5107492804527283,0.46215924620628357,-0.07495902478694916,0.5050811767578125,0.6325536966323853,-0.07770796120166779,0.5413931012153625,0.6719762682914734,-0.058998771011829376,0.6803909540176392,0.517189621925354,-0.03730272129178047,0.5908259749412537,0.5221339464187622,-0.10375513136386871,0.5827142596244812,0.6793488264083862,-0.07622960209846497,0.6195465326309204,0.7020644545555115,-0.038785580545663834,0.7537481784820557,0.5725108981132507,-0.07297026365995407,0.6766276359558105,0.5857220888137817,-0.10572518408298492,0.656265377998352,0.6908700466156006,-0.08317751437425613,0.6829980611801147,0.7095740437507629,-0.05499202013015747,1
0.6610720157623291,0.9491254091262817,-1.3739539781454368e-06,0.5479778051376343,0.8765099048614502,-0.025405431166291237,0.46787145733833313,0.7091282606124878,-0.03333483636379242,0.4479280114173889,0.592045247554779,-0.04630681872367859,0.4637686014175415,0.5174989700317383,-0.047556374222040176,0.5308502912521362,0.4815904498100281,0.013235531747341156,0.4420850872993469,0.44615864753723145,-0.05166526511311531,0.4490463435649872,0.5881887674331665,-0.08260782063007355,0.48152273893356323,0.645257830619812,-0.09371277689933777,0.6077619791030884,0.4756574332714081,-0.003813220653682947,0.5118820667266846,0.46994319558143616,-0.07246831804513931,0.5137026309967041,0.640683650970459,-0.0766858235001564,0.5511184334754944,0.6743365526199341,-0.05933726206421852,0.6853767037391663,0.5097736120223999,-0.03403079882264137,0.5945531725883484,0.5292934775352478,-0.09948594123125076,0.589845597743988,0.6864421963691711,-0.07226242870092392,0.6272286772727966,0.7044347524642944,-0.03540293127298355,0.7577561140060425,0.5678544044494629,-0.06925060600042343,0.6802818775177002,0.5981203317642212,-0.1011798307299614,0.6617662310600281,0.6995838284492493,-0.07964000850915909,0.6892901062965393,0.7116652727127075,-0.05227724090218544,1
0.5935680270195007,0.887183666229248,-1.0563912837824319e-06,0.5125598907470703,0.8125428557395935,0.0004678176192101091,0.47970664501190186,0.6817376017570496,0.001412570825777948,0.5117145776748657,0.5909781455993652,-0.007652135565876961,0.5521889328956604,0.5351766347885132,-0.012044526636600494,0.5174250602722168,0.573055624961853,0.0324706993997097,0.48314499855041504,0.4830963611602783,-0.008348549716174603,0.4739950895309448,0.57098388671875,-0.029629556462168694,0.4874475598335266,0.6327049136161804,-0.03624958544969559,0.564815878868103,0.567963719367981,0.01375514455139637,0.5249921679496765,0.484579473733902,-0.029192859306931496,0.5138814449310303,0.5972217917442322,-0.03585173189640045,0.534874677658081,0.6504667401313782,-0.02620099112391472,0.6169657707214355,0.5775971412658691,-0.013009043410420418,0.5781969428062439,0.4927816390991211,-0.05362435430288315,0.5621287226676941,0.6072655320167542,-0.036752849817276,0.5804292559623718,0.6628537178039551,-0.011943232268095016,0.6727592945098877,0.6007411479949951,-0.04152844101190567,0.6268544793128967,0.5313897728919983,-0.06286070495843887,0.6039909720420837,0.6080933213233948,-0.046495310962200165,0.6160279512405396,0.6559470891952515,-0.026279591023921967,1
0.5984178781509399,0.9255805015563965,-1.1015023346772068e-06,0.5037131309509277,0.8567578196525574,-0.0070024533197283745,0.44059476256370544,0.7281219959259033,-0.012009578756988049,0.4402764141559601,0.6376415491104126,-0.024356378242373466,0.4707835912704468,0.5793139934539795,-0.028591983020305634,0.4829207956790924,0.5912027359008789,0.016545837745070457,0.41678375005722046,0.5424720048904419,-0.03230900689959526,0.4326697885990143,0.657723069190979,-0.05454595386981964,0.45773905515670776,0.6940918564796448,-0.06224246695637703,0.5373939871788025,0.5820073485374451,-0.0005973385414108634,0.4681093096733093,0.5350002646446228,-0.051825832575559616,0.48035117983818054,0.6719767451286316,-0.05320969596505165,0.5107909440994263,0.6932588815689087,-0.03960886970162392,0.5999206304550171,0.5882254838943481,-0.026341838762164116,0.5336682200431824,0.5421707630157471,-0.07307150959968567,0.5410003066062927,0.6762229204177856,-0.04681186378002167,0.5743141770362854,0.6953794360160828,-0.016213931143283844,0.6649429202079773,0.6059800386428833,-0.05440402776002884,0.6012064814567566,0.5801565051078796,-0.07535887509584427,0.5954086184501648,0.668932318687439,-0.052768826484680176,0.6234496831893921,0.6829492449760437,-0.028753090649843216,1
0.6108102202415466,0.9735926389694214,-9.841701285040472e-07,0.5249611735343933,0.9011802673339844,-0.018111595883965492,0.4567171335220337,0.7861645221710205,-0.03620829060673714,0.429464191198349,0.7088639736175537,-0.06327156722545624,0.4330165386199951,0.6559932827949524,-0.08673711121082306,0.47879037261009216,0.6171521544456482,0.006962026935070753,0.43242257833480835,0.5116817951202393,-0.04705998674035072,0.41970664262771606,0.6073326468467712,-0.08623586595058441,0.4360359013080597,0.6948198080062866,-0.10370993614196777,0.5385672450065613,0.6057790517807007,-0.010494636371731758,0.5034758448600769,0.4677046537399292,-0.0650046244263649,0.4749680459499359,0.5790705680847168,-0.088510662317276,0.47893232107162476,0.6765135526657104,-0.08998316526412964,0.6007094979286194,0.6172875165939331,-0.03621489182114601,0.5727366805076599,0.47154954075813293,-0.08259685337543488,0.5330270528793335,0.5763415694236755,-0.08287345618009567,0.5286538600921631,0.6732854843139648,-0.06902992725372314,0.6638452410697937,0.646754264831543,-0.06455183029174805,0.6302628517150879,0.5333579778671265,-0.08652351796627045,0.5862730741500854,0.5903841257095337,-0.07699429243803024,0.5733435750007629,0.6575562357902527,-0.06260688602924347,1
0.6151490807533264,0.9867706298828125,-7.389423899439862e-07,0.5209932327270508,0.9278937578201294,-0.021380042657256126,0.45043426752090454,0.7871604561805725,-0.04046997055411339,0.4834456741809845,0.6860561370849609,-0.06767724454402924,0.5746214389801025,0.6823870539665222,-0.09128312021493912,0.48510462045669556,0.6230049133300781,0.0074280486442148685,0.4446289539337158,0.5063703060150146,-0.03957545384764671,0.40374478697776794,0.5700804591178894,-0.07950744032859802,0.4024922847747803,0.653437077999115,-0.10253605246543884,0.5351151823997498,0.6012297868728638,-0.00895942747592926,0.4969356060028076,0.4524458050727844,-0.05260380357503891,0.4461347460746765,0.5059719085693359,-0.07963863760232925,0.4383818805217743,0.5913055539131165,-0.08957429230213165,0.5929769277572632,0.6094089150428772,-0.033851105719804764,0.5706880688667297,0.4587849974632263,-0.065912164747715,0.5130192637443542,0.5022785663604736,-0.08235559612512589,0.48919710516929626,0.5776402354240417,-0.0870261937379837,0.6567243933677673,0.6387503743171692,-0.06327812373638153,0.6299864053726196,0.5255550146102905,-0.0796053484082222,0.5778806805610657,0.5337957739830017,-0.08585149794816971,0.5477476119995117,0.5779394507408142,-0.08832156658172607,1
0.6064983010292053,0.9952104091644287,-1.1174192877660971e-06,0.5227123498916626,0.9185343384742737,-0.019700482487678528,0.4641663432121277,0.8045413494110107,-0.03836018964648247,0.44908806681632996,0.737686276435852,-0.06780795753002167,0.44744014739990234,0.6868799328804016,-0.09270601719617844,0.4718649983406067,0.6430845260620117,0.00991875771433115,0.4132232666015625,0.531024694442749,-0.04700746387243271,0.39623114466667175,0.636094331741333,-0.08816792070865631,0.4165104627609253,0.729213535785675,-0.1065121665596962,0.5266162157058716,0.6278973817825317,-0.007655852008610964,0.46420884132385254,0.48438528180122375,-0.06728295981884003,0.43747758865356445,0.6108682751655579,-0.09534641355276108,0.4539779722690582,0.7174015045166016,-0.10000301152467728,0.588491678237915,0.6320883631706238,-0.03472509607672691,0.5424724817276001,0.46919262409210205,-0.08408969640731812,0.49789106845855713,0.5752735137939453,-0.09363370388746262,0.49541690945625305,0.6810223460197449,-0.08648594468832016,0.6588962078094482,0.6490730047225952,-0.06509841978549957,0.64082932472229,0.5111042261123657,-0.08935955911874771,0.5905296802520752,0.5469119548797607,-0.09046842902898788,0.5642762780189514,0.6129208207130432,-0.08584724366664886,1
0.6062620878219604,0.979493260383606,-1.1576897804843611e-06,0.5269292593002319,0.9267948865890503,-0.016328269615769386,0.4647502899169922,0.7973400354385376,-0.021221207454800606,0.47344452142715454,0.694577693939209,-0.032970596104860306,0.5136897563934326,0.6361417174339294,-0.036084942519664764,0.49019813537597656,0.6649609208106995,0.013438289053738117,0.4446805417537689,0.5749286413192749,-0.03558998554944992,0.45148882269859314,0.6917713284492493,-0.05429887771606445,0.47395801544189453,0.7444397211074829,-0.057457100600004196,0.5454261302947998,0.656222939491272,0.0020751068368554115,0.5010268688201904,0.5696205496788025,-0.05059446394443512,0.5042053461074829,0.7125998139381409,-0.048873335123062134,0.5295935869216919,0.7506537437438965,-0.030362345278263092,0.6079782843589783,0.6604234576225281,-0.01936943270266056,0.5706079006195068,0.5631225109100342,-0.0708463117480278,0.5619983673095703,0.7063140869140625,-0.04415392875671387,0.5813077092170715,0.757989764213562,-0.008902103640139103,0.6756278276443481,0.6742413640022278,-0.04378253221511841,0.6420526504516602,0.5898430347442627,-0.07011856138706207,0.6176164150238037,0.6818581223487854,-0.04890508949756622,0.6245703101158142,0.7316950559616089,-0.02295726351439953,1
0.609411895275116,0.9684199094772339,-1.0662195109034656e-06,0.5221995711326599,0.8916851282119751,-0.02052352949976921,0.4814271032810211,0.7374909520149231,-0.03188154473900795,0.5337738394737244,0.6424066424369812,-0.05283888801932335,0.5902127027511597,0.559535801410675,-0.06912381201982498,0.49147579073905945,0.6294800043106079,0.019063156098127365,0.4466252028942108,0.5192967653274536,-0.03037315048277378,0.44080719351768494,0.6184769868850708,-0.06397493928670883,0.4617382884025574,0.7009374499320984,-0.07823649793863297,0.5428854823112488,0.6124446392059326,0.0060239932499825954,0.49539002776145935,0.4913424551486969,-0.04606175050139427,0.48810309171676636,0.6200454235076904,-0.0667715072631836,0.514620840549469,0.7148597240447998,-0.0656137615442276,0.6022021174430847,0.6130459308624268,-0.017010755836963654,0.564136803150177,0.4675571918487549,-0.061259470880031586,0.5426730513572693,0.5822808742523193,-0.05993620678782463,0.5573965907096863,0.6807718873023987,-0.0447678305208683,0.6677048206329346,0.6240594983100891,-0.043752264231443405,0.635980486869812,0.5090699195861816,-0.06782052665948868,0.6041021347045898,0.5726494789123535,-0.06132456660270691,0.6032249927520752,0.6478335857391357,-0.04863154888153076,1
0.6209946870803833,0.9925782680511475,-1.2998260672247852e-06,0.5326617956161499,0.9098263382911682,-0.009906060062348843,0.4849123954772949,0.7606145143508911,-0.013418442569673061,0.506645143032074,0.6605737209320068,-0.02819344587624073,0.5403915047645569,0.5793325304985046,-0.037111155688762665,0.5066172480583191,0.6514196395874023,0.029811153188347816,0.45320403575897217,0.5442524552345276,-0.020290490239858627,0.4463985562324524,0.6551382541656494,-0.050124168395996094,0.46719399094581604,0.7370821833610535,-0.060622625052928925,0.556808590888977,0.6369022727012634,0.011764529161155224,0.4965764582157135,0.5206842422485352,-0.047899551689624786,0.48947659134864807,0.6660709977149963,-0.06293255090713501,0.5178691744804382,0.7580947875976562,-0.05332046374678612,0.6176506876945496,0.6376839280128479,-0.01614549197256565,0.5695471167564392,0.5004379749298096,-0.06760665774345398,0.5491876602172852,0.6334260702133179,-0.056078918278217316,0.5650142431259155,0.7296389937400818,-0.02972347103059292,0.6883943676948547,0.6514559984207153,-0.046993762254714966,0.6529184579849243,0.5356353521347046,-0.07377181202173233,0.6183409690856934,0.6145901083946228,-0.06072825565934181,0.6153875589370728,0.6929041743278503,-0.04079415276646614,1
0.6335408687591553,1.0217945575714111,-7.092904183991777e-07,0.5353975296020508,0.9484472274780273,-0.02563096582889557,0.4657783508300781,0.8177642822265625,-0.05151202902197838,0.48940905928611755,0.7113882899284363,-0.0846242755651474,0.579025149345398,0.7005926370620728,-0.114297054708004,0.5073296427726746,0.6356093883514404,-0.0012264440301805735,0.470488041639328,0.5122965574264526,-0.05376839637756348,0.42287445068359375,0.5543695092201233,-0.1014162078499794,0.4046589136123657,0.6229829788208008,-0.13052226603031158,0.5621084570884705,0.6169782876968384,-0.019131163135170937,0.5343021154403687,0.4566706120967865,-0.0693962350487709,0.47677069902420044,0.49487829208374023,-0.10464097559452057,0.4501858353614807,0.5772409439086914,-0.12157322466373444,0.6231193542480469,0.629621148109436,-0.045401036739349365,0.6142038702964783,0.4639933705329895,-0.08183635026216507,0.5534246563911438,0.48664939403533936,-0.10472393780946732,0.5138668417930603,0.5584560036659241,-0.11487766355276108,0.6903160214424133,0.6699388027191162,-0.0766274705529213,0.6841420531272888,0.5377812385559082,-0.09823865443468094,0.6340650916099548,0.5232678055763245,-0.1104000136256218,0.5909964442253113,0.5584302544593811,-0.11782755702733994,1
0.6230974793434143,1.005568265914917,-1.1376865813872428e-06,0.5386905074119568,0.944271445274353,-0.014494416303932667,0.48027563095092773,0.8168224692344666,-0.02393045835196972,0.5009527802467346,0.7299284338951111,-0.04141566529870033,0.5503789186477661,0.6787420511245728,-0.05169041454792023,0.5014811754226685,0.6677936315536499,0.017606692388653755,0.45058637857437134,0.5860362648963928,-0.0379144512116909,0.45321187376976013,0.7035391926765442,-0.06747296452522278,0.4740273356437683,0.7624626159667969,-0.07834696769714355,0.5583131909370422,0.6634305715560913,0.0007868261309340596,0.5060924291610718,0.5804151892662048,-0.05660494044423103,0.5020328760147095,0.7285113334655762,-0.06438690423965454,0.5278903841972351,0.7803894281387329,-0.052395716309547424,0.6234670281410217,0.6757588386535645,-0.026363646611571312,0.577695906162262,0.5773128867149353,-0.08176875114440918,0.5641258955001831,0.7260318398475647,-0.05973318964242935,0.5844146013259888,0.7847092151641846,-0.02710164152085781,0.6938369870185852,0.7015407681465149,-0.05629713833332062,0.6509036421775818,0.6303605437278748,-0.08462240546941757,0.622633695602417,0.7307147979736328,-0.06290549784898758,0.6302077174186707,0.7821072936058044,-0.036611445248126984,1
0.6205573081970215,0.9860700368881226,-1.1085202231697622e-06,0.5395408272743225,0.9435145854949951,-0.015524678863584995,0.4719023108482361,0.8118588328361511,-0.018680989742279053,0.4805266261100769,0.714523196220398,-0.02581963874399662,0.5304034352302551,0.6802582144737244,-0.024509184062480927,0.5255154967308044,0.6480554342269897,0.00881884153932333,0.4667343497276306,0.6042336225509644,-0.03970177099108696,0.47253215312957764,0.7220304608345032,-0.06048164144158363,0.4944117069244385,0.7613576054573059,-0.06752955913543701,0.5877477526664734,0.653719425201416,-0.0034703246783465147,0.5280016660690308,0.6049134135246277,-0.05418958142399788,0.524977445602417,0.7489352822303772,-0.05186782032251358,0.5498594641685486,0.7759445309638977,-0.03492828086018562,0.6530571579933167,0.677329957485199,-0.02523398958146572,0.6013279557228088,0.6165260076522827,-0.07670595496892929,0.5887254476547241,0.7604957222938538,-0.048919305205345154,0.6118731498718262,0.7915711998939514,-0.014841324649751186,0.7197669744491577,0.7125182151794434,-0.04962572455406189,0.6733208298683167,0.6716184616088867,-0.07747942209243774,0.6492118239402771,0.7665828466415405,-0.056288570165634155,0.6631697416305542,0.7928344011306763,-0.031046822667121887,1
0.6164906620979309,0.9837164282798767,-1.1875409882122767e-06,0.5359942317008972,0.9171264171600342,-0.006209507118910551,0.480583131313324,0.7814571857452393,-0.0067891934886574745,0.471599817276001,0.6830011606216431,-0.014965392649173737,0.4757087826728821,0.6113560795783997,-0.015362798236310482,0.5294983386993408,0.627924919128418,0.026760628446936607,0.4691140055656433,0.577599287033081,-0.022572975605726242,0.4702988266944885,0.6918744444847107,-0.04547674581408501,0.49164384603500366,0.7391819953918457,-0.05201546102762222,0.5825403332710266,0.6267493963241577,0.009025819599628448,0.5172109007835388,0.5729004740715027,-0.043879952281713486,0.513790488243103,0.7157956957817078,-0.04621296748518944,0.5442069172859192,0.7493090629577637,-0.030885137617588043,0.6407399773597717,0.6453462839126587,-0.01808599941432476,0.5808925032615662,0.5973814725875854,-0.0700494572520256,0.5712453126907349,0.7368189692497253,-0.044412218034267426,0.6007048487663269,0.7660719752311707,-0.010901045985519886,0.7001258134841919,0.6781940460205078,-0.0473681204020977,0.6437576413154602,0.6407937407493591,-0.07248225808143616,0.622722327709198,0.7327000498771667,-0.04966193065047264,0.6439756751060486,0.7589405179023743,-0.0231586005538702,1
0.6350462436676025,1.0138323307037354,8.181846169463824e-07,0.5456538200378418,0.9622786641120911,-0.06195758655667305,0.46449965238571167,0.8742830157279968,-0.10882983356714249,0.40306609869003296,0.7875527143478394,-0.15207242965698242,0.44831913709640503,0.7283671498298645,-0.1932990700006485,0.5272889733314514,0.610930323600769,-0.04789008945226669,0.5052651762962341,0.4499022364616394,-0.09454915672540665,0.4775054156780243,0.35754770040512085,-0.13630031049251556,0.45489031076431274,0.2751215398311615,-0.16767126321792603,0.5947797298431396,0.598517119884491,-0.04939005896449089,0.5714676380157471,0.4116535186767578,-0.08287742733955383,0.5503740310668945,0.30003783106803894,-0.11436433345079422,0.5301418900489807,0.2033068835735321,-0.13766032457351685,0.6679270267486572,0.6264954209327698,-0.059531643986701965,0.6510428190231323,0.45582008361816406,-0.09035532176494598,0.6349611282348633,0.35246941447257996,-0.11042540520429611,0.6158846616744995,0.26173949241638184,-0.12516315281391144,0.7419415712356567,0.6893148422241211,-0.07645568251609802,0.7606050968170166,0.5687531232833862,-0.10169274359941483,0.7694056034088135,0.491420716047287,-0.11087154597043991,0.7753812670707703,0.41808485984802246,-0.11691249907016754,1
0.5942787528038025,0.9983553886413574,-1.1834806628030492e-06,0.5116147398948669,0.9197260737419128,-0.007381287869066,0.4541025161743164,0.7882463335990906,-0.012943877838551998,0.4641155004501343,0.6953004002571106,-0.030116617679595947,0.5018467903137207,0.6292117238044739,-0.04254965856671333,0.481904536485672,0.6610614061355591,0.030156971886754036,0.4360540211200714,0.5530489087104797,-0.020956477150321007,0.4269760847091675,0.6545289158821106,-0.051469236612319946,0.4441449046134949,0.7304103970527649,-0.06251122802495956,0.5351199507713318,0.6523887515068054,0.010435816831886768,0.48856714367866516,0.5382521152496338,-0.04816153272986412,0.47675830125808716,0.6786918640136719,-0.06232261285185814,0.5013526082038879,0.7651385068893433,-0.052460793405771255,0.5972023010253906,0.6577194333076477,-0.01889384165406227,0.5573539733886719,0.5313922166824341,-0.07103817909955978,0.5349588394165039,0.6658987402915955,-0.057827241718769073,0.5491765141487122,0.7563613653182983,-0.029866306111216545,0.6678045392036438,0.6771848797798157,-0.05071244761347771,0.6330645680427551,0.5716263055801392,-0.07850968092679977,0.6003212928771973,0.653503954410553,-0.06339418143033981,0.6021796464920044,0.7255079746246338,-0.041032519191503525,1
0.5984295010566711,1.0266650915145874,-4.573243188588094e-07,0.5175598859786987,0.9381016492843628,-0.01907411217689514,0.4680345952510834,0.7845209240913391,-0.03751785308122635,0.4969121217727661,0.6802047491073608,-0.06287117302417755,0.5741948485374451,0.6636161804199219,-0.08594073355197906,0.5314232707023621,0.6255064010620117,0.010537328198552132,0.5086475014686584,0.5021578669548035,-0.034832295030355453,0.4677124619483948,0.4891015291213989,-0.07863042503595352,0.4394548833370209,0.5168077945709229,-0.10609423369169235,0.587594747543335,0.6158905029296875,-0.007080507930368185,0.5751212239265442,0.4696192741394043,-0.04769157990813255,0.5274743437767029,0.44321805238723755,-0.08186125010251999,0.4857478141784668,0.4678545296192169,-0.10085631906986237,0.6437735557556152,0.6380967497825623,-0.032796964049339294,0.6459500193595886,0.49153992533683777,-0.06413743644952774,0.5985150933265686,0.45992565155029297,-0.08640703558921814,0.5492625832557678,0.47920501232147217,-0.09807929396629333,0.6990818381309509,0.6877077221870422,-0.06273545324802399,0.6950705647468567,0.5788186192512512,-0.08505604416131973,0.6580927968025208,0.5222144722938538,-0.09946189075708389,0.6132881045341492,0.5020512938499451,-0.10853937268257141,1
0.5871938467025757,0.9965032935142517,-1.1956128673773492e-06,0.5015028119087219,0.914648175239563,-0.01286074798554182,0.45343461632728577,0.7612324953079224,-0.014148053713142872,0.44368037581443787,0.6540082693099976,-0.021260574460029602,0.4459463357925415,0.5735704302787781,-0.01981254294514656,0.5193845629692078,0.6098290085792542,0.019241642206907272,0.44896429777145386,0.5552308559417725,-0.03522361442446709,0.44362276792526245,0.6735888719558716,-0.060637231916189194,0.4635690450668335,0.7280624508857727,-0.06834761798381805,0.5802398920059204,0.6156482696533203,0.004174795933067799,0.5006534457206726,0.5722121596336365,-0.05270979925990105,0.48932120203971863,0.7167887091636658,-0.05526268482208252,0.5193166732788086,0.7522470951080322,-0.040125422179698944,0.6408469080924988,0.6465623378753662,-0.02145484648644924,0.5672295093536377,0.6175699830055237,-0.07758057117462158,0.5503031611442566,0.7540162801742554,-0.052959419786930084,0.5797743201255798,0.7819796204566956,-0.020042922347784042,0.6968572735786438,0.6944393515586853,-0.04990017041563988,0.6337273120880127,0.6708474159240723,-0.07931733876466751,0.6088175773620605,0.7575210928916931,-0.059844546020030975,0.6314136385917664,0.7801567912101746,-0.03530840203166008,1
0.5518801808357239,1.0370720624923706,-1.2071734545315849e-06,0.4620063304901123,0.9639646410942078,-0.015365657396614552,0.41646936535835266,0.8410109281539917,-0.0272532906383276,0.4557878375053406,0.7737614512443542,-0.047489047050476074,0.5145425200462341,0.7259654402732849,-0.06026953086256981,0.4523048400878906,0.6621279716491699,0.01942441612482071,0.40344569087028503,0.588893473148346,-0.038291387259960175,0.39969223737716675,0.7106110453605652,-0.0686432346701622,0.4218999445438385,0.7643141746520996,-0.08080753684043884,0.5157842636108398,0.6582396030426025,0.000731350970454514,0.4614998996257782,0.5696439146995544,-0.05891231447458267,0.44850608706474304,0.7267266511917114,-0.06702891737222672,0.4780050814151764,0.7648012042045593,-0.0553646981716156,0.5858947038650513,0.6747369766235352,-0.028696265071630478,0.5421062707901001,0.576367199420929,-0.08712243288755417,0.5202450752258301,0.7308299541473389,-0.06273507326841354,0.5451446175575256,0.7728297710418701,-0.028319645673036575,0.6567600965499878,0.7081391215324402,-0.060924138873815536,0.6150519251823425,0.6357783079147339,-0.08928435295820236,0.585242748260498,0.7407006025314331,-0.06307287514209747,0.6023300886154175,0.7814910411834717,-0.033363502472639084,1
0.5437899231910706,0.985693097114563,-1.1754539173125522e-06,0.42975348234176636,0.8757194876670837,-0.013033553026616573,0.3959163427352905,0.708595871925354,-0.02147708460688591,0.44995781779289246,0.6121333837509155,-0.039842791855335236,0.5039936900138855,0.542489230632782,-0.05070416256785393,0.43027418851852417,0.5739421248435974,0.032586436718702316,0.374633252620697,0.48250240087509155,-0.024479974061250687,0.36797165870666504,0.6115642786026001,-0.05864538997411728,0.39090099930763245,0.6727885007858276,-0.0735345110297203,0.489033579826355,0.5630457401275635,0.012957882136106491,0.42975491285324097,0.4608094096183777,-0.04671790450811386,0.415067195892334,0.6124290823936462,-0.06237774342298508,0.44686901569366455,0.6646824479103088,-0.055423036217689514,0.5612148642539978,0.5796881318092346,-0.01743914932012558,0.5049604773521423,0.4710915684700012,-0.06925632059574127,0.48257550597190857,0.6191822290420532,-0.05007350072264671,0.511152982711792,0.6706687808036804,-0.021878894418478012,0.6387892961502075,0.6140329837799072,-0.05157384276390076,0.574213445186615,0.5629293918609619,-0.07456248253583908,0.5477392077445984,0.6617734432220459,-0.05333900451660156,0.5747807025909424,0.6963726878166199,-0.02950257621705532,1
0.5258355140686035,0.9660772681236267,-1.2752689144690521e-06,0.4242650270462036,0.8650500774383545,0.0017754288855940104,0.37846189737319946,0.7095720767974854,0.0027698632329702377,0.4039531648159027,0.6083186864852905,-0.009575435891747475,0.44309917092323303,0.5318477153778076,-0.015693427994847298,0.41738155484199524,0.5681253671646118,0.05409438535571098,0.3589439392089844,0.47666120529174805,0.0019901152700185776,0.35043883323669434,0.5920630693435669,-0.028311986476182938,0.3722911477088928,0.6581588983535767,-0.03858554735779762,0.47221630811691284,0.5593684911727905,0.030258340761065483,0.4105552136898041,0.4700165390968323,-0.025273336097598076,0.39973965287208557,0.6196515560150146,-0.03726201131939888,0.43378615379333496,0.6743406653404236,-0.02591647021472454,0.5389192700386047,0.5695075988769531,-0.004083127249032259,0.4789012670516968,0.48278486728668213,-0.05429041385650635,0.4627965986728668,0.6323273777961731,-0.03256988152861595,0.4931292235851288,0.6852700114250183,0.00025239260867238045,0.6121772527694702,0.5973189473152161,-0.04086509346961975,0.552001953125,0.5239481925964355,-0.061119597405195236,0.5243671536445618,0.6291718482971191,-0.03425952047109604,0.5449166893959045,0.6792600154876709,-0.00390591355971992,1
0.5324761271476746,0.9582473039627075,-1.3095703934595804e-06,0.41488754749298096,0.8488905429840088,-0.004596687853336334,0.3662400245666504,0.68198561668396,-0.00821688212454319,0.37448275089263916,0.5831373333930969,-0.02144855260848999,0.40617719292640686,0.5130385160446167,-0.025635678321123123,0.4384928345680237,0.520341157913208,0.03323430195450783,0.3508388102054596,0.46707963943481445,-0.025349317118525505,0.3538673222064972,0.6068934798240662,-0.05743679404258728,0.38091838359832764,0.6607014536857605,-0.0703040286898613,0.49983736872673035,0.5173888206481934,0.010151670314371586,0.4068187475204468,0.4686104953289032,-0.04998394101858139,0.40624329447746277,0.6290825009346008,-0.05821400135755539,0.442966103553772,0.6660011410713196,-0.047175332903862,0.5698979496955872,0.5402840971946716,-0.023365184664726257,0.4818611443042755,0.49026182293891907,-0.07726511359214783,0.47355884313583374,0.6470847725868225,-0.049177877604961395,0.5095697641372681,0.6821261644363403,-0.015443614684045315,0.6389455199241638,0.5845128893852234,-0.05994079262018204,0.5576044917106628,0.5555691719055176,-0.0846877470612526,0.5388298034667969,0.6581146121025085,-0.05924466997385025,0.5692424774169922,0.6824741959571838,-0.03150336816906929,1
0.5712316632270813,0.9629150032997131,-1.283486426473246e-06,0.47473233938217163,0.839633584022522,-0.012223214842379093,0.43615901470184326,0.6772677898406982,-0.022726787254214287,0.462919682264328,0.5663102865219116,-0.04684435576200485,0.4846554398536682,0.4771074652671814,-0.06543946266174316,0.4740794599056244,0.5282443165779114,0.03663437440991402,0.43339216709136963,0.3926238417625427,-0.022406036034226418,0.3937471807003021,0.5039789080619812,-0.06575596332550049,0.3995763063430786,0.6090039610862732,-0.08494967222213745,0.5310639142990112,0.521853506565094,0.014907966367900372,0.49215736985206604,0.3602837324142456,-0.04641040042042732,0.4390536844730377,0.4871310591697693,-0.07453755289316177,0.4407169222831726,0.5968930721282959,-0.07672496885061264,0.5951791405677795,0.5379670858383179,-0.018028683960437775,0.5689499378204346,0.36568599939346313,-0.06663976609706879,0.5027667880058289,0.4750034809112549,-0.06751042604446411,0.49128207564353943,0.5815749764442444,-0.05293862149119377,0.6667814254760742,0.5697479248046875,-0.054953496903181076,0.6430783271789551,0.43439793586730957,-0.07582312077283859,0.5793121457099915,0.48338383436203003,-0.06784122437238693,0.5548779368400574,0.554918646812439,-0.054608069360256195,1
0.5645697712898254,0.9678233861923218,-1.1902922096851398e-06,0.46971073746681213,0.8624585866928101,-0.015932472422719002,0.420327752828598,0.7048119902610779,-0.035019051283597946,0.4567812979221344,0.6044912338256836,-0.0670408383011818,0.5269664525985718,0.5816953778266907,-0.09493045508861542,0.47294992208480835,0.5501810908317566,0.012880227528512478,0.42613914608955383,0.39443108439445496,-0.046894874423742294,0.37034520506858826,0.49426352977752686,-0.08822647482156754,0.37404024600982666,0.5939849019050598,-0.10878247767686844,0.5283669233322144,0.5445616841316223,-0.010977930389344692,0.4833102524280548,0.3546476364135742,-0.07391145825386047,0.41957345604896545,0.470215767621994,-0.09862637519836426,0.4202960133552551,0.5817059278488159,-0.10014114528894424,0.5926805734634399,0.5659016370773315,-0.04479958489537239,0.5652737021446228,0.3695300221443176,-0.09465905278921127,0.4901874363422394,0.47131115198135376,-0.09750071913003922,0.4722694158554077,0.5756422281265259,-0.08636488020420074,0.6660306453704834,0.6057735085487366,-0.08282355964183807,0.6552929282188416,0.4552963376045227,-0.10856205224990845,0.5869461297988892,0.5002857446670532,-0.10597538948059082,0.5547073483467102,0.5764297842979431,-0.09865622967481613,1
0.5586185455322266,0.9710336923599243,-6.923135060787899e-07,0.46604669094085693,0.8636394739151001,-0.024578161537647247,0.4110758900642395,0.687732994556427,-0.04780660942196846,0.4340274930000305,0.5652559995651245,-0.07901644706726074,0.5148245096206665,0.5184513330459595,-0.10602794587612152,0.4899914264678955,0.48148179054260254,-0.0020382616203278303,0.45738062262535095,0.3249242305755615,-0.0627879872918129,0.3911365270614624,0.3547748029232025,-0.11368376761674881,0.3508997857570648,0.4323045313358307,-0.14123424887657166,0.5582658052444458,0.4828876554965973,-0.02280702441930771,0.5417152047157288,0.3119324743747711,-0.07414723187685013,0.47032225131988525,0.307616263628006,-0.1109653040766716,0.41768380999565125,0.3675258755683899,-0.1291201114654541,0.6239697337150574,0.5257043838500977,-0.053049273788928986,0.6277790069580078,0.37463781237602234,-0.09973874688148499,0.5646165013313293,0.37758225202560425,-0.12435733526945114,0.51166832447052,0.434630811214447,-0.1338956356048584,0.6825817227363586,0.5960237979888916,-0.08703313022851944,0.6648271679878235,0.48341768980026245,-0.12171828746795654,0.6009384989738464,0.4523202180862427,-0.13548755645751953,0.5396981835365295,0.4632708728313446,-0.14050789177417755,1
0.5981065630912781,0.6929498314857483,-9.073233400158642e-07,0.5311372876167297,0.6444711685180664,-0.013729388825595379,0.4815778434276581,0.5526658892631531,-0.023314740508794785,0.45590829849243164,0.4802609086036682,-0.03728877007961273,0.444100946187973,0.42131611704826355,-0.04800628125667572,0.5304756164550781,0.4337981641292572,0.008528356440365314,0.4885545074939728,0.3881993293762207,-0.03465705364942551,0.4809549152851105,0.4719994366168976,-0.06155885383486748,0.4883066415786743,0.5382811427116394,-0.07146940380334854,0.5748269557952881,0.4353086054325104,-0.0010671749478206038,0.5268680453300476,0.3940962553024292,-0.045642465353012085,0.5154882073402405,0.4962905943393707,-0.05778050422668457,0.5224667191505432,0.5624415278434753,-0.05329780653119087,0.6188436150550842,0.4507126808166504,-0.017602570354938507,0.5677180886268616,0.4185422658920288,-0.061688411980867386,0.5556788444519043,0.5233261585235596,-0.05241137742996216,0.5623468160629272,0.5865532159805298,-0.032157912850379944,0.6620223522186279,0.4780609905719757,-0.0354064516723156,0.6095685958862305,0.45496535301208496,-0.061381541192531586,0.5937350392341614,0.5278092622756958,-0.04973626509308815,0.6001250743865967,0.5718736052513123,-0.03183630108833313,1
0.6231367588043213,0.655893087387085,3.12978414740428e-07,0.5534148216247559,0.6176556348800659,-0.025080904364585876,0.5009865760803223,0.5385655164718628,-0.04057406261563301,0.5038477182388306,0.46906641125679016,-0.0560978539288044,0.5410619974136353,0.43867579102516174,-0.07292997092008591,0.5449987053871155,0.3882462680339813,-0.024563809856772423,0.5097059607505798,0.29472434520721436,-0.04941606894135475,0.4803721308708191,0.2409481257200241,-0.07040369510650635,0.45536133646965027,0.20052562654018402,-0.08650168031454086,0.5917670726776123,0.37201836705207825,-0.03490492329001427,0.5718759298324585,0.24257715046405792,-0.05482274666428566,0.5559665560722351,0.16186879575252533,-0.07411614805459976,0.5417639017105103,0.10098373889923096,-0.08840899914503098,0.6350570917129517,0.3875791132450104,-0.04955890774726868,0.6362394690513611,0.2852669358253479,-0.07406152039766312,0.624047040939331,0.21717357635498047,-0.09631535410881042,0.6072211265563965,0.16695290803909302,-0.11274241656064987,0.6749238967895508,0.4274589717388153,-0.06654465198516846,0.6854177117347717,0.3781188726425171,-0.08877430111169815,0.6781497597694397,0.3645336627960205,-0.09750386327505112,0.6652325391769409,0.36325061321258545,-0.10407920926809311,1
0.6159051656723022,0.652242124080658,-5.568093683905317e-07,0.5494462251663208,0.6132968664169312,-0.03234003111720085,0.49409031867980957,0.543239414691925,-0.059269100427627563,0.4689541459083557,0.48621782660484314,-0.08736104518175125,0.47786056995391846,0.43141821026802063,-0.10961005836725235,0.5360216498374939,0.3673734664916992,-0.017205223441123962,0.5248234272003174,0.29513266682624817,-0.0654045045375824,0.5057357549667358,0.36029112339019775,-0.09521634131669998,0.5092134475708008,0.40663206577301025,-0.1100018098950386,0.5819671154022217,0.3736003637313843,-0.024732017889618874,0.569854199886322,0.293628990650177,-0.07362176477909088,0.5430879592895508,0.37013405561447144,-0.08919820934534073,0.5449287295341492,0.41505682468414307,-0.08855712413787842,0.6250743865966797,0.4006693363189697,-0.04028543829917908,0.6061031818389893,0.3374409079551697,-0.08352310955524445,0.5794368386268616,0.41393542289733887,-0.0765894278883934,0.5819816589355469,0.45398983359336853,-0.06155619025230408,0.6667484045028687,0.4441276788711548,-0.059180617332458496,0.634244441986084,0.40980610251426697,-0.08348838984966278,0.6095888614654541,0.4635285437107086,-0.07413018494844437,0.6125796437263489,0.494365930557251,-0.06044446676969528,1
0.6007903218269348,0.651339054107666,-7.141562150536629e-07,0.5308560729026794,0.6080333590507507,-0.022583143785595894,0.4778103530406952,0.5047605633735657,-0.035908911377191544,0.46159595251083374,0.4209807515144348,-0.051365893334150314,0.46505439281463623,0.3531760275363922,-0.06169668212532997,0.5308108329772949,0.37515828013420105,-0.003965476062148809,0.510552167892456,0.3065944314002991,-0.04963706061244011,0.4922938048839569,0.3781380355358124,-0.07457306981086731,0.4946976900100708,0.42415472865104675,-0.08493351191282272,0.5783665776252747,0.381009042263031,-0.013228059746325016,0.5604393482208252,0.3062007427215576,-0.06028551608324051,0.5338947176933289,0.391506552696228,-0.07180537283420563,0.5376667976379395,0.43117648363113403,-0.06742867082357407,0.6233697533607483,0.4072215259075165,-0.030076976865530014,0.6019650101661682,0.3483777642250061,-0.07514411211013794,0.5757304430007935,0.43206891417503357,-0.06445937603712082,0.579729437828064,0.46475452184677124,-0.045359473675489426,0.666415274143219,0.44600197672843933,-0.04901288077235222,0.6321966648101807,0.4069977104663849,-0.07412970811128616,0.6105146408081055,0.4670126438140869,-0.06099097058176994,0.6177204251289368,0.4936484694480896,-0.04374703764915466,1
0.6434451937675476,0.6484048962593079,4.7498713229288114e-07,0.5660967230796814,0.6021729111671448,-0.030783550813794136,0.5144603848457336,0.500342845916748,-0.04747435823082924,0.4935511350631714,0.4123101234436035,-0.062028560787439346,0.46918439865112305,0.33807429671287537,-0.07678390294313431,0.5556797981262207,0.3633956015110016,-0.037669587880373,0.5262317657470703,0.2432180643081665,-0.06727321445941925,0.5102293491363525,0.16975589096546173,-0.0886426642537117,0.5006885528564453,0.10608026385307312,-0.10429063439369202,0.607296347618103,0.3537238538265228,-0.04593844711780548,0.5911315679550171,0.21354077756404877,-0.07326439023017883,0.5840469598770142,0.12744230031967163,-0.09505903720855713,0.5803995132446289,0.05675703287124634,-0.11085803806781769,0.6579761505126953,0.3740367591381073,-0.05852612480521202,0.6582831144332886,0.2391144186258316,-0.08953112363815308,0.658261775970459,0.1556117981672287,-0.11072708666324615,0.6561055779457092,0.08319467306137085,-0.12556838989257812,0.7085777521133423,0.4165172278881073,-0.07324911653995514,0.7329989075660706,0.3191298842430115,-0.10340294241905212,0.7478243112564087,0.2523927390575409,-0.11826606094837189,0.7580711841583252,0.19037392735481262,-0.128230020403862,1
0.6500352025032043,0.6600493788719177,4.3367478497202683e-07,0.5751163959503174,0.6117364168167114,-0.0259143877774477,0.5211482644081116,0.5060824155807495,-0.03928764536976814,0.5355830788612366,0.4174111783504486,-0.052758313715457916,0.5901739597320557,0.3915199637413025,-0.06688281893730164,0.5624810457229614,0.370853990316391,-0.021343907341361046,0.529932975769043,0.26286768913269043,-0.04539322108030319,0.5051291584968567,0.19509755074977875,-0.0649937093257904,0.48497289419174194,0.1376020312309265,-0.08116058260202408,0.6116316914558411,0.3548011779785156,-0.030099136754870415,0.5965075492858887,0.22128072381019592,-0.05215737968683243,0.5860999822616577,0.1324613392353058,-0.07090654224157333,0.5779513120651245,0.05802100896835327,-0.08456841856241226,0.6591416001319885,0.37105193734169006,-0.043665893375873566,0.6572222709655762,0.25037646293640137,-0.0685160830616951,0.6492588520050049,0.16940493881702423,-0.08949217945337296,0.6377246975898743,0.10212647914886475,-0.10441301763057709,0.7076390385627747,0.4106985330581665,-0.06016049161553383,0.7306275367736816,0.32880908250808716,-0.08270320296287537,0.7348327040672302,0.2687145173549652,-0.0962631031870842,0.7315078973770142,0.2153463065624237,-0.10666169226169586,1
0.6399683356285095,0.6410791277885437,-8.420441872658557e-07,0.5657942295074463,0.590271532535553,-0.008796622976660728,0.5170853734016418,0.4949731230735779,-0.01619180291891098,0.5072310566902161,0.41349610686302185,-0.02961428463459015,0.5108468532562256,0.3450716435909271,-0.04200759902596474,0.5574233531951904,0.4005395472049713,0.010132858529686928,0.5233895182609558,0.3388422727584839,-0.02984328754246235,0.518837034702301,0.4090253412723541,-0.05739715322852135,0.5276913642883301,0.479824960231781,-0.0685570165514946,0.5974975824356079,0.39720258116722107,-0.0017696539871394634,0.558651328086853,0.3354380130767822,-0.04419960826635361,0.5508204102516174,0.42861324548721313,-0.06196330860257149,0.5590652227401733,0.5052836537361145,-0.06145840138196945,0.6432885527610779,0.40479767322540283,-0.019148683175444603,0.5961414575576782,0.3412272334098816,-0.06296965479850769,0.5857820510864258,0.43913689255714417,-0.0612279437482357,0.5950266718864441,0.5138543248176575,-0.04557087644934654,0.693001389503479,0.4232955276966095,-0.03669732064008713,0.6388370990753174,0.3760935962200165,-0.06732106953859329,0.6215066313743591,0.4432797431945801,-0.060024067759513855,0.6277919411659241,0.5005320906639099,-0.04416101425886154,1
0.6576383709907532,0.632516622543335,-3.391909046968067e-07,0.5888953804969788,0.5811159610748291,-0.019289975985884666,0.534095287322998,0.4955906271934509,-0.03717384487390518,0.52308189868927,0.42553773522377014,-0.05805026367306709,0.5409492254257202,0.37596312165260315,-0.07822451740503311,0.5612998008728027,0.37269946932792664,-0.015467637218534946,0.5302648544311523,0.28661268949508667,-0.05054923892021179,0.5021679401397705,0.26079750061035156,-0.07578311115503311,0.4831113815307617,0.24297258257865906,-0.09246623516082764,0.6122540831565857,0.37016499042510986,-0.028112471103668213,0.5816004872322083,0.3039163053035736,-0.07233087718486786,0.5611593127250671,0.3557071089744568,-0.09048992395401001,0.5542043447494507,0.39096957445144653,-0.09431334584951401,0.6644382476806641,0.38876402378082275,-0.04521237686276436,0.6360816955566406,0.32617372274398804,-0.08901236206293106,0.6108794212341309,0.39003533124923706,-0.08780385553836823,0.600636899471283,0.4330938756465912,-0.077851802110672,0.7184782028198242,0.42412900924682617,-0.06391564756631851,0.6856577396392822,0.39317741990089417,-0.094308041036129,0.652543842792511,0.44114214181900024,-0.08922529965639114,0.6351237297058105,0.4776548743247986,-0.07929109781980515,1
0.6725026965141296,0.6404211521148682,-7.549349447799614e-07,0.5997852087020874,0.6112954616546631,-0.034765031188726425,0.5480306148529053,0.5261929631233215,-0.05706145986914635,0.5403344035148621,0.4441148638725281,-0.07449254393577576,0.5493230223655701,0.38463452458381653,-0.08771136403083801,0.6318780183792114,0.4072953462600708,-0.054636888206005096,0.5714577436447144,0.35155385732650757,-0.09827206283807755,0.560366153717041,0.4227212369441986,-0.118710458278656,0.5715175867080688,0.4698750972747803,-0.12659920752048492,0.6690619587898254,0.40246108174324036,-0.05027902126312256,0.5994241833686829,0.36949747800827026,-0.09272212535142899,0.5867364406585693,0.4414359927177429,-0.09931889921426773,0.5970552563667297,0.4812118411064148,-0.09699252247810364,0.7000536918640137,0.41039028763771057,-0.050302211195230484,0.6265703439712524,0.3878015875816345,-0.08744871616363525,0.6160172820091248,0.4587360918521881,-0.07776841521263123,0.6282134652137756,0.4985913336277008,-0.06458481401205063,0.7251994609832764,0.4259205758571625,-0.05265022814273834,0.6574994325637817,0.41587579250335693,-0.08088705688714981,0.6429407000541687,0.4715479612350464,-0.07630906254053116,0.6531203985214233,0.5039958357810974,-0.06590808182954788,1
0.6668253540992737,0.6281723976135254,6.63483376683871e-07,0.587749183177948,0.600584864616394,-0.03848717361688614,0.521811842918396,0.525542140007019,-0.06242622807621956,0.48103591799736023,0.45179033279418945,-0.08351792395114899,0.4357510805130005,0.3942078948020935,-0.10517236590385437,0.5538302063941956,0.3732784390449524,-0.04799921438097954,0.513457179069519,0.26234710216522217,-0.08117173612117767,0.4858004152774811,0.19242700934410095,-0.10513649135828018,0.46353739500045776,0.1295832097530365,-0.12269812822341919,0.6038763523101807,0.3513204753398895,-0.05487062782049179,0.5793972611427307,0.21133291721343994,-0.0855928286910057,0.5637982487678528,0.11916172504425049,-0.11014566570520401,0.5509375929832458,0.038693517446517944,-0.12792783975601196,0.6558008790016174,0.360784649848938,-0.06638617068529129,0.6471017599105835,0.22697848081588745,-0.10281364619731903,0.6377418041229248,0.1375424712896347,-0.12825703620910645,0.6265206933021545,0.05672135949134827,-0.14568418264389038,0.7099606990814209,0.3929212987422943,-0.080228291451931,0.7420576810836792,0.2949490249156952,-0.11430618911981583,0.7626597285270691,0.22473052144050598,-0.13125379383563995,0.777025580406189,0.158732071518898,-0.14275330305099487,1
0.6538103818893433,0.6484279036521912,3.967618411593321e-08,0.5876047611236572,0.5994174480438232,-0.02329155057668686,0.5375701785087585,0.508699893951416,-0.041039254516363144,0.5098474025726318,0.4329134225845337,-0.06054083630442619,0.48351114988327026,0.3725188374519348,-0.07698401808738708,0.5879237651824951,0.36959362030029297,-0.01353405974805355,0.5821752548217773,0.2572634220123291,-0.051842011511325836,0.5611263513565063,0.2330322265625,-0.08135395497083664,0.5482040047645569,0.24931806325912476,-0.09543777257204056,0.6342845559120178,0.3695065975189209,-0.02075580321252346,0.6382218599319458,0.2509176731109619,-0.0542522631585598,0.610399603843689,0.22321568429470062,-0.07429907470941544,0.5862471461296082,0.23928189277648926,-0.08233778178691864,0.6790087223052979,0.38770031929016113,-0.03430195525288582,0.6921685934066772,0.2819443345069885,-0.0631488561630249,0.6668750643730164,0.25867265462875366,-0.07172563672065735,0.64194655418396,0.27052736282348633,-0.07186419516801834,0.7220200896263123,0.4235805869102478,-0.050805579870939255,0.7558427453041077,0.3405168950557709,-0.0726165622472763,0.752921462059021,0.2988351583480835,-0.0790172666311264,0.7409993410110474,0.2818896174430847,-0.07906197756528854,1
0.6596953272819519,0.6658692955970764,-6.770163736291579e-07,0.5832241773605347,0.6097795963287354,-0.01280080247670412,0.5332584381103516,0.5306400656700134,-0.02909010276198387,0.5169896483421326,0.4718130826950073,-0.050165072083473206,0.5138325691223145,0.4232995808124542,-0.0700073391199112,0.5833664536476135,0.3967779576778412,-0.0076666055247187614,0.5424995422363281,0.3345489501953125,-0.05344004929065704,0.5164511203765869,0.3799654245376587,-0.08632269501686096,0.5117622017860413,0.43245023488998413,-0.10289806127548218,0.6241365075111389,0.3945634961128235,-0.021586330607533455,0.5730851292610168,0.3400251567363739,-0.06426246464252472,0.5428678393363953,0.40284088253974915,-0.08397608250379562,0.5388210415840149,0.4571189284324646,-0.08938758075237274,0.6666321158409119,0.414037823677063,-0.04101243242621422,0.6121523976325989,0.3729512691497803,-0.08343524485826492,0.580464780330658,0.44578373432159424,-0.08453934639692307,0.5766668319702148,0.5009793639183044,-0.0759599581360817,0.7090538144111633,0.4507744312286377,-0.061473894864320755,0.6526424884796143,0.4364376962184906,-0.09107433259487152,0.6177487373352051,0.49364399909973145,-0.08714956045150757,0.6105362176895142,0.5371339321136475,-0.07698924839496613,1
0.6621788144111633,0.6591569185256958,-3.420070129322994e-07,0.5900193452835083,0.6034174561500549,-0.01961374841630459,0.53543621301651,0.5130569338798523,-0.037340857088565826,0.5209089517593384,0.4427278935909271,-0.05760093405842781,0.5136985182762146,0.3887106776237488,-0.07743985950946808,0.5666887164115906,0.37024760246276855,-0.01980656199157238,0.5351188778877258,0.28372836112976074,-0.05915592610836029,0.5015771389007568,0.23982682824134827,-0.08966986835002899,0.4731278419494629,0.2059856355190277,-0.11036994308233261,0.6176568269729614,0.3701837360858917,-0.03372962400317192,0.5823897123336792,0.3179522156715393,-0.08216474205255508,0.5536502599716187,0.3512924015522003,-0.10462436825037003,0.5341259241104126,0.37221747636795044,-0.11250752955675125,0.6679763197898865,0.39482638239860535,-0.05204064026474953,0.6305329203605652,0.35615354776382446,-0.09947622567415237,0.5995497703552246,0.41482868790626526,-0.09991907328367233,0.5808137655258179,0.45449692010879517,-0.09168388694524765,0.7187917828559875,0.4397520124912262,-0.0723256915807724,0.6782465577125549,0.42088621854782104,-0.1066226065158844,0.6398636102676392,0.47290632128715515,-0.10208010673522949,0.6165968179702759,0.5136650204658508,-0.0922175943851471,1
0.6482986807823181,0.6646112203598022,-8.412794727519213e-07,0.5771565437316895,0.6135595440864563,-0.011968337930738926,0.533767580986023,0.5225158929824829,-0.021208882331848145,0.5274195671081543,0.44526952505111694,-0.032962583005428314,0.534166693687439,0.38958024978637695,-0.04178379848599434,0.6019535660743713,0.40864670276641846,-0.0022455458529293537,0.5475309491157532,0.3820165991783142,-0.04337823763489723,0.5470093488693237,0.4647061824798584,-0.06918300688266754,0.5623964667320251,0.516727864742279,-0.07980218529701233,0.6401451826095581,0.40871116518974304,-0.01104594487696886,0.5760716199874878,0.3908328413963318,-0.05523292347788811,0.5739855170249939,0.4823792576789856,-0.06901276111602783,0.588237464427948,0.538456916809082,-0.06737112998962402,0.6773704886436462,0.421491801738739,-0.02489560842514038,0.6076408624649048,0.4107866883277893,-0.06327939033508301,0.6049174070358276,0.4997940957546234,-0.055114686489105225,0.6181150078773499,0.5527949929237366,-0.03903808444738388,0.7125195264816284,0.44547608494758606,-0.04020499810576439,0.6479640603065491,0.4389854967594147,-0.06546313315629959,0.6373298764228821,0.5060924291610718,-0.057395484298467636,0.6490301489830017,0.5464959740638733,-0.04269031435251236,1
0.626259982585907,0.6468522548675537,-5.042051611781062e-07,0.5603616833686829,0.5806545615196228,-0.00570703623816371,0.5149089097976685,0.489948570728302,-0.016346309334039688,0.5006558895111084,0.41759592294692993,-0.032018259167671204,0.49895861744880676,0.3603515326976776,-0.04680763930082321,0.566156804561615,0.37327176332473755,-0.0021592958364635706,0.5511041879653931,0.2870106101036072,-0.03852804750204086,0.5188614726066589,0.29480883479118347,-0.06792832165956497,0.496953547000885,0.3241410553455353,-0.08439696580171585,0.607224702835083,0.3767232596874237,-0.017719706520438194,0.5839285254478455,0.2955390214920044,-0.05026308819651604,0.5485187768936157,0.31627321243286133,-0.07059922069311142,0.5259193181991577,0.35654953122138977,-0.0802249014377594,0.6478207111358643,0.39895281195640564,-0.03753861039876938,0.6170660853385925,0.32720956206321716,-0.06778468191623688,0.5818049311637878,0.36024904251098633,-0.07384282350540161,0.5630981922149658,0.4062161147594452,-0.07323135435581207,0.686845600605011,0.43621963262557983,-0.05823732912540436,0.6450833082199097,0.3859730660915375,-0.08066131919622421,0.6084202527999878,0.4105139970779419,-0.0810968279838562,0.5882028937339783,0.4455209970474243,-0.07735159248113632,1
0.6430675983428955,0.6479860544204712,5.456343501464289e-07,0.5678187012672424,0.597263514995575,-0.02620474249124527,0.5154911875724792,0.5020672082901001,-0.047914206981658936,0.5307459831237793,0.42722705006599426,-0.07401297241449356,0.5890448689460754,0.41563108563423157,-0.09954316914081573,0.5754240155220032,0.3499492406845093,-0.02363578788936138,0.5654417276382446,0.23394660651683807,-0.05491953343153,0.5561234951019287,0.15675687789916992,-0.0767875462770462,0.550473690032959,0.09373560547828674,-0.09222927689552307,0.6195464730262756,0.3522723317146301,-0.03692251443862915,0.603548526763916,0.21996989846229553,-0.07272124290466309,0.578698992729187,0.1426900029182434,-0.09346465021371841,0.5590452551841736,0.08372250199317932,-0.10344196110963821,0.6610990762710571,0.3804086744785309,-0.05463191866874695,0.6282037496566772,0.2973564863204956,-0.10220861434936523,0.593603253364563,0.34768959879875183,-0.11173007637262344,0.5779950618743896,0.3996637463569641,-0.10521464049816132,0.6947767734527588,0.42703384160995483,-0.07471421360969543,0.6532270908355713,0.36362871527671814,-0.10743191093206406,0.6187735795974731,0.39357927441596985,-0.10834496468305588,0.6049200892448425,0.4309163987636566,-0.10166984796524048,1
0.6466277241706848,0.6677157282829285,1.5537133890575205e-07,0.5774680376052856,0.613726019859314,-0.02029571868479252,0.5252483487129211,0.5315662622451782,-0.03732869401574135,0.5130090713500977,0.4606621265411377,-0.056875601410865784,0.5183782577514648,0.41302329301834106,-0.07727217674255371,0.5664635896682739,0.39628589153289795,-0.03065641224384308,0.5395414233207703,0.2943153977394104,-0.06124934181571007,0.5136444568634033,0.23540620505809784,-0.08339843153953552,0.4896939992904663,0.1865702122449875,-0.09948169440031052,0.613822340965271,0.39086225628852844,-0.044390469789505005,0.594571590423584,0.274330198764801,-0.07784101366996765,0.561062216758728,0.21107551455497742,-0.10105399042367935,0.526519238948822,0.16454017162322998,-0.11564572900533676,0.6591702699661255,0.4114096760749817,-0.060835789889097214,0.6311603784561157,0.31752973794937134,-0.1051301509141922,0.5985451340675354,0.33864501118659973,-0.12143715471029282,0.5741426944732666,0.36850297451019287,-0.12523838877677917,0.6999017000198364,0.44788050651550293,-0.07802428305149078,0.6552248001098633,0.3968190848827362,-0.1158713698387146,0.6115045547485352,0.4088652431964874,-0.12555746734142303,0.5811581015586853,0.43106985092163086,-0.12700003385543823,1
0.6451964974403381,0.6284008026123047,-6.452423804148566e-07,0.5952208042144775,0.6069867014884949,-0.004810613580048084,0.5518968105316162,0.5234411358833313,-0.005250689573585987,0.5436184406280518,0.4552973508834839,-0.010433024726808071,0.5423534512519836,0.4088040292263031,-0.013661270029842854,0.580798327922821,0.41497111320495605,0.016613708809018135,0.5577329397201538,0.355756014585495,-0.013812180608510971,0.5448675155639648,0.4146692752838135,-0.0333840437233448,0.5498800277709961,0.47137483954429626,-0.04061426594853401,0.619187593460083,0.4054195284843445,0.005655384156852961,0.5902292728424072,0.3375384211540222,-0.023369863629341125,0.5731567144393921,0.4104541540145874,-0.03288129344582558,0.5815256237983704,0.46741190552711487,-0.028635874390602112,0.6627413034439087,0.41149091720581055,-0.010482150129973888,0.6285807490348816,0.35412511229515076,-0.03921111673116684,0.6121251583099365,0.4338621497154236,-0.03327164053916931,0.6225916147232056,0.4855749309062958,-0.01899266056716442,0.7106761336326599,0.43120279908180237,-0.0273726973682642,0.6706079244613647,0.3994617164134979,-0.04556133598089218,0.6525846123695374,0.45551547408103943,-0.037045858800411224,0.6622340083122253,0.4933120012283325,-0.02355092577636242,1
0.654055118560791,0.6642335057258606,-7.014153879936202e-07,0.5970829725265503,0.6330077648162842,-0.014394802041351795,0.5443623065948486,0.5609242916107178,-0.02604164183139801,0.5120484828948975,0.5078688859939575,-0.03866823762655258,0.4776216745376587,0.48302915692329407,-0.04808388650417328,0.5856818556785583,0.4079068899154663,-0.004340073559433222,0.5393850803375244,0.4060044288635254,-0.0384279265999794,0.5484808683395386,0.4878619611263275,-0.06061907857656479,0.5662899613380432,0.5292949080467224,-0.07167709618806839,0.6313602328300476,0.39993178844451904,-0.011514251120388508,0.5774041414260864,0.40554890036582947,-0.04626418277621269,0.5833122730255127,0.4942934811115265,-0.05597294494509697,0.5995163917541504,0.5383055210113525,-0.05471230298280716,0.674350917339325,0.4117576479911804,-0.02324952371418476,0.614281415939331,0.42348432540893555,-0.053440406918525696,0.6192520260810852,0.5081602931022644,-0.04460151493549347,0.6347324252128601,0.548194944858551,-0.03171836957335472,0.7149362564086914,0.4375070631504059,-0.03705402463674545,0.6582871079444885,0.4540644884109497,-0.058532796800136566,0.65657639503479,0.515371561050415,-0.052178844809532166,0.6713843941688538,0.5437840223312378,-0.04089561849832535,1
0.6632955074310303,0.6276793479919434,-1.9974524434474006e-07,0.6002970337867737,0.5746331810951233,-0.01170501671731472,0.556024432182312,0.4840964674949646,-0.022513635456562042,0.5451087355613708,0.4146161377429962,-0.03701790049672127,0.5377475023269653,0.3642655909061432,-0.051639266312122345,0.5793710350990295,0.3698485493659973,-0.010631880722939968,0.5484665036201477,0.2627067565917969,-0.037398964166641235,0.5170115232467651,0.199873149394989,-0.05943438410758972,0.4925041198730469,0.1568894237279892,-0.07621175795793533,0.6205507516860962,0.36911246180534363,-0.02500993013381958,0.5945296287536621,0.2752552032470703,-0.06507764756679535,0.5654016733169556,0.29452383518218994,-0.08584940433502197,0.5470137000083923,0.33552226424217224,-0.09350255876779556,0.6645296216011047,0.387647807598114,-0.04238018020987511,0.6426687836647034,0.2872040867805481,-0.07910872250795364,0.606853723526001,0.3143187165260315,-0.08624178916215897,0.5833625793457031,0.3601304292678833,-0.0851416140794754,0.7140365242958069,0.4224645495414734,-0.06114307790994644,0.6964154243469238,0.35885146260261536,-0.09196075052022934,0.6592108011245728,0.37628743052482605,-0.09750714153051376,0.631517767906189,0.41083449125289917,-0.09691140800714493,1
0.6823639869689941,0.651235044002533,3.707054929691367e-07,0.6123745441436768,0.60431969165802,-0.025368358939886093,0.560088038444519,0.5161253213882446,-0.04246734082698822,0.5550816655158997,0.43386226892471313,-0.061925970017910004,0.5951240062713623,0.4073181748390198,-0.08040044456720352,0.5991618633270264,0.3879653811454773,-0.014381654560565948,0.5757209062576294,0.29478225111961365,-0.04011726379394531,0.5552716851234436,0.2409050315618515,-0.05945879593491554,0.5392569303512573,0.19841064512729645,-0.07335641980171204,0.6471312642097473,0.3764069378376007,-0.022207746282219887,0.6405254602432251,0.2636399269104004,-0.05129816010594368,0.6262959241867065,0.19678443670272827,-0.07227816432714462,0.6139957308769226,0.1462753415107727,-0.08501636236906052,0.6942240595817566,0.3901710510253906,-0.03452688828110695,0.6941229701042175,0.296933650970459,-0.07114549726247787,0.6766003370285034,0.3119705319404602,-0.08207649737596512,0.6614177227020264,0.34247294068336487,-0.08095896989107132,0.739286482334137,0.4198380410671234,-0.04929804429411888,0.7475389242172241,0.34120678901672363,-0.0760733112692833,0.7436791062355042,0.3181232810020447,-0.0822032243013382,0.7383469939231873,0.3135250508785248,-0.08178646862506866,1
0.6789319515228271,0.6523712873458862,-9.541398782175747e-08,0.6063339114189148,0.5826840400695801,-0.008040772750973701,0.566802978515625,0.4965589642524719,-0.019240563735365868,0.5814868807792664,0.42790138721466064,-0.03759937360882759,0.5966214537620544,0.3878060281276703,-0.056007515639066696,0.6018821001052856,0.35983532667160034,0.0021371410693973303,0.5738322734832764,0.27913254499435425,-0.02325582131743431,0.5498051643371582,0.2354867160320282,-0.04603034630417824,0.5281195044517517,0.1947578638792038,-0.06420086324214935,0.6444143056869507,0.35420724749565125,-0.017207691445946693,0.6170699000358582,0.26391375064849854,-0.04655858501791954,0.5844502449035645,0.21901534497737885,-0.0694580078125,0.5535306930541992,0.18028946220874786,-0.08572212606668472,0.6876693367958069,0.37445783615112305,-0.040508512407541275,0.6585706472396851,0.3033846914768219,-0.08207686245441437,0.633937418460846,0.3580475449562073,-0.09331364929676056,0.6182161569595337,0.4105529487133026,-0.09403278678655624,0.7303576469421387,0.4137890934944153,-0.06493069976568222,0.6930355429649353,0.3714386224746704,-0.09914734214544296,0.6504218578338623,0.4030231833457947,-0.10549452155828476,0.6193533539772034,0.4405940771102905,-0.10577725619077682,1
0.641424298286438,0.6439602375030518,-5.390446062847332e-07,0.584762692451477,0.6081389784812927,-0.009838548488914967,0.5345607399940491,0.5108979344367981,-0.017442643642425537,0.5249490737915039,0.42269203066825867,-0.027800893411040306,0.5188489556312561,0.35745179653167725,-0.03986819088459015,0.5805057287216187,0.41301918029785156,-0.015536862425506115,0.5566310286521912,0.31758368015289307,-0.04611486569046974,0.526252806186676,0.2590404748916626,-0.06781082600355148,0.4970490038394928,0.21778364479541779,-0.083511121571064,0.6265636086463928,0.40907022356987,-0.02614917792379856,0.5744057893753052,0.37426304817199707,-0.07060848921537399,0.5647884607315063,0.4538261294364929,-0.08018850535154343,0.5725728869438171,0.5111761093139648,-0.0777943953871727,0.6670645475387573,0.4210285246372223,-0.03972489759325981,0.609843909740448,0.39958155155181885,-0.07879120111465454,0.6018342971801758,0.47805872559547424,-0.06517631560564041,0.6103270053863525,0.5293231010437012,-0.04780647158622742,0.7073259353637695,0.4434841275215149,-0.054569896310567856,0.6491119861602783,0.43077173829078674,-0.08202076703310013,0.6351854205131531,0.488607794046402,-0.07254353165626526,0.6430638432502747,0.5242584943771362,-0.059679608792066574,1
0.6620368361473083,0.6733593940734863,-9.71166514318611e-07,0.5976940393447876,0.6290673017501831,-0.010865401476621628,0.5648338794708252,0.5199210047721863,-0.016576271504163742,0.5746649503707886,0.4240337014198303,-0.025189772248268127,0.592905580997467,0.3507542610168457,-0.03057488612830639,0.6076538562774658,0.4242399334907532,0.00046516949078068137,0.5570029616355896,0.39270034432411194,-0.04149182140827179,0.555233359336853,0.47795557975769043,-0.06566721200942993,0.5654590129852295,0.5470647215843201,-0.0737684816122055,0.6502354741096497,0.4223693907260895,-0.006552265491336584,0.5889109969139099,0.3977297246456146,-0.0494864359498024,0.5875146985054016,0.4951053559780121,-0.05871390923857689,0.5957593321800232,0.5610545873641968,-0.053988631814718246,0.691326379776001,0.43337950110435486,-0.019539808854460716,0.6295798420906067,0.41629719734191895,-0.05563782528042793,0.6273691058158875,0.5098183155059814,-0.0449056401848793,0.6360947489738464,0.5662521123886108,-0.027595341205596924,0.7308174967765808,0.4550039768218994,-0.0341300368309021,0.6738675832748413,0.4499537944793701,-0.05409012734889984,0.6660553812980652,0.5098477602005005,-0.04637214541435242,0.6761640906333923,0.5397100448608398,-0.03405537083745003,1
0.6724877953529358,0.667464554309845,-8.525143471160845e-07,0.5991466641426086,0.6185206770896912,-0.010260074399411678,0.5512722134590149,0.5303825736045837,-0.020448673516511917,0.53890460729599,0.4549413323402405,-0.03403429314494133,0.5376092195510864,0.39362818002700806,-0.04455186426639557,0.6058541536331177,0.41983211040496826,-0.005220000632107258,0.5611525774002075,0.3871334195137024,-0.04322168976068497,0.5613481998443604,0.4671539068222046,-0.06414881348609924,0.5779021382331848,0.510932981967926,-0.0725293755531311,0.6442926526069641,0.41646623611450195,-0.014678435400128365,0.5904523134231567,0.4019545912742615,-0.05368540436029434,0.5908376574516296,0.4863930642604828,-0.06224234402179718,0.6049147248268127,0.5271382331848145,-0.05970524251461029,0.6822152733802795,0.4243314266204834,-0.028805695474147797,0.6231545209884644,0.41732195019721985,-0.06367870420217514,0.6246418952941895,0.500402569770813,-0.05250363424420357,0.6376244425773621,0.5417961478233337,-0.036709263920784,0.7198780179023743,0.4404039680957794,-0.04412363842129707,0.6651086211204529,0.44210657477378845,-0.06434404850006104,0.6593911647796631,0.5023007988929749,-0.0537567101418972,0.6697824001312256,0.5321205258369446,-0.039314575493335724,1
0.67348712682724,0.6571033000946045,3.541055804134885e-08,0.6007633805274963,0.5909656882286072,-0.013583277352154255,0.5571590065956116,0.5030978918075562,-0.02466246485710144,0.5536841154098511,0.42552661895751953,-0.03961040452122688,0.5501865148544312,0.3687601089477539,-0.054872386157512665,0.5943411588668823,0.38590604066848755,-0.012518676929175854,0.5635887384414673,0.29689937829971313,-0.03866347298026085,0.5377776026725769,0.24588921666145325,-0.05971657112240791,0.5176732540130615,0.20065093040466309,-0.07613309472799301,0.636965274810791,0.383590430021286,-0.027354301884770393,0.6051476001739502,0.28558623790740967,-0.05620163306593895,0.5758228302001953,0.23364491760730743,-0.07957242429256439,0.5488981604576111,0.19133992493152618,-0.09634214639663696,0.6818883419036865,0.40382587909698486,-0.04540171101689339,0.6550518870353699,0.31511190533638,-0.08573981374502182,0.6249205470085144,0.3339310586452484,-0.10345194488763809,0.6004394292831421,0.36319977045059204,-0.11029253154993057,0.7280652523040771,0.43969255685806274,-0.06404166668653488,0.6945275664329529,0.3856287896633148,-0.10111646354198456,0.6546222567558289,0.40212273597717285,-0.11356360465288162,0.6219099760055542,0.43069469928741455,-0.11838642507791519,1
0.6853258013725281,0.6598805785179138,2.617424570416915e-07,0.6165915131568909,0.6084481477737427,-0.020016372203826904,0.5661047101020813,0.5345986485481262,-0.03731739893555641,0.5526667833328247,0.4649910032749176,-0.05986791104078293,0.5588970184326172,0.4153977036476135,-0.08226953446865082,0.6074987053871155,0.4012851119041443,-0.012968829832971096,0.5840080380439758,0.30696848034858704,-0.04340843856334686,0.5622384548187256,0.24880757927894592,-0.06734995543956757,0.5429349541664124,0.20055601000785828,-0.08440711349248886,0.6488516330718994,0.39352595806121826,-0.025845471769571304,0.6301186084747314,0.2858288884162903,-0.06074640527367592,0.600280225276947,0.2281007468700409,-0.08538635820150375,0.5714823007583618,0.18510112166404724,-0.10000347346067429,0.6920359134674072,0.4078453779220581,-0.043045900762081146,0.6695019602775574,0.3101227581501007,-0.08852557092905045,0.6340186595916748,0.3606356382369995,-0.1019265279173851,0.6108933687210083,0.41910165548324585,-0.10069795697927475,0.7362152338027954,0.4378727376461029,-0.06170046329498291,0.7079455852508545,0.37694552540779114,-0.09725012630224228,0.6676141023635864,0.3983582854270935,-0.1050473004579544,0.6371375918388367,0.4336138963699341,-0.10403287410736084,1
0.6736878156661987,0.65459144115448,-3.2382348535975325e-07,0.6135008931159973,0.6180321574211121,-0.017547426745295525,0.5613476634025574,0.5403493642807007,-0.03233186528086662,0.5517964363098145,0.48249495029449463,-0.05026789754629135,0.5512316226959229,0.44095131754875183,-0.06891520321369171,0.5875977873802185,0.39193207025527954,-0.019130438566207886,0.556484043598175,0.2914990782737732,-0.05270516127347946,0.5289078950881958,0.22777025401592255,-0.0785217359662056,0.5044547319412231,0.1802908480167389,-0.09732520580291748,0.6399588584899902,0.3937145173549652,-0.03278413787484169,0.5964222550392151,0.35799312591552734,-0.08438952267169952,0.5762807130813599,0.44327589869499207,-0.1001681461930275,0.5727395415306091,0.5049932599067688,-0.09993107616901398,0.6890062093734741,0.41799303889274597,-0.050214678049087524,0.6451811194419861,0.3902018666267395,-0.09805522859096527,0.6244086623191833,0.4761425256729126,-0.08805029094219208,0.6202291250228882,0.531131386756897,-0.07002845406532288,0.7386361360549927,0.4580739736557007,-0.06947875022888184,0.6953591704368591,0.43912315368652344,-0.09997563064098358,0.6676215529441833,0.5007989406585693,-0.08730408549308777,0.6612483859062195,0.5409706830978394,-0.07062089443206787,1
0.6846640110015869,0.6592741012573242,2.949820157027716e-07,0.6184065341949463,0.6132152676582336,-0.02242431603372097,0.5680586099624634,0.5344254970550537,-0.03795390576124191,0.553756058216095,0.4615679681301117,-0.05467509105801582,0.5618022084236145,0.4136938452720642,-0.07033010572195053,0.598842978477478,0.39823949337005615,-0.017062464728951454,0.5613610744476318,0.30052560567855835,-0.042826659977436066,0.5348327159881592,0.24410681426525116,-0.06329759210348129,0.5135319828987122,0.19777421653270721,-0.07743127644062042,0.6432479023933411,0.383717805147171,-0.026321303099393845,0.6206114292144775,0.26136597990989685,-0.04915093258023262,0.600129246711731,0.1857253611087799,-0.06752735376358032,0.5813676118850708,0.12819206714630127,-0.07955052703619003,0.6900566816329956,0.3942546546459198,-0.03998620808124542,0.6785783767700195,0.2883796691894531,-0.06422681361436844,0.6544446349143982,0.23128938674926758,-0.07834433019161224,0.6277167201042175,0.19157494604587555,-0.08627426624298096,0.7397199869155884,0.4244849979877472,-0.056310150772333145,0.750873863697052,0.3419191539287567,-0.07453092932701111,0.7425849437713623,0.29118838906288147,-0.08093468099832535,0.7250488996505737,0.25222229957580566,-0.08438614010810852,1
0.14988678693771362,0.735298216342926,-2.8935474460922705e-07,0.23416303098201752,0.6596742868423462,-0.01307271420955658,0.2865073084831238,0.5542570948600769,-0.017777711153030396,0.30013036727905273,0.46378570795059204,-0.028574399650096893,0.2803746163845062,0.3898777961730957,-0.03549795225262642,0.24851498007774353,0.4424801766872406,0.0290279071778059,0.2865822911262512,0.36134836077690125,-0.010492107830941677,0.3002158999443054,0.42023587226867676,-0.04539135470986366,0.30083808302879333,0.4925917387008667,-0.05874919518828392,0.20861133933067322,0.420676589012146,0.01809755340218544,0.2464396208524704,0.33373528718948364,-0.013301064260303974,0.27176737785339355,0.3524227440357208,-0.036645226180553436,0.286380797624588,0.3868068754673004,-0.042107243090867996,0.16005846858024597,0.41168779134750366,-0.002311883494257927,0.1895401030778885,0.303207129240036,-0.026242922991514206,0.22285693883895874,0.26286178827285767,-0.037729669362306595,0.2501923739910126,0.24158954620361328,-0.037716299295425415,0.10233777016401291,0.419170081615448,-0.025606919080018997,0.08803372830152512,0.30785948038101196,-0.03484144061803818,0.09336365759372711,0.23366862535476685,-0.03362889960408211,0.10698555409908295,0.1722651720046997,-0.029074102640151978,1
0.1804840862751007,0.7641050815582275,-4.175194305844343e-07,0.2704251706600189,0.6856637001037598,-0.01815495826303959,0.32596561312675476,0.5803452134132385,-0.029217597097158432,0.3357580900192261,0.49048542976379395,-0.04530477523803711,0.32729634642601013,0.4142357110977173,-0.05630095675587654,0.2926805019378662,0.45520251989364624,-0.0010242420248687267,0.33040761947631836,0.36931347846984863,-0.04835531488060951,0.33767572045326233,0.4567916691303253,-0.07662934064865112,0.32671859860420227,0.5371808409690857,-0.08542876690626144,0.24165035784244537,0.45269539952278137,-0.010896519757807255,0.2820950746536255,0.36261677742004395,-0.057911381125450134,0.29565685987472534,0.468558669090271,-0.07304808497428894,0.2893909811973572,0.5527163147926331,-0.07066948711872101,0.18385858833789825,0.4640037417411804,-0.027844099327921867,0.22308529913425446,0.38397669792175293,-0.07671528309583664,0.2465786635875702,0.4937072992324829,-0.07194867730140686,0.2454579472541809,0.5772619843482971,-0.05386564880609512,0.11810685694217682,0.49379727244377136,-0.046290505677461624,0.16472876071929932,0.441513329744339,-0.08183448761701584,0.19417749345302582,0.5173957347869873,-0.07386050373315811,0.19774095714092255,0.5816783905029297,-0.05693821236491203,1
0.24402844905853271,0.7984814643859863,-4.926905603497289e-07,0.3347848653793335,0.7391538619995117,-0.02362321875989437,0.40176549553871155,0.6248630285263062,-0.03581474348902702,0.3767765760421753,0.5442299842834473,-0.04864019900560379,0.3304557502269745,0.5029624104499817,-0.05333783105015755,0.3474593758583069,0.48885998129844666,-0.006590867415070534,0.4011639654636383,0.44415566325187683,-0.04948979243636131,0.3910122513771057,0.5481249690055847,-0.06553328782320023,0.36619383096694946,0.5823076367378235,-0.07165387272834778,0.2888433337211609,0.48025017976760864,-0.01706107147037983,0.354716420173645,0.4250901937484741,-0.06604021042585373,0.3461533486843109,0.5570233464241028,-0.07183665037155151,0.3152163028717041,0.5838192701339722,-0.06401905417442322,0.23101264238357544,0.48943889141082764,-0.03443672135472298,0.2910465598106384,0.4486978054046631,-0.08909211307764053,0.2912524938583374,0.5788138508796692,-0.07419885694980621,0.2593272924423218,0.6003755331039429,-0.05146655812859535,0.1692427098751068,0.5170018076896667,-0.052700191736221313,0.23365981876850128,0.49902021884918213,-0.08490212261676788,0.2413216382265091,0.58817058801651,-0.06713107973337173,0.21209266781806946,0.6032638549804688,-0.04691458120942116,1
0.19436213374137878,0.7791409492492676,3.5657276953315886e-07,0.2935250699520111,0.7056705355644226,-0.025918034836649895,0.3559454381465912,0.5904206037521362,-0.033312104642391205,0.3340306878089905,0.4857558012008667,-0.04347000643610954,0.27367115020751953,0.47231999039649963,-0.053926918655633926,0.3170924186706543,0.4662417769432068,0.010737217962741852,0.35075050592422485,0.37427112460136414,-0.005968362558633089,0.3808045983314514,0.3284258544445038,-0.02532270923256874,0.4034559726715088,0.28922176361083984,-0.041160669177770615,0.26956120133399963,0.4510899782180786,0.006174069829285145,0.2936655282974243,0.3424080014228821,-0.021052204072475433,0.3293745517730713,0.34599927067756653,-0.04405049607157707,0.34844714403152466,0.37308090925216675,-0.056954026222229004,0.21862219274044037,0.45679882168769836,-0.003727738745510578,0.2397407740354538,0.34641993045806885,-0.039935410022735596,0.2743781507015228,0.39392098784446716,-0.05530741438269615,0.28529101610183716,0.4704143702983856,-0.05745618790388107,0.16088524460792542,0.47904831171035767,-0.016220273450016975,0.1877817064523697,0.3880940079689026,-0.046084657311439514,0.22414326667785645,0.41117361187934875,-0.0550798699259758,0.23981906473636627,0.4661126434803009,-0.057246483862400055,1
0.25058597326278687,0.7529898285865784,-5.190358365325665e-07,0.34229642152786255,0.697108805179596,-0.0202120840549469,0.41446375846862793,0.5956217050552368,-0.031106404960155487,0.3992418944835663,0.5123046040534973,-0.04358871653676033,0.363135427236557,0.4603269100189209,-0.04856448620557785,0.36850273609161377,0.4598293900489807,-0.009036601521074772,0.42119139432907104,0.39162561297416687,-0.05011596530675888,0.41418492794036865,0.49619218707084656,-0.06296614557504654,0.3908238112926483,0.5433667898178101,-0.06470564007759094,0.3134334087371826,0.45131081342697144,-0.01921399123966694,0.37698331475257874,0.3825680613517761,-0.06507670134305954,0.36920562386512756,0.5134624242782593,-0.0690821185708046,0.3405289351940155,0.5515012741088867,-0.05980927497148514,0.2570312023162842,0.45578280091285706,-0.03550506383180618,0.31487733125686646,0.4040461480617523,-0.0881425216794014,0.31203797459602356,0.5322171449661255,-0.07314375787973404,0.2838045060634613,0.5638179183006287,-0.049229931086301804,0.19337117671966553,0.47562697529792786,-0.0520140640437603,0.25597649812698364,0.44018009305000305,-0.08306437730789185,0.26378127932548523,0.5311024785041809,-0.0634397342801094,0.2395225465297699,0.5589703917503357,-0.04098024219274521,1
0.23866702616214752,0.7696385383605957,7.594221642648336e-07,0.33982667326927185,0.7253115773200989,-0.02921096421778202,0.41614866256713867,0.6428635120391846,-0.03699665889143944,0.45717889070510864,0.5616025328636169,-0.04494757950305939,0.44848066568374634,0.5054850578308105,-0.052137915045022964,0.3517499566078186,0.46327975392341614,0.0012276299530640244,0.3934638202190399,0.35460925102233887,-0.017398955300450325,0.42385804653167725,0.2886722683906555,-0.03854208067059517,0.4512898921966553,0.23468166589736938,-0.05353846773505211,0.2946736514568329,0.4418984651565552,-0.0018031944055110216,0.3116059899330139,0.30820146203041077,-0.0153116500005126,0.32894840836524963,0.22379666566848755,-0.03489971533417702,0.34648463129997253,0.15371334552764893,-0.049887046217918396,0.24026811122894287,0.44690513610839844,-0.011088484898209572,0.24643558263778687,0.32420146465301514,-0.026467258110642433,0.2598516345024109,0.24390143156051636,-0.04391705244779587,0.27609121799468994,0.17607161402702332,-0.05633965879678726,0.18506336212158203,0.47216036915779114,-0.02439531497657299,0.17854905128479004,0.3756287097930908,-0.04048871994018555,0.17810720205307007,0.30752265453338623,-0.04931512475013733,0.18372896313667297,0.24487558007240295,-0.05495100095868111,1
0.18294766545295715,0.7785773277282715,5.89161629704904e-07,0.2829385995864868,0.7229709029197693,-0.033516641706228256,0.3560571074485779,0.609636664390564,-0.03921930119395256,0.3445373773574829,0.5059144496917725,-0.04356415569782257,0.2825075089931488,0.49822595715522766,-0.04839339479804039,0.29668259620666504,0.46510061621665955,0.0015892793890088797,0.3220607340335846,0.3687010109424591,-0.01551850326359272,0.3449338376522064,0.3248080015182495,-0.03602687641978264,0.37142103910446167,0.29459431767463684,-0.052481044083833694,0.24232420325279236,0.44811588525772095,0.001405244111083448,0.26832205057144165,0.34234318137168884,-0.014645615592598915,0.29873067140579224,0.29877546429634094,-0.035542141646146774,0.33393317461013794,0.27968841791152954,-0.05154533311724663,0.18802964687347412,0.4569993019104004,-0.005596586037427187,0.20536458492279053,0.3476347327232361,-0.02867034636437893,0.23562410473823547,0.3001065254211426,-0.05308294668793678,0.27226492762565613,0.2857764959335327,-0.06892655044794083,0.127996563911438,0.4852004647254944,-0.016251206398010254,0.13011683523654938,0.3894312381744385,-0.03982015326619148,0.1538708508014679,0.3446979522705078,-0.05645301565527916,0.18640939891338348,0.33092057704925537,-0.067936010658741,1
0.18265506625175476,0.808558464050293,-3.693805297189101e-07,0.2688402533531189,0.7361752390861511,-0.012977450154721737,0.32826340198516846,0.6489724516868591,-0.025207597762346268,0.344671368598938,0.5770810842514038,-0.04454177990555763,0.33492615818977356,0.513357937335968,-0.0605345144867897,0.295146107673645,0.4944932460784912,-0.0001812441332731396,0.33368590474128723,0.39921510219573975,-0.04975596070289612,0.34600046277046204,0.476540744304657,-0.08148498833179474,0.34047365188598633,0.5577240586280823,-0.09190868586301804,0.241382896900177,0.4914403557777405,-0.013875956647098064,0.28221139311790466,0.3963269591331482,-0.06273799389600754,0.3013547658920288,0.5002926588058472,-0.08013664186000824,0.3012159466743469,0.5904778242111206,-0.07884355634450912,0.18081237375736237,0.5047719478607178,-0.03414522111415863,0.2204541712999344,0.4303174614906311,-0.08345834165811539,0.24990713596343994,0.5384127497673035,-0.08269695937633514,0.256420761346817,0.6262823343276978,-0.06670834124088287,0.1132667139172554,0.5377897024154663,-0.05538367107510567,0.15318500995635986,0.4788501560688019,-0.08893796801567078,0.18914608657360077,0.5508694052696228,-0.08166752010583878,0.20368000864982605,0.6195660829544067,-0.06530682742595673,1
0.16146400570869446,0.8141671419143677,-1.4771663359169906e-07,0.25195062160491943,0.7451584935188293,-0.019569238647818565,0.3182861804962158,0.6388289332389832,-0.03373454511165619,0.30886605381965637,0.5338420867919922,-0.050847336649894714,0.24704070389270782,0.49144652485847473,-0.0655830129981041,0.2678530216217041,0.4937582314014435,-0.011401047930121422,0.2902689576148987,0.3516669273376465,-0.04597523435950279,0.31659266352653503,0.4010135531425476,-0.07258812338113785,0.31561341881752014,0.4658691883087158,-0.08500838279724121,0.21764124929904938,0.4873761832714081,-0.0193715188652277,0.2445254772901535,0.33874887228012085,-0.047735992819070816,0.2745778262615204,0.4031168818473816,-0.06427324563264847,0.2705801725387573,0.4762108325958252,-0.07105148583650589,0.16454145312309265,0.4978451430797577,-0.03175894170999527,0.183431476354599,0.3558289408683777,-0.05516277626156807,0.2208479642868042,0.4114856719970703,-0.05504686012864113,0.22392724454402924,0.48420512676239014,-0.05056823045015335,0.10221872478723526,0.5221971273422241,-0.04689313843846321,0.12055324763059616,0.407464861869812,-0.06407326459884644,0.16051004827022552,0.4292468726634979,-0.05928493291139603,0.17563602328300476,0.4789978861808777,-0.05259845405817032,1
0.13403020799160004,0.8328591585159302,7.485455171263311e-07,0.24134239554405212,0.7815343141555786,-0.03096148371696472,0.3300895094871521,0.6800850033760071,-0.03745139390230179,0.3686683773994446,0.5742496252059937,-0.043028924614191055,0.3220793604850769,0.5330121517181396,-0.04889244958758354,0.25435441732406616,0.506842851638794,-0.001302792807109654,0.2862776219844818,0.38328641653060913,-0.021535353735089302,0.30791333317756653,0.3082462549209595,-0.044103968888521194,0.3296952247619629,0.2438969612121582,-0.06123329699039459,0.1978287547826767,0.48548251390457153,-0.005533403716981411,0.22327454388141632,0.3487762212753296,-0.021661335602402687,0.24740104377269745,0.2604665458202362,-0.04373276233673096,0.27151572704315186,0.18598932027816772,-0.061021603643894196,0.13821610808372498,0.48916512727737427,-0.016136979684233665,0.15795165300369263,0.3537083864212036,-0.035880427807569504,0.180581733584404,0.268346905708313,-0.056494370102882385,0.20573577284812927,0.1975027322769165,-0.07135100662708282,0.07240821421146393,0.5132725238800049,-0.030643895268440247,0.07234951853752136,0.40929901599884033,-0.05086163431406021,0.08005933463573456,0.3377874195575714,-0.06294149160385132,0.09465339779853821,0.2708301842212677,-0.07175964117050171,1
0.2944616377353668,0.958828866481781,5.428466351986572e-07,0.37164604663848877,0.9234030246734619,-0.026002736762166023,0.4343163073062897,0.8471521139144897,-0.03603556379675865,0.4770684838294983,0.7774224877357483,-0.046509742736816406,0.5089287161827087,0.7207017540931702,-0.056443966925144196,0.4188479781150818,0.7156199812889099,-0.0038750432431697845,0.46938756108283997,0.6295944452285767,-0.02833688072860241,0.5031952261924744,0.5799183249473572,-0.05196559801697731,0.5328425168991089,0.5381003022193909,-0.06766530126333237,0.3822498321533203,0.6897517442703247,-0.00826211180537939,0.4261661171913147,0.5852271318435669,-0.02773923985660076,0.4568565785884857,0.5232751369476318,-0.04773995652794838,0.48500534892082214,0.47238320112228394,-0.06197923794388771,0.33907848596572876,0.6849762797355652,-0.018624642863869667,0.37711620330810547,0.5836693048477173,-0.0409148633480072,0.40941137075424194,0.5315046310424805,-0.05479304492473602,0.44055062532424927,0.491889089345932,-0.06327164173126221,0.2883813977241516,0.7004563808441162,-0.03227948024868965,0.3039199709892273,0.6230940818786621,-0.05172004550695419,0.3172599673271179,0.574986457824707,-0.057676177471876144,0.33116552233695984,0.5366793274879456,-0.060662444680929184,0
0.34084510803222656,0.9675032496452332,8.323852398461895e-07,0.4187377393245697,0.9085788130760193,-0.02655407413840294,0.4839344620704651,0.8194315433502197,-0.0385490283370018,0.5287618041038513,0.7533642053604126,-0.050086915493011475,0.539234459400177,0.6822035908699036,-0.06289903819561005,0.43070489168167114,0.6782126426696777,-0.01702754572033882,0.46508997678756714,0.5814216136932373,-0.04631280153989792,0.493805855512619,0.5308552980422974,-0.07080400735139847,0.5169616937637329,0.4911045432090759,-0.08703773468732834,0.38674503564834595,0.6716032028198242,-0.027186870574951172,0.4257741868495941,0.5557975172996521,-0.05511751025915146,0.45092079043388367,0.4857940375804901,-0.08144577592611313,0.4718278646469116,0.42826780676841736,-0.09973648935556412,0.33769407868385315,0.6870852112770081,-0.04263344034552574,0.3807647228240967,0.5796289443969727,-0.08260796219110489,0.41509759426116943,0.512448787689209,-0.11170509457588196,0.4454858601093292,0.45799487829208374,-0.1301676332950592,0.2844661474227905,0.7235680222511292,-0.05928213521838188,0.3476942777633667,0.673740029335022,-0.09983295202255249,0.3980122208595276,0.6796824932098389,-0.11611201614141464,0.4393809735774994,0.6927391290664673,-0.1251862496137619,0
0.2880637049674988,0.9715428948402405,4.74501632652391e-07,0.3515232503414154,0.8989971280097961,-0.01360278483480215,0.4028768539428711,0.803787887096405,-0.017733555287122726,0.4328051507472992,0.7310843467712402,-0.024091187864542007,0.4467031955718994,0.6690363883972168,-0.029306719079613686,0.3372746706008911,0.6862987875938416,0.008438743650913239,0.3572756350040436,0.5889520645141602,-0.0174533911049366,0.37897568941116333,0.5729305744171143,-0.040582455694675446,0.39352789521217346,0.5767892599105835,-0.05173107981681824,0.29593515396118164,0.6818714141845703,-0.0006870887591503561,0.3132309317588806,0.5642273426055908,-0.017491793259978294,0.3295445144176483,0.5101484060287476,-0.035706453025341034,0.340313196182251,0.4785517752170563,-0.04670129716396332,0.25254303216934204,0.6931474208831787,-0.015766773372888565,0.26575082540512085,0.5792950987815857,-0.03233226388692856,0.2801406979560852,0.5125281810760498,-0.04374893009662628,0.2945709824562073,0.4675053656101227,-0.0497162863612175,0.20555706322193146,0.7246337532997131,-0.03314781188964844,0.21226418018341064,0.6331629157066345,-0.045754462480545044,0.2200084775686264,0.5720521211624146,-0.04821343347430229,0.23182933032512665,0.5231842994689941,-0.047894418239593506,0
0.103052519261837,0.6145668029785156,3.6842811823589727e-07,0.1711486279964447,0.5982925891876221,-0.012736901640892029,0.23284094035625458,0.5753010511398315,-0.02753364108502865,0.2788037955760956,0.5628387928009033,-0.044487740844488144,0.30598145723342896,0.5366846919059753,-0.059837691485881805,0.20936834812164307,0.44167399406433105,-0.018057486042380333,0.2637229263782501,0.4209456443786621,-0.05522789806127548,0.29063552618026733,0.4540289044380188,-0.08227651566267014,0.302501380443573,0.4969092309474945,-0.09470871090888977,0.18379049003124237,0.41100114583969116,-0.029196856543421745,0.21147091686725616,0.31617167592048645,-0.05371755734086037,0.24944740533828735,0.2783527076244354,-0.06899925321340561,0.2826017439365387,0.25779205560684204,-0.07743430882692337,0.15117160975933075,0.40703675150871277,-0.04448546841740608,0.16083474457263947,0.3053132891654968,-0.06867553293704987,0.18205705285072327,0.254574179649353,-0.0813208520412445,0.2064809948205948,0.2175317108631134,-0.0871371403336525,0.11754090338945389,0.4252977967262268,-0.06096966937184334,0.10064086318016052,0.35133394598960876,-0.08064595609903336,0.10279544442892075,0.30275851488113403,-0.0858282595872879,0.11349264532327652,0.2613335847854614,-0.08667969703674316,0
0.1344105303287506,0.5662624835968018,4.0995925587594684e-07,0.19923624396324158,0.5659064054489136,-0.016695505008101463,0.26169517636299133,0.560873806476593,-0.03285931423306465,0.3110310137271881,0.5629624128341675,-0.052083373069763184,0.3349071145057678,0.5366870164871216,-0.06861860305070877,0.26416751742362976,0.41124120354652405,-0.012676059268414974,0.3200698494911194,0.414481520652771,-0.05200530216097832,0.3372766375541687,0.4587376117706299,-0.08158721774816513,0.3356213867664337,0.5026448965072632,-0.09383710473775864,0.2433827817440033,0.37343910336494446,-0.023772649466991425,0.29119977355003357,0.2936103343963623,-0.04370957985520363,0.32417649030685425,0.2417214959859848,-0.05703706666827202,0.34656453132629395,0.19513970613479614,-0.06358117610216141,0.21032246947288513,0.35996273159980774,-0.040565747767686844,0.22875411808490753,0.267602801322937,-0.061519067734479904,0.2433079183101654,0.21151886880397797,-0.07059779763221741,0.256095290184021,0.16450557112693787,-0.07255697250366211,0.17031139135360718,0.3692190647125244,-0.059734851121902466,0.159849151968956,0.2930788993835449,-0.07787206023931503,0.15969666838645935,0.24246758222579956,-0.07959112524986267,0.16421696543693542,0.19803409278392792,-0.07608695328235626,0
0.2719929814338684,0.9502643346786499,4.46973047019128e-07,0.24642422795295715,0.8425834774971008,0.007004668470472097,0.2671535313129425,0.753803014755249,0.00043571036076173186,0.31292444467544556,0.7071824073791504,-0.008248042315244675,0.3494751453399658,0.6920804977416992,-0.01729644648730755,0.27803918719291687,0.7070361971855164,-0.03439671918749809,0.3017732799053192,0.5769047141075134,-0.05369523540139198,0.3172646760940552,0.4992012083530426,-0.0616428516805172,0.330247700214386,0.440511018037796,-0.06398335099220276,0.3234406113624573,0.7369528412818909,-0.04606907069683075,0.3649376630783081,0.6031006574630737,-0.06069974601268768,0.38751092553138733,0.5266072154045105,-0.06347893923521042,0.4080231785774231,0.4719206988811493,-0.0633506253361702,0.3656221330165863,0.7784956693649292,-0.05372023209929466,0.39967069029808044,0.6825687289237976,-0.06508344411849976,0.37890955805778503,0.7011683583259583,-0.05142476037144661,0.36230430006980896,0.7322970032691956,-0.03620321676135063,0.39915022253990173,0.8258178234100342,-0.06067490205168724,0.42167648673057556,0.7418889999389648,-0.05975297838449478,0.4021388292312622,0.7557136416435242,-0.03854890167713165,0.39032822847366333,0.7858302593231201,-0.018908772617578506,0
0.24937835335731506,0.8248099684715271,3.4858544495364185e-07,0.3214075267314911,0.7665037512779236,0.0025587212294340134,0.36336857080459595,0.7016276717185974,-0.006120712962001562,0.39228737354278564,0.6530869603157043,-0.020056117326021194,0.41839706897735596,0.6178975701332092,-0.03375791385769844,0.3025433123111725,0.5816149711608887,-0.0023192118387669325,0.3756002187728882,0.5702837705612183,-0.030666351318359375,0.42419010400772095,0.5855816602706909,-0.05254799872636795,0.46073096990585327,0.6079164147377014,-0.06483354419469833,0.278823584318161,0.5888149738311768,-0.018467554822564125,0.3687662184238434,0.580306887626648,-0.04927689954638481,0.41682982444763184,0.628179669380188,-0.06288023293018341,0.443082332611084,0.6713508367538452,-0.0666838064789772,0.26332518458366394,0.6183537840843201,-0.035863760858774185,0.3522948920726776,0.6182028651237488,-0.06724388897418976,0.3916110098361969,0.6742372512817383,-0.0685926154255867,0.40832459926605225,0.7212541699409485,-0.06137914955615997,0.25487032532691956,0.6620965600013733,-0.05331398919224739,0.32283440232276917,0.6583335399627686,-0.07317151874303818,0.3498609960079193,0.6956637501716614,-0.06922013312578201,0.3608812391757965,0.7313927412033081,-0.060403481125831604,0
0.2624237835407257,0.454501211643219,-6.935758989357055e-08,0.31109705567359924,0.42228955030441284,0.014635073952376842,0.32679253816604614,0.37056219577789307,0.016586944460868835,0.3378071188926697,0.33630579710006714,0.011395287699997425,0.34110724925994873,0.3040674328804016,0.007334788795560598,0.28342682123184204,0.2925928831100464,0.009816683828830719,0.31462961435317993,0.22070586681365967,-0.00570931239053607,0.34884464740753174,0.2374269664287567,-0.016494270414114,0.35622939467430115,0.26540911197662354,-0.020684396848082542,0.2769978642463684,0.2948388159275055,-0.006239485926926136,0.3165169656276703,0.21587878465652466,-0.015294689685106277,0.3522258698940277,0.24216774106025696,-0.018777379766106606,0.3546254336833954,0.2715315520763397,-0.019987111911177635,0.2790515720844269,0.30641183257102966,-0.022854503244161606,0.3138217628002167,0.23571708798408508,-0.030124183744192123,0.3479900360107422,0.2610225975513458,-0.02643844671547413,0.35036465525627136,0.29055002331733704,-0.022730093449354172,0.287691205739975,0.3255538046360016,-0.039110079407691956,0.31770050525665283,0.2769625782966614,-0.04370393976569176,0.34305569529533386,0.2902781069278717,-0.038051407784223557,0.34655338525772095,0.31616589426994324,-0.03293805196881294,0
0.25419288873672485,0.939216136932373,7.132022972200502e-08,0.2649395167827606,0.8488894701004028,0.014270851388573647,0.29707691073417664,0.7767283916473389,0.008486599661409855,0.33663269877433777,0.745272159576416,-0.002104016486555338,0.3733576834201813,0.7455402612686157,-0.012766435742378235,0.30711597204208374,0.7312173843383789,-0.011850524693727493,0.3350790739059448,0.6436094045639038,-0.026614991948008537,0.36796724796295166,0.6026483774185181,-0.03214004635810852,0.3958319425582886,0.5783575773239136,-0.03435216844081879,0.3285906910896301,0.7580786347389221,-0.029641108587384224,0.4104822874069214,0.7325790524482727,-0.04814602807164192,0.40406355261802673,0.7713882327079773,-0.04455640912055969,0.38033461570739746,0.7915802001953125,-0.036389317363500595,0.3501611053943634,0.7990870475769043,-0.0452895350754261,0.416923463344574,0.7916225790977478,-0.055268656462430954,0.4030986726284027,0.8181025385856628,-0.03998246788978577,0.3799181878566742,0.8279819488525391,-0.0266448762267828,0.3671458661556244,0.8450071811676025,-0.060123808681964874,0.41674160957336426,0.8352135419845581,-0.05527598410844803,0.40401318669319153,0.8564103841781616,-0.03603803738951683,0.38436248898506165,0.8650195002555847,-0.02099374309182167,0
0.14195775985717773,0.8478219509124756,8.194329552679847e-07,0.2176298350095749,0.8203996419906616,-0.04039004072546959,0.2903907895088196,0.7779562473297119,-0.0653407871723175,0.35210543870925903,0.7449791431427002,-0.08814675360918045,0.40412408113479614,0.7282992005348206,-0.11227859556674957,0.22887736558914185,0.6327885389328003,-0.04973027855157852,0.2756122946739197,0.5321792364120483,-0.08053359389305115,0.30053919553756714,0.46627146005630493,-0.10267680883407593,0.3190889060497284,0.4097287058830261,-0.11788101494312286,0.17842932045459747,0.6109442114830017,-0.050556037575006485,0.19788211584091187,0.48738759756088257,-0.07750413566827774,0.21106897294521332,0.4093763828277588,-0.09734060615301132,0.21875089406967163,0.3448004722595215,-0.11136045306921005,0.12995576858520508,0.6164951920509338,-0.05518041551113129,0.129134401679039,0.5035355687141418,-0.08073719590902328,0.1314621865749359,0.42976194620132446,-0.09815071523189545,0.1340213418006897,0.3661208748817444,-0.1097407341003418,0.08492162823677063,0.6434875130653381,-0.06338848918676376,0.06995147466659546,0.5661649703979492,-0.08647003769874573,0.06055213510990143,0.5137776136398315,-0.09641023725271225,0.05334772169589996,0.4647071361541748,-0.10198616236448288,0
0.3418245315551758,0.9245949983596802,6.853177296761714e-07,0.4107666313648224,0.9074729681015015,-0.03204888105392456,0.4792748987674713,0.8399114012718201,-0.045184019953012466,0.5249494910240173,0.7893579602241516,-0.05591832846403122,0.569648802280426,0.7611055970191956,-0.06791828572750092,0.4307610094547272,0.7136750817298889,-0.023846982046961784,0.4600965976715088,0.6289801001548767,-0.049250707030296326,0.483907550573349,0.5690540075302124,-0.07169889658689499,0.5061215758323669,0.5249571800231934,-0.08599589020013809,0.3905755877494812,0.6974248886108398,-0.024945110082626343,0.41846486926078796,0.6032435894012451,-0.04597197473049164,0.44014719128608704,0.5330108404159546,-0.06841185688972473,0.4610863924026489,0.47748231887817383,-0.08452580869197845,0.34591805934906006,0.6968170404434204,-0.030399050563573837,0.37117746472358704,0.6109481453895569,-0.05100863054394722,0.39318668842315674,0.5555341839790344,-0.06726191937923431,0.41390883922576904,0.5143473744392395,-0.07802493125200272,0.2946453094482422,0.7135937213897705,-0.039070967584848404,0.2916676998138428,0.6364225745201111,-0.05715075135231018,0.2921649217605591,0.5829668045043945,-0.06513417512178421,0.29643869400024414,0.542195200920105,-0.0698004886507988,0
0.6652582287788391,0.8261674046516418,9.326894456762602e-08,0.5988988280296326,0.7681811451911926,-0.012901383452117443,0.5371930599212646,0.6965022087097168,-0.03348593786358833,0.4840956926345825,0.6593124866485596,-0.059283919632434845,0.44851160049438477,0.6202996969223022,-0.08351590484380722,0.6021943688392639,0.5318186283111572,-0.015157168731093407,0.5475406646728516,0.48230594396591187,-0.06922061741352081,0.5030102133750916,0.5195807218551636,-0.1164325699210167,0.4760727286338806,0.5637535452842712,-0.14200615882873535,0.6420691013336182,0.5080423951148987,-0.03457760438323021,0.6213210225105286,0.3637232780456543,-0.0672437995672226,0.6077097654342651,0.26048940420150757,-0.09562317281961441,0.6002072691917419,0.1770840585231781,-0.11508966237306595,0.6907519102096558,0.524219810962677,-0.059862371534109116,0.7018817663192749,0.4170249104499817,-0.09205330163240433,0.6979946494102478,0.36953651905059814,-0.10719044506549835,0.6912252902984619,0.32966378331184387,-0.1137843057513237,0.7385692000389099,0.5736595988273621,-0.08702772110700607,0.780612587928772,0.4900052845478058,-0.10793216526508331,0.8082640171051025,0.4316248893737793,-0.10704455524682999,0.8301221132278442,0.37513113021850586,-0.10360166430473328,0
0.53010493516922,0.8557348251342773,-2.623945647428627e-07,0.4860881567001343,0.7380357980728149,-0.00224260613322258,0.4589804708957672,0.6265660524368286,-0.012784183956682682,0.4241011142730713,0.5590425729751587,-0.031793996691703796,0.39027804136276245,0.5055238008499146,-0.05206378549337387,0.5538473725318909,0.561581552028656,0.014050490222871304,0.5213794708251953,0.4874057173728943,-0.03173964470624924,0.47118139266967773,0.49180901050567627,-0.07618960738182068,0.43120214343070984,0.517215371131897,-0.10246682912111282,0.5835988521575928,0.5622807145118713,-0.005659652873873711,0.5865232348442078,0.45602312684059143,-0.03133732080459595,0.5623782873153687,0.3831254541873932,-0.05813531577587128,0.5327593088150024,0.3258759379386902,-0.07963573932647705,0.6101664304733276,0.5836777091026306,-0.03205067664384842,0.6356959939002991,0.48044902086257935,-0.05543661117553711,0.6232898831367493,0.41836434602737427,-0.06806393712759018,0.5976647138595581,0.3640359938144684,-0.07862088084220886,0.6334204077720642,0.6285752654075623,-0.060693174600601196,0.6888625621795654,0.5828470587730408,-0.07797421514987946,0.6985657215118408,0.5384451150894165,-0.08258625119924545,0.6876661777496338,0.4955018162727356,-0.08719304203987122,0
0.620281994342804,0.8379576802253723,-4.5176946628089354e-07,0.5780189037322998,0.7361119985580444,-0.00999831035733223,0.53122878074646,0.6251223683357239,-0.03049132414162159,0.5216105580329895,0.537908673286438,-0.050472330302000046,0.5421298146247864,0.4607885479927063,-0.07072718441486359,0.5345838069915771,0.6019633412361145,-0.060821790248155594,0.42338478565216064,0.6643906831741333,-0.0942833349108696,0.4526968002319336,0.6919490694999695,-0.10573521256446838,0.4879590570926666,0.6802421808242798,-0.11087381094694138,0.5513548254966736,0.670245349407196,-0.07292214781045914,0.4282950162887573,0.7422972917556763,-0.10267873108386993,0.4649753272533417,0.7521569132804871,-0.09813307970762253,0.5024271011352539,0.7403415441513062,-0.09647704660892487,0.5632822513580322,0.7465173602104187,-0.08539722859859467,0.44908180832862854,0.801346480846405,-0.1134287640452385,0.4817386865615845,0.8058066964149475,-0.09908909350633621,0.5176458358764648,0.792105495929718,-0.08896511048078537,0.5715739727020264,0.8207447528839111,-0.09772076457738876,0.47659122943878174,0.8498681783676147,-0.11923370510339737,0.5050513744354248,0.8503671884536743,-0.1113947257399559,0.5428453087806702,0.8391969203948975,-0.10358384251594543,0
0.6284036040306091,0.8400787115097046,-4.069569001785567e-07,0.5865990519523621,0.7351466417312622,-0.01346383523195982,0.5443916916847229,0.6242758631706238,-0.03656845912337303,0.5342846512794495,0.5389649868011475,-0.05768644064664841,0.549573540687561,0.4597848057746887,-0.07856403291225433,0.5481495261192322,0.6037527918815613,-0.07269243150949478,0.43517088890075684,0.6590337157249451,-0.10541438311338425,0.4642741084098816,0.690302312374115,-0.11272376030683517,0.49997395277023315,0.6804921627044678,-0.11526991426944733,0.5632900595664978,0.6709129810333252,-0.08342207223176956,0.43971896171569824,0.7329117655754089,-0.11429282277822495,0.4773057699203491,0.7469802498817444,-0.10756440460681915,0.5146462917327881,0.7373979091644287,-0.10469866544008255,0.5726492404937744,0.7456057071685791,-0.09388859570026398,0.4581077992916107,0.7923237085342407,-0.12270211428403854,0.49219030141830444,0.8012002110481262,-0.10599847137928009,0.5281431674957275,0.7915344834327698,-0.09449294209480286,0.5783369541168213,0.8196572661399841,-0.10427303612232208,0.48103055357933044,0.8412656784057617,-0.12633085250854492,0.5085356831550598,0.8446997404098511,-0.11725810915231705,0.5450403690338135,0.8373786211013794,-0.10882353037595749,0
0.7099151611328125,0.8252294063568115,6.106888577050995e-07,0.6965144872665405,0.7243843078613281,0.0038732928223907948,0.6467680931091309,0.6578489542007446,-0.0018933480605483055,0.5982113480567932,0.642149806022644,-0.011219151318073273,0.5609707236289978,0.6584386825561523,-0.021371228620409966,0.623603343963623,0.6120476126670837,-0.017011776566505432,0.59037846326828,0.5210444927215576,-0.03862673044204712,0.5779376029968262,0.4570050835609436,-0.051079362630844116,0.5729111433029175,0.40940114855766296,-0.05576137453317642,0.5950407385826111,0.6459023952484131,-0.02698461525142193,0.5086034536361694,0.5950887203216553,-0.047824177891016006,0.4578798711299896,0.5600354075431824,-0.05767133831977844,0.42116349935531616,0.5347424149513245,-0.0611141063272953,0.5764918327331543,0.6959625482559204,-0.03500112146139145,0.5262001752853394,0.704089879989624,-0.05166269838809967,0.5496091842651367,0.7158050537109375,-0.04961495101451874,0.5746750235557556,0.7226138710975647,-0.04188140481710434,0.5650283098220825,0.7481430768966675,-0.042904116213321686,0.5418301224708557,0.7529134750366211,-0.04886932671070099,0.563457727432251,0.7639873027801514,-0.03979383409023285,0.5839278101921082,0.7667087316513062,-0.028711486607789993,0
0.6344420909881592,0.6166916489601135,-1.801446529725581e-07,0.5830720663070679,0.6124224066734314,0.003959784284234047,0.5311421751976013,0.5849288702011108,0.001217522076331079,0.49129053950309753,0.5859862565994263,-0.008688582107424736,0.4590161442756653,0.6031205058097839,-0.0182561706751585,0.5479784607887268,0.4656195044517517,0.02835426852107048,0.5226660966873169,0.40833717584609985,0.014917949214577675,0.4933197796344757,0.40849924087524414,0.0007524017710238695,0.47324615716934204,0.42555081844329834,-0.007816215045750141,0.5625644326210022,0.4549718499183655,0.013034544885158539,0.5295741558074951,0.3854430019855499,-0.0010217259405180812,0.494759202003479,0.39338576793670654,-0.013281166553497314,0.47218936681747437,0.42210572957992554,-0.018912343308329582,0.5770364999771118,0.45120710134506226,-0.006505055818706751,0.5378727316856384,0.38545799255371094,-0.020575428381562233,0.49859732389450073,0.3955823481082916,-0.02890804409980774,0.4735686779022217,0.42365598678588867,-0.03112468309700489,0.5875435471534729,0.4556382894515991,-0.02694104053080082,0.5445182919502258,0.4095304012298584,-0.035996563732624054,0.5105388164520264,0.40881460905075073,-0.0396326407790184,0.4857087731361389,0.42335933446884155,-0.04083755239844322,0
0.5646928548812866,1.0518290996551514,4.936164827995526e-07,0.5265799760818481,0.9038295149803162,-0.018658295273780823,0.4801270067691803,0.7838554978370667,-0.04624700918793678,0.4634934067726135,0.6829884648323059,-0.07580246031284332,0.45779770612716675,0.5777649879455566,-0.10294429957866669,0.32905706763267517,0.8488094210624695,-0.039367951452732086,0.3976988196372986,0.723811149597168,-0.09077630937099457,0.4538538157939911,0.6463075280189514,-0.12222573161125183,0.5013731122016907,0.5985245704650879,-0.13889893889427185,0.33464959263801575,0.9142193794250488,-0.05422008037567139,0.4200249910354614,0.7596983909606934,-0.10743774473667145,0.5048210024833679,0.7203115224838257,-0.12274733930826187,0.5584254264831543,0.7226494550704956,-0.1253867894411087,0.37048935890197754,0.9784729480743408,-0.07194706797599792,0.45702046155929565,0.8276028633117676,-0.12634757161140442,0.53315269947052,0.790817141532898,-0.12185733020305634,0.5773469805717468,0.7964471578598022,-0.10655387490987778,0.42342469096183777,1.0372393131256104,-0.09100658446550369,0.49051883816719055,0.9105337262153625,-0.12786361575126648,0.5397012233734131,0.8627986311912537,-0.121824249625206,0.568576455116272,0.8532449007034302,-0.10771696269512177,0
0.6199341416358948,0.9670712947845459,3.7436876709762146e-07,0.5525339245796204,0.8794009685516357,0.0008050934411585331,0.5116628408432007,0.7749400734901428,-0.0036119192373007536,0.48381495475769043,0.6910233497619629,-0.009288707748055458,0.46083831787109375,0.6225923299789429,-0.017144059762358665,0.6033101677894592,0.6540535688400269,-0.02045317552983761,0.5965033173561096,0.5059599876403809,-0.03630426526069641,0.5928050875663757,0.4180743992328644,-0.04658827930688858,0.5902571678161621,0.34930261969566345,-0.054484035819768906,0.6583157181739807,0.6645478010177612,-0.0357302688062191,0.6795340776443481,0.5100643634796143,-0.04797473922371864,0.6916491389274597,0.4197485148906708,-0.061234235763549805,0.7001092433929443,0.35361167788505554,-0.07237395644187927,0.7076705098152161,0.7022250890731812,-0.05102686956524849,0.7649126052856445,0.5636741518974304,-0.07474444806575775,0.8001998662948608,0.4761766195297241,-0.09984678030014038,0.8277037739753723,0.4060395359992981,-0.11776972562074661,0.7492783665657043,0.7607107162475586,-0.06369159370660782,0.8285037279129028,0.6917386054992676,-0.09271165728569031,0.8773131370544434,0.6475295424461365,-0.11027774214744568,0.9177273511886597,0.6048996448516846,-0.1210964024066925,0
0.3242740333080292,0.7733806371688843,2.2625464168868348e-07,0.3725776970386505,0.7199329137802124,-0.008082827553153038,0.4062223732471466,0.647607684135437,-0.018540814518928528,0.43945997953414917,0.5994173884391785,-0.034203656017780304,0.47413110733032227,0.5687094330787659,-0.048993226140737534,0.35742416977882385,0.5529350638389587,0.004521646071225405,0.3936939239501953,0.49785369634628296,-0.030751006677746773,0.4233657717704773,0.5200746059417725,-0.060781288892030716,0.44088029861450195,0.5548029541969299,-0.07503841072320938,0.3326524496078491,0.5424494743347168,-0.009216257371008396,0.33998075127601624,0.4468644857406616,-0.026408735662698746,0.3498762249946594,0.38643890619277954,-0.04218311607837677,0.3538747727870941,0.3343607187271118,-0.052576467394828796,0.3081513047218323,0.5555843710899353,-0.028786173090338707,0.3004661798477173,0.46392127871513367,-0.04519122093915939,0.3031217157840729,0.4009672999382019,-0.054691098630428314,0.304828405380249,0.3461127281188965,-0.05948662757873535,0.28418296575546265,0.5857498645782471,-0.050420500338077545,0.26497742533683777,0.5174420475959778,-0.0612550787627697,0.2574544847011566,0.46668288111686707,-0.0609779916703701,0.2532547414302826,0.42017263174057007,-0.05929989740252495,0
0.32298028469085693,0.7710752487182617,2.7377262767913635e-07,0.3726118505001068,0.7237837910652161,-0.010978182777762413,0.41120970249176025,0.6592621803283691,-0.02393900603055954,0.44836413860321045,0.6212921738624573,-0.04136927053332329,0.484109491109848,0.5974767804145813,-0.05793778598308563,0.36591148376464844,0.5628434419631958,-0.0051514399237930775,0.41148555278778076,0.5163775682449341,-0.04330942779779434,0.441639244556427,0.5471925735473633,-0.07430295646190643,0.45686811208724976,0.5843982696533203,-0.08890455961227417,0.34014391899108887,0.548874020576477,-0.017869777977466583,0.3520207405090332,0.45548760890960693,-0.03812134265899658,0.3645578920841217,0.39686471223831177,-0.05487903952598572,0.3698427379131317,0.3451134264469147,-0.06574317812919617,0.313327431678772,0.5613395571708679,-0.03606037050485611,0.3068512976169586,0.46750539541244507,-0.055415306240320206,0.3114134967327118,0.4041975438594818,-0.06686750799417496,0.31485381722450256,0.34894219040870667,-0.07249279320240021,0.2864704430103302,0.5923942923545837,-0.0561082698404789,0.2673773765563965,0.5231650471687317,-0.06965645402669907,0.2598998546600342,0.47201502323150635,-0.07104410976171494,0.2562530040740967,0.42571789026260376,-0.07012872397899628,0
0.30227887630462646,0.7796204090118408,-2.3131973136969464e-07,0.27879467606544495,0.7101033926010132,-0.0024955791886895895,0.261294424533844,0.6115713119506836,-0.010493065230548382,0.24325868487358093,0.5397387146949768,-0.018693072721362114,0.21212011575698853,0.5022591948509216,-0.023803196847438812,0.2624877393245697,0.5694661736488342,-0.0257626511156559,0.3419073820114136,0.5133476257324219,-0.04237163066864014,0.3475557267665863,0.5533134937286377,-0.046704020351171494,0.32950323820114136,0.5749151110649109,-0.05060970410704613,0.27611178159713745,0.5944411158561707,-0.035347215831279755,0.3638991713523865,0.5450330972671509,-0.04857781156897545,0.3666415512561798,0.5859321355819702,-0.04593190923333168,0.3530445396900177,0.6048462986946106,-0.04704670235514641,0.30065420269966125,0.6259679198265076,-0.04485902935266495,0.3817022144794464,0.5780183672904968,-0.05844844877719879,0.38197243213653564,0.6127424836158752,-0.05009964108467102,0.36753731966018677,0.6363154649734497,-0.046481359750032425,0.330849289894104,0.6613103151321411,-0.05452520400285721,0.38961678743362427,0.6097621321678162,-0.07086767256259918,0.4271065890789032,0.5835921764373779,-0.07321487367153168,0.4580309987068176,0.5560277700424194,-0.07432932406663895,0
0.2819308638572693,0.8110005855560303,5.194496566218731e-07,0.2697208821773529,0.7135077714920044,0.012718246318399906,0.301076740026474,0.638488233089447,0.008632835000753403,0.3409220278263092,0.6016033291816711,0.0015867389738559723,0.37899714708328247,0.5932104587554932,-0.0036232047714293003,0.3107368052005768,0.5882246494293213,-0.02054452709853649,0.32198652625083923,0.4887304902076721,-0.03704573214054108,0.3220541775226593,0.4261833429336548,-0.04576512426137924,0.32088226079940796,0.37922266125679016,-0.050576966255903244,0.3435952961444855,0.6051720976829529,-0.032713379710912704,0.39634907245635986,0.5133475065231323,-0.049328770488500595,0.42758476734161377,0.4523793160915375,-0.06079966947436333,0.4547632336616516,0.4095050096511841,-0.06838912516832352,0.3702002167701721,0.6409741044044495,-0.040571052581071854,0.4230295419692993,0.6197344660758972,-0.04989336431026459,0.4041286110877991,0.6425822973251343,-0.04208170995116234,0.38101938366889954,0.6641594767570496,-0.03304068744182587,0.39371004700660706,0.6833335757255554,-0.047910258173942566,0.44757115840911865,0.6593664884567261,-0.0555548295378685,0.4840875267982483,0.6521819829940796,-0.05083945021033287,0.5115832090377808,0.6474666595458984,-0.04314952343702316,0
0.36630648374557495,0.7924834489822388,4.362768777355086e-07,0.4173987805843353,0.7388392686843872,-0.028684139251708984,0.44528070092201233,0.6541705131530762,-0.03884382173418999,0.45120471715927124,0.5800825953483582,-0.0468486063182354,0.45682358741760254,0.524133026599884,-0.05409505218267441,0.3773437440395355,0.5639606714248657,-0.019555674865841866,0.3916018009185791,0.479964941740036,-0.037852950394153595,0.39650166034698486,0.4231486916542053,-0.05338151007890701,0.39714300632476807,0.3775864839553833,-0.0646151676774025,0.3357299864292145,0.563585102558136,-0.020037271082401276,0.3238549828529358,0.4630904793739319,-0.03686881810426712,0.3148227334022522,0.4001103937625885,-0.05100642889738083,0.30471718311309814,0.35099899768829346,-0.060423869639635086,0.3011868894100189,0.5845864415168762,-0.02447553351521492,0.27752599120140076,0.4941878616809845,-0.044000521302223206,0.2642326354980469,0.4397295415401459,-0.05685936287045479,0.25339367985725403,0.3958079218864441,-0.06442753225564957,0.2722257971763611,0.6272055506706238,-0.031520597636699677,0.23430944979190826,0.5703968405723572,-0.05217153578996658,0.21036739647388458,0.5306217670440674,-0.06135731562972069,0.19039824604988098,0.493726521730423,-0.06563960760831833,0
0.3541010618209839,0.8023537397384644,4.72696171982534e-07,0.38171079754829407,0.7417705059051514,-0.028512578457593918,0.3750143051147461,0.661627471446991,-0.041462525725364685,0.32816407084465027,0.6129447221755981,-0.052317097783088684,0.28415292501449585,0.5944481492042542,-0.06020340323448181,0.3538956046104431,0.5848803520202637,-0.022085975855588913,0.35475558042526245,0.5003867149353027,-0.03940652310848236,0.3535834848880768,0.45547932386398315,-0.0517292357981205,0.3495534360408783,0.41675063967704773,-0.059887710958719254,0.3158806562423706,0.5802637934684753,-0.02094208635389805,0.3074024021625519,0.4843752086162567,-0.03633252531290054,0.30295419692993164,0.42661160230636597,-0.04605648294091225,0.29686495661735535,0.37606415152549744,-0.05265851318836212,0.2847650349140167,0.5986156463623047,-0.023365508764982224,0.25671979784965515,0.5168474316596985,-0.042832326143980026,0.2690252661705017,0.5381113886833191,-0.0439448207616806,0.28277063369750977,0.5669068694114685,-0.04076787084341049,0.25649410486221313,0.6378434896469116,-0.029076077044010162,0.21141813695430756,0.5968896150588989,-0.04579836130142212,0.1861608922481537,0.5646644830703735,-0.050646860152482986,0.1675935536623001,0.5326307415962219,-0.05213810130953789,0
0.2579430043697357,0.8830138444900513,5.507956757355714e-07,0.23855599761009216,0.7897906303405762,0.008543054573237896,0.2687060832977295,0.700583279132843,0.0037588654085993767,0.3159690201282501,0.6552556157112122,-0.003675477346405387,0.35956817865371704,0.6411645412445068,-0.0074002728797495365,0.2668795883655548,0.65111243724823,-0.02286600135266781,0.2856805920600891,0.540535569190979,-0.03759095445275307,0.2932407855987549,0.47619691491127014,-0.04590578377246857,0.29591256380081177,0.42658114433288574,-0.05352533981204033,0.29958707094192505,0.6635807156562805,-0.03521350771188736,0.33973461389541626,0.5543830990791321,-0.054572854191064835,0.36113452911376953,0.4822333753108978,-0.06840454787015915,0.3811664581298828,0.427315354347229,-0.08029443770647049,0.32712501287460327,0.6954966187477112,-0.04388062283396721,0.4016408622264862,0.6328965425491333,-0.05395745486021042,0.39660343527793884,0.6678375005722046,-0.040972694754600525,0.3820715844631195,0.7009564638137817,-0.03077307902276516,0.35344788432121277,0.7368496060371399,-0.05325719714164734,0.41623973846435547,0.7040408253669739,-0.06603509187698364,0.4575204849243164,0.6870635151863098,-0.0661141499876976,0.4894428849220276,0.6712828278541565,-0.06309983134269714,0
0.2992445230484009,0.8792846202850342,-1.2579158692460624e-07,0.3005331754684448,0.7785585522651672,0.014337502419948578,0.335675984621048,0.7163641452789307,0.016098015010356903,0.37622392177581787,0.6875162720680237,0.017758572474122047,0.41016054153442383,0.6843249201774597,0.020185479894280434,0.35942527651786804,0.6745006442070007,-0.022230247035622597,0.38725119829177856,0.585647463798523,-0.03452932462096214,0.4069494605064392,0.5286956429481506,-0.04005586728453636,0.42270442843437195,0.4838184714317322,-0.04568873718380928,0.3885650336742401,0.70569908618927,-0.029560435563325882,0.4389679431915283,0.6777651309967041,-0.037955544888973236,0.42400866746902466,0.7126664519309998,-0.028330011293292046,0.4071885049343109,0.7286160588264465,-0.022197242826223373,0.4096277058124542,0.7508839964866638,-0.0341951884329319,0.45464688539505005,0.7358022928237915,-0.04178917780518532,0.4395887851715088,0.755224347114563,-0.027826031669974327,0.4203985035419464,0.7666425704956055,-0.018904585391283035,0.42321744561195374,0.7963460087776184,-0.03716599941253662,0.48313653469085693,0.7883528470993042,-0.05523509904742241,0.5190678834915161,0.7908624410629272,-0.05946947634220123,0.54759681224823,0.7886224985122681,-0.0595841258764267,0
0.3196362555027008,0.863203763961792,-3.7408767639135476e-07,0.30363738536834717,0.7851846814155579,0.020625455304980278,0.31371909379959106,0.716745913028717,0.021839318796992302,0.34657594561576843,0.6731163263320923,0.016068624332547188,0.3786691129207611,0.6658095121383667,0.011435265652835369,0.3206714391708374,0.6389380693435669,0.017322730273008347,0.3826947808265686,0.6231676936149597,0.012635977938771248,0.39011409878730774,0.6553831100463867,0.007883363403379917,0.3760398328304291,0.683570384979248,0.0061362250708043575,0.3530575931072235,0.6415904760360718,-0.0006082071922719479,0.4067685902118683,0.636280357837677,-0.001788562280125916,0.40987852215766907,0.6694692373275757,-0.006594890262931585,0.39497971534729004,0.6929948925971985,-0.010275834240019321,0.38726791739463806,0.6607166528701782,-0.016908815130591393,0.43457305431365967,0.6429269313812256,-0.018565163016319275,0.43429628014564514,0.6759129762649536,-0.015536614693701267,0.42063891887664795,0.6965498328208923,-0.012922019697725773,0.4210183322429657,0.6900563836097717,-0.03146464005112648,0.4658642113208771,0.6308825612068176,-0.02919781766831875,0.4915741980075836,0.5997117757797241,-0.021411288529634476,0.5091854929924011,0.5689160823822021,-0.015066263265907764,0
0.4451059401035309,0.8410192131996155,3.936997643450013e-07,0.4860340654850006,0.7778265476226807,-0.028997164219617844,0.5010328888893127,0.6925656199455261,-0.03986131027340889,0.4814186096191406,0.6292483806610107,-0.04958903044462204,0.46024370193481445,0.5824304223060608,-0.05770041048526764,0.4394609034061432,0.5967165231704712,-0.011995264329016209,0.4418274164199829,0.5102814435958862,-0.025007953867316246,0.43878671526908875,0.45126181840896606,-0.03371764346957207,0.4337262511253357,0.4073488712310791,-0.03948502615094185,0.39634451270103455,0.6064867973327637,-0.010232863016426563,0.3745904862880707,0.530807614326477,-0.01673082448542118,0.36243709921836853,0.4950013756752014,-0.016876371577382088,0.3509582579135895,0.4668135941028595,-0.015477715991437435,0.36279556155204773,0.6330808997154236,-0.014013351872563362,0.33192014694213867,0.5633888244628906,-0.025478072464466095,0.31922975182533264,0.5184781551361084,-0.02611398883163929,0.3084454834461212,0.48382067680358887,-0.025162706151604652,0.33632349967956543,0.6789938807487488,-0.021653059870004654,0.2881867289543152,0.6454764604568481,-0.03966677188873291,0.256955623626709,0.6210663318634033,-0.04487781971693039,0.2299056202173233,0.5979964733123779,-0.04495231807231903,0
0.3144429624080658,0.8219863772392273,1.8175170168888144e-07,0.37272900342941284,0.7870975136756897,-0.006633613724261522,0.4269074499607086,0.7397354245185852,-0.02459012158215046,0.4750174283981323,0.7356398701667786,-0.04939119517803192,0.5197889804840088,0.7530154585838318,-0.07566855847835541,0.39763227105140686,0.6124008893966675,-0.01878417283296585,0.4251387417316437,0.5134644508361816,-0.05677065998315811,0.45987558364868164,0.5358980894088745,-0.08495116978883743,0.4797043800354004,0.5758928656578064,-0.10104954242706299,0.3682987093925476,0.6163634061813354,-0.036105312407016754,0.3920894265174866,0.5145184397697449,-0.08095516264438629,0.43279558420181274,0.5614678263664246,-0.10796334594488144,0.44987380504608154,0.6155422925949097,-0.12024947255849838,0.33687299489974976,0.6302966475486755,-0.05574578419327736,0.35257288813591003,0.5315603613853455,-0.09433364123106003,0.40140295028686523,0.5761406421661377,-0.10872433334589005,0.42896488308906555,0.6283941268920898,-0.11113376170396805,0.3054910898208618,0.654938280582428,-0.0759824588894844,0.325332373380661,0.5940722227096558,-0.10722328722476959,0.36849692463874817,0.6077690720558167,-0.11892478168010712,0.4004676342010498,0.6326472759246826,-0.12260640412569046,0
0.27902957797050476,0.8909798860549927,6.843434334768972e-07,0.300705224275589,0.7946075201034546,0.02197030931711197,0.34222882986068726,0.7190355062484741,0.014710303395986557,0.3955397307872772,0.6916804313659668,-0.0007370302337221801,0.43024659156799316,0.6805965304374695,-0.012596339918673038,0.3066198229789734,0.6407731771469116,-0.006175329443067312,0.30131539702415466,0.5363013744354248,-0.025226101279258728,0.28718996047973633,0.4744003117084503,-0.03454352542757988,0.2706555724143982,0.4228825569152832,-0.040705397725105286,0.3117276430130005,0.6539976000785828,-0.031955745071172714,0.3597570061683655,0.5426647067070007,-0.06295983493328094,0.387572705745697,0.4676513671875,-0.0804331824183464,0.41086235642433167,0.41532787680625916,-0.08901453763246536,0.3195343613624573,0.6951742172241211,-0.05364968255162239,0.42047765851020813,0.6717606782913208,-0.07076434791088104,0.43300026655197144,0.7012926936149597,-0.05786780267953873,0.42691269516944885,0.7225921750068665,-0.042570702731609344,0.3379262685775757,0.7494043111801147,-0.07478725910186768,0.41839462518692017,0.7373526692390442,-0.07398843765258789,0.44466161727905273,0.7439814805984497,-0.05661111697554588,0.4531567096710205,0.7441972494125366,-0.04079388082027435,0
0.29024410247802734,0.8846883773803711,6.615486540795246e-07,0.31931206583976746,0.7932044267654419,0.01224545855075121,0.3516203761100769,0.7124539017677307,0.0030525601468980312,0.395172655582428,0.6677232980728149,-0.013735885731875896,0.42909878492355347,0.6449612975120544,-0.028968850150704384,0.2986353933811188,0.6334947943687439,-0.01480505894869566,0.28999459743499756,0.5273312330245972,-0.03789582848548889,0.2788982689380646,0.46285995841026306,-0.049445364624261856,0.26469218730926514,0.40899741649627686,-0.055914539843797684,0.29580289125442505,0.6480246186256409,-0.037402451038360596,0.33517715334892273,0.5296074151992798,-0.07053427398204803,0.3582558035850525,0.4542078375816345,-0.08958879858255386,0.37777936458587646,0.4007928669452667,-0.09791785478591919,0.30149659514427185,0.6854613423347473,-0.05753413960337639,0.39269283413887024,0.6410751342773438,-0.08943796157836914,0.43319863080978394,0.6640493869781494,-0.09359811991453171,0.4562482237815857,0.684974193572998,-0.08627090603113174,0.31821030378341675,0.7333397269248962,-0.07621992379426956,0.39247965812683105,0.7057645916938782,-0.09050033986568451,0.43330591917037964,0.7068911194801331,-0.08590412884950638,0.4588359594345093,0.708818793296814,-0.07713042944669724,0
0.5975658297538757,0.8458870649337769,5.80149901452387e-07,0.6645753979682922,0.7931392192840576,-0.03355681523680687,0.7106293439865112,0.7200195789337158,-0.05471650883555412,0.7346745133399963,0.6525488495826721,-0.07447077333927155,0.7609330415725708,0.595874547958374,-0.09535849839448929,0.6413714289665222,0.5925620794296265,-0.04504285752773285,0.6629571914672852,0.48937323689460754,-0.07795768231153488,0.6727178692817688,0.4225177764892578,-0.10226783901453018,0.6778004169464111,0.3649686872959137,-0.11867327243089676,0.58661949634552,0.5877944827079773,-0.05006694048643112,0.5738865733146667,0.4668983221054077,-0.07710713148117065,0.5656470656394958,0.3941640257835388,-0.09686730802059174,0.5552298426628113,0.3344743549823761,-0.11072375625371933,0.5422519445419312,0.614090621471405,-0.05846815183758736,0.514520525932312,0.5162125825881958,-0.08416683971881866,0.49940547347068787,0.4529193937778473,-0.09925305098295212,0.48825782537460327,0.39758825302124023,-0.10942180454730988,0.506865382194519,0.6649753451347351,-0.06980152428150177,0.46647435426712036,0.6044771671295166,-0.09350863844156265,0.44391319155693054,0.5634704828262329,-0.10197857767343521,0.42762571573257446,0.5235980749130249,-0.10628654807806015,0
0.6030810475349426,0.8649561405181885,5.94340349380218e-07,0.6536576151847839,0.8082988262176514,-0.02117454633116722,0.681643545627594,0.7299217581748962,-0.03454387187957764,0.6403182744979858,0.6843215823173523,-0.04816626012325287,0.5947129726409912,0.6800084710121155,-0.06318630278110504,0.6673831343650818,0.6046358346939087,-0.026521366089582443,0.6995410919189453,0.5096632242202759,-0.05250967666506767,0.7194698452949524,0.4499707818031311,-0.07212468981742859,0.7327209115028381,0.40204834938049316,-0.08542952686548233,0.6209439635276794,0.5927560925483704,-0.036506537348032,0.6214227080345154,0.47416913509368896,-0.05747849494218826,0.6176846027374268,0.4014735221862793,-0.07529259473085403,0.6103324890136719,0.3477838933467865,-0.08711071312427521,0.58109050989151,0.616241455078125,-0.049308933317661285,0.5528984665870667,0.5142228007316589,-0.07047811150550842,0.533686637878418,0.44621920585632324,-0.08752761781215668,0.5196257829666138,0.3873825669288635,-0.09908969700336456,0.5442481637001038,0.6686156988143921,-0.06408126652240753,0.5073562264442444,0.607561469078064,-0.08389200270175934,0.485379695892334,0.5614008903503418,-0.09266781806945801,0.4692511558532715,0.5150859355926514,-0.09812036156654358,0
0.4129592776298523,0.8052594661712646,1.3355719374885666e-07,0.44786128401756287,0.7396992444992065,-0.012065513990819454,0.45219576358795166,0.6396695375442505,-0.016275987029075623,0.4317034184932709,0.5817257761955261,-0.02260892279446125,0.4058360755443573,0.5474633574485779,-0.026077061891555786,0.4310242831707001,0.5778151154518127,0.002085963496938348,0.4468398690223694,0.5153684616088867,-0.02379843406379223,0.45788630843162537,0.54654860496521,-0.04410047456622124,0.46390730142593384,0.5863284468650818,-0.05297467112541199,0.39510154724121094,0.5683314800262451,-0.004718046635389328,0.3996731638908386,0.4759257435798645,-0.01916056126356125,0.39924973249435425,0.41845816373825073,-0.031491346657276154,0.39788979291915894,0.36983799934387207,-0.03913256525993347,0.358085960149765,0.5852860808372498,-0.017322422936558723,0.34349995851516724,0.4905756711959839,-0.036539144814014435,0.34367549419403076,0.43092572689056396,-0.052951108664274216,0.3465682566165924,0.3797678053379059,-0.06234600394964218,0.3243955671787262,0.6186728477478027,-0.03069758415222168,0.28668302297592163,0.5675042271614075,-0.04685541242361069,0.26269808411598206,0.5287317037582397,-0.05446743220090866,0.2444586306810379,0.48781201243400574,-0.05895218253135681,0
0.39784297347068787,0.8186347484588623,-4.409294831475563e-07,0.44068825244903564,0.7596358060836792,-0.009165724739432335,0.44121918082237244,0.6599422693252563,-0.013639923185110092,0.4113953709602356,0.6028211116790771,-0.01889706775546074,0.3752894997596741,0.5787273049354553,-0.02074323780834675,0.42180517315864563,0.6059594750404358,0.008344609290361404,0.4201318621635437,0.5545361042022705,-0.012126738205552101,0.42489123344421387,0.5992288589477539,-0.02716100588440895,0.4307413697242737,0.6418580412864685,-0.0351918563246727,0.38715052604675293,0.6030033230781555,0.00017462986579630524,0.38766393065452576,0.5273100137710571,-0.03442201390862465,0.40226349234580994,0.5884143114089966,-0.04728890582919121,0.41464272141456604,0.6413789987564087,-0.0434514656662941,0.3504805564880371,0.6125376224517822,-0.013061593286693096,0.33591699600219727,0.517087996006012,-0.037545766681432724,0.32774049043655396,0.45999714732170105,-0.052673131227493286,0.3189641833305359,0.4044548273086548,-0.05776962637901306,0.31556856632232666,0.6357132792472839,-0.0262624341994524,0.2782682180404663,0.5764987468719482,-0.03588549420237541,0.25491827726364136,0.5449579358100891,-0.03879903256893158,0.23140782117843628,0.5096256732940674,-0.04092642664909363,0
0.3992873430252075,0.7928985357284546,-3.282541172211495e-07,0.4432569742202759,0.7415171265602112,-0.0064163715578615665,0.45809921622276306,0.6620514988899231,-0.0070443786680698395,0.4440746009349823,0.6075881719589233,-0.01108495146036148,0.4262297749519348,0.5750633478164673,-0.01217638235539198,0.42989030480384827,0.6059298515319824,0.006241398397833109,0.43786391615867615,0.5590038299560547,-0.020386284217238426,0.4473397135734558,0.6026710867881775,-0.034822192043066025,0.45485466718673706,0.6459834575653076,-0.03661926090717316,0.3990430533885956,0.6080044507980347,-0.0007550715818069875,0.4028734266757965,0.5419942140579224,-0.03524578735232353,0.42133480310440063,0.5907600522041321,-0.048893384635448456,0.4343709349632263,0.6385504007339478,-0.046423982828855515,0.3668118715286255,0.6174675226211548,-0.011745383962988853,0.36650946736335754,0.5613415241241455,-0.04248041659593582,0.3958974778652191,0.6077437400817871,-0.048814740031957626,0.41604772210121155,0.6491767168045044,-0.041134659200906754,0.3354247510433197,0.6342656016349792,-0.0230911485850811,0.322334349155426,0.5650692582130432,-0.03607070818543434,0.31614041328430176,0.5215712189674377,-0.03943993151187897,0.309603750705719,0.48094457387924194,-0.037562500685453415,0
0.39412441849708557,0.7817690372467041,-1.5696031141487765e-07,0.4378587007522583,0.7195117473602295,-0.011508653871715069,0.45417243242263794,0.6455395221710205,-0.017002107575535774,0.4364379048347473,0.5942094922065735,-0.025414833799004555,0.4174706041812897,0.5575900077819824,-0.030529381707310677,0.40928760170936584,0.5873879194259644,0.007528496906161308,0.4273711144924164,0.5462504625320435,-0.026529645547270775,0.44423791766166687,0.5941460132598877,-0.04820769652724266,0.4521760940551758,0.6438073515892029,-0.05548004060983658,0.3795435428619385,0.5956836342811584,0.0009225054527632892,0.3979124426841736,0.5349294543266296,-0.03660297766327858,0.4216821789741516,0.596757709980011,-0.04953985661268234,0.433463454246521,0.6534350514411926,-0.04659842699766159,0.3500385880470276,0.612668514251709,-0.010913853533565998,0.3745933175086975,0.5650122165679932,-0.04909009486436844,0.4016020596027374,0.6289721727371216,-0.047595519572496414,0.4107910990715027,0.6782394051551819,-0.033481940627098083,0.3202003240585327,0.6412412524223328,-0.023634709417819977,0.35262173414230347,0.6069929003715515,-0.04903777316212654,0.3735271394252777,0.6502036452293396,-0.044345658272504807,0.37737900018692017,0.6861664056777954,-0.032242290675640106,0
0.3911055028438568,0.7866170406341553,-2.0790304233742063e-07,0.4315408766269684,0.7160848379135132,-0.009000338613986969,0.4395262598991394,0.6414579153060913,-0.014895797707140446,0.4205559492111206,0.5943867564201355,-0.02449621446430683,0.40242987871170044,0.5583958029747009,-0.029963359236717224,0.3890285789966583,0.5762644410133362,0.011100878939032555,0.41612717509269714,0.5403836369514465,-0.0251784510910511,0.4350508451461792,0.5923744440078735,-0.04919629916548729,0.44262027740478516,0.6438995599746704,-0.05795595049858093,0.36011549830436707,0.5839029550552368,0.0028701662085950375,0.3919989764690399,0.5343765020370483,-0.034855686128139496,0.41730672121047974,0.5997104048728943,-0.04664478451013565,0.42766857147216797,0.655846118927002,-0.04317308962345123,0.33273977041244507,0.6010212898254395,-0.011038425378501415,0.3747691810131073,0.5657646656036377,-0.0469152107834816,0.399837464094162,0.6297650933265686,-0.04373476281762123,0.4037618339061737,0.6775064468383789,-0.02930944785475731,0.3061599135398865,0.6307801008224487,-0.02623862400650978,0.353791743516922,0.6051293611526489,-0.047285087406635284,0.37376248836517334,0.645894467830658,-0.0410597138106823,0.3716297149658203,0.6776880025863647,-0.028674354776740074,0
0.2743322253227234,0.8549680113792419,6.642169978476886e-07,0.22577011585235596,0.7784692645072937,0.004954000003635883,0.2163303941488266,0.684227466583252,-0.004799499176442623,0.23673468828201294,0.6074516177177429,-0.014177246950566769,0.2599197328090668,0.5630115270614624,-0.022782038897275925,0.20820291340351105,0.6467156410217285,-0.047386232763528824,0.18995970487594604,0.5263651013374329,-0.0635703057050705,0.17782817780971527,0.45927169919013977,-0.0682065561413765,0.16730621457099915,0.4069322943687439,-0.07065363973379135,0.25140976905822754,0.6486982107162476,-0.05725400894880295,0.2862613797187805,0.5237612128257751,-0.07171894609928131,0.3146466910839081,0.45988720655441284,-0.07179084420204163,0.3380325436592102,0.4162485599517822,-0.07136604189872742,0.29282110929489136,0.6668572425842285,-0.06181325018405914,0.32188084721565247,0.6058891415596008,-0.06259807199239731,0.31056395173072815,0.6322236657142639,-0.04190458357334137,0.2988174259662628,0.6596233248710632,-0.027958346530795097,0.328890860080719,0.6929855346679688,-0.0667206421494484,0.3437911570072174,0.6502106785774231,-0.05673970282077789,0.3333510458469391,0.6730555891990662,-0.03229843080043793,0.3239477574825287,0.6969043016433716,-0.014212287962436676,0
0.29156386852264404,0.8825897574424744,3.727763555616548e-07,0.2682669162750244,0.7981429100036621,0.018866341561079025,0.28893953561782837,0.7120757699012756,0.012426653876900673,0.3348667323589325,0.6666700839996338,0.0033254320733249187,0.3668447732925415,0.6321855783462524,-0.0065345740877091885,0.2606065273284912,0.662137508392334,-0.027423858642578125,0.26942265033721924,0.5507231950759888,-0.03443146124482155,0.2693536579608917,0.49147605895996094,-0.03424196317791939,0.26459747552871704,0.4383334517478943,-0.03818659484386444,0.282514363527298,0.6725602149963379,-0.04841866344213486,0.2935944199562073,0.551586389541626,-0.07472812384366989,0.29231467843055725,0.4795457720756531,-0.09245035797357559,0.28633520007133484,0.4216687083244324,-0.10580524802207947,0.31324777007102966,0.698900580406189,-0.06302346289157867,0.3849349915981293,0.5883989930152893,-0.09278605133295059,0.4166471064090729,0.526206374168396,-0.11174843460321426,0.43120184540748596,0.4814773201942444,-0.1244342029094696,0.34910109639167786,0.7306400537490845,-0.07231171429157257,0.39759087562561035,0.6803641319274902,-0.09360015392303467,0.3993515074253082,0.6918538808822632,-0.09942827373743057,0.39497172832489014,0.7023610472679138,-0.1041928231716156,0
0.30794334411621094,0.8768251538276672,-7.368699073140306e-08,0.2804334759712219,0.792956531047821,0.040772780776023865,0.2788044810295105,0.7111700177192688,0.05444373935461044,0.2933981120586395,0.6535223722457886,0.06032516807317734,0.3112536668777466,0.6186428070068359,0.06451135128736496,0.274574875831604,0.6575406193733215,0.013408035039901733,0.30323734879493713,0.5665329694747925,0.00894633773714304,0.3244487941265106,0.5768290162086487,0.010948892682790756,0.3370095193386078,0.5913029313087463,0.013170863501727581,0.30536723136901855,0.6567193269729614,-0.01357711385935545,0.3142602741718292,0.530251145362854,-0.02059922367334366,0.3167227506637573,0.45939862728118896,-0.025239916518330574,0.31323257088661194,0.4023745656013489,-0.02783009223639965,0.3408648669719696,0.6770392060279846,-0.03680770471692085,0.3569684624671936,0.5503764152526855,-0.0504273846745491,0.365094393491745,0.4802311658859253,-0.06459914892911911,0.3639777600765228,0.42197567224502563,-0.07350658625364304,0.38011014461517334,0.7114298939704895,-0.054253511130809784,0.41169828176498413,0.6429254412651062,-0.06900044530630112,0.4245568811893463,0.5978174209594727,-0.07762707024812698,0.4316980540752411,0.5556468963623047,-0.08269281685352325,0
0.4057678282260895,0.835982620716095,5.770007760474982e-07,0.4606396555900574,0.7683149576187134,-0.039660174399614334,0.48976439237594604,0.6805997490882874,-0.0579715222120285,0.4961669445037842,0.6031579375267029,-0.07250957936048508,0.5112852454185486,0.5380060076713562,-0.08587613701820374,0.39341819286346436,0.582440197467804,-0.034723516553640366,0.39734065532684326,0.4825175404548645,-0.057081256061792374,0.39251387119293213,0.4196452498435974,-0.07407263666391373,0.38488441705703735,0.36764591932296753,-0.08665558695793152,0.3445117473602295,0.5912448763847351,-0.0316280797123909,0.3165271282196045,0.48689770698547363,-0.05183717980980873,0.29630860686302185,0.42412078380584717,-0.06626379489898682,0.2770877182483673,0.37405335903167725,-0.07616721093654633,0.3075651228427887,0.6232085824012756,-0.03311800956726074,0.266107439994812,0.5376787781715393,-0.05532834306359291,0.24475328624248505,0.48414289951324463,-0.06897342205047607,0.2276310920715332,0.43641772866249084,-0.07747544348239899,0.2817609906196594,0.6748360991477966,-0.03823651373386383,0.23264677822589874,0.6318575739860535,-0.06121261790394783,0.20076683163642883,0.6013225317001343,-0.07157281786203384,0.17308813333511353,0.5689564943313599,-0.07682039588689804,0
0.508324384689331,0.7686729431152344,3.57443184384465e-07,0.43951380252838135,0.7813270092010498,-0.017981603741645813,0.3639727234840393,0.7404723763465881,-0.024843424558639526,0.31443551182746887,0.7006999254226685,-0.031184038147330284,0.2732580304145813,0.6760566234588623,-0.03844386339187622,0.35724589228630066,0.6063529849052429,-0.01703164353966713,0.30141595005989075,0.5396343469619751,-0.035778436809778214,0.2629842758178711,0.4995436668395996,-0.05149989575147629,0.22997571527957916,0.465432345867157,-0.06374885886907578,0.3883686363697052,0.5690667629241943,-0.025537872686982155,0.3439551889896393,0.46972399950027466,-0.04160400852560997,0.31102925539016724,0.4081752896308899,-0.05750187858939171,0.2823523283004761,0.35992687940597534,-0.06943396478891373,0.42644333839416504,0.5559545159339905,-0.03723444789648056,0.39595842361450195,0.44875845313072205,-0.057235296815633774,0.3709270656108856,0.3835313618183136,-0.07424511760473251,0.34565624594688416,0.3295026421546936,-0.08698301762342453,0.46918830275535583,0.56428462266922,-0.05030016601085663,0.47107040882110596,0.48132508993148804,-0.07108435034751892,0.465923547744751,0.4232456684112549,-0.08209827542304993,0.45773911476135254,0.3720166087150574,-0.08998848497867584,0
0.6052113175392151,0.7388063669204712,5.85398822749994e-07,0.5397049784660339,0.7535102963447571,-0.02514459192752838,0.4693524241447449,0.7200658917427063,-0.038442738354206085,0.4671035706996918,0.6547545194625854,-0.051154132932424545,0.49999743700027466,0.5984649658203125,-0.06486791372299194,0.4241492748260498,0.5913650393486023,-0.021117307245731354,0.3577917814254761,0.5348306894302368,-0.03922899067401886,0.3188644051551819,0.4952746331691742,-0.05416357144713402,0.2892908751964569,0.45828863978385925,-0.06690149009227753,0.45298802852630615,0.5439265966415405,-0.02761090360581875,0.3961032032966614,0.4510078728199005,-0.04149867594242096,0.36347365379333496,0.39254945516586304,-0.05707128345966339,0.34001338481903076,0.3421069383621216,-0.06960391998291016,0.49345046281814575,0.5247983336448669,-0.03821180760860443,0.4587584137916565,0.42206308245658875,-0.05797523632645607,0.43610548973083496,0.3611416518688202,-0.07936454564332962,0.41726571321487427,0.3100546598434448,-0.09555106610059738,0.5412325859069824,0.5295179486274719,-0.05117332935333252,0.5458502173423767,0.44969016313552856,-0.07432518154382706,0.544712245464325,0.3950401544570923,-0.08901368081569672,0.5415351390838623,0.34595853090286255,-0.09959851950407028,0
0.5940013527870178,0.7632033228874207,5.975556973680796e-07,0.5268884301185608,0.787489116191864,-0.02501159906387329,0.4542106091976166,0.7566224336624146,-0.03728167340159416,0.43287554383277893,0.7075713872909546,-0.04879258573055267,0.4349186420440674,0.6656241416931152,-0.0612785741686821,0.4075618386268616,0.6235644817352295,-0.023099012672901154,0.33988747000694275,0.5710218548774719,-0.042491402477025986,0.2992914915084839,0.5352734923362732,-0.057760365307331085,0.2665078639984131,0.5018129348754883,-0.07000023871660233,0.43787357211112976,0.5760042071342468,-0.02905365824699402,0.385124146938324,0.48389193415641785,-0.045476023107767105,0.3523384928703308,0.4227673411369324,-0.061302345246076584,0.32748252153396606,0.37241023778915405,-0.07298123836517334,0.4778626263141632,0.5580005049705505,-0.0391315221786499,0.44665825366973877,0.4634086489677429,-0.061871323734521866,0.42306533455848694,0.4015405774116516,-0.08295907825231552,0.40214186906814575,0.3498535752296448,-0.09752961248159409,0.5219346880912781,0.5642251968383789,-0.05121062695980072,0.5268865823745728,0.48212146759033203,-0.07692951709032059,0.5274534821510315,0.4239375591278076,-0.09205470234155655,0.5259713530540466,0.37138572335243225,-0.10179277509450912,0
0.5810366868972778,0.7437788248062134,2.1522627235981417e-08,0.5281612277030945,0.7586665153503418,-0.017990026623010635,0.46509313583374023,0.7066860795021057,-0.028286926448345184,0.45484623312950134,0.6281234622001648,-0.03896301984786987,0.473291277885437,0.557628333568573,-0.04980168864130974,0.433227002620697,0.6332575678825378,-0.014651605859398842,0.393445760011673,0.631211519241333,-0.04305719584226608,0.40326693654060364,0.6749808192253113,-0.06722401082515717,0.4202364385128021,0.7058157324790955,-0.08062324672937393,0.4454561769962311,0.5833980441093445,-0.022728867828845978,0.3804868459701538,0.5294915437698364,-0.03473250940442085,0.333353191614151,0.49916237592697144,-0.048790883272886276,0.2927454113960266,0.46696609258651733,-0.06085241958498955,0.47743725776672363,0.5549266934394836,-0.03605014085769653,0.43263334035873413,0.4561728537082672,-0.058366235345602036,0.39372992515563965,0.39806944131851196,-0.08377288281917572,0.3576648533344269,0.3451506495475769,-0.10285811871290207,0.5193058252334595,0.5484679937362671,-0.04995928332209587,0.5290862321853638,0.46762558817863464,-0.07431672513484955,0.530328631401062,0.4109516143798828,-0.08928921073675156,0.5273496508598328,0.3595515191555023,-0.10042781382799149,0
0.5739321112632751,0.7521733045578003,5.029749559071206e-07,0.5110770463943481,0.762355387210846,-0.015389428474009037,0.44450193643569946,0.702735960483551,-0.024111010134220123,0.40371426939964294,0.646317183971405,-0.03444143384695053,0.36973604559898376,0.6074419021606445,-0.04194952920079231,0.4489572048187256,0.5974937081336975,-0.022643940523266792,0.39017942547798157,0.5243874788284302,-0.04394279792904854,0.35083651542663574,0.4872395396232605,-0.054511308670043945,0.32055962085723877,0.4528425335884094,-0.06170668825507164,0.4706520736217499,0.5650804042816162,-0.03017381764948368,0.41843870282173157,0.48649123311042786,-0.06205691024661064,0.3746662735939026,0.42831170558929443,-0.0808931291103363,0.34005075693130493,0.3750087022781372,-0.09122802317142487,0.5034457445144653,0.5516104698181152,-0.039782050997018814,0.4726314842700958,0.5109302997589111,-0.08082608133554459,0.46823832392692566,0.5549814105033875,-0.0902758240699768,0.4686433672904968,0.5917882919311523,-0.08728817105293274,0.5420525074005127,0.5521868467330933,-0.050266385078430176,0.5546949505805969,0.4778122901916504,-0.08776425570249557,0.5631861686706543,0.4216718077659607,-0.10330984741449356,0.5679564476013184,0.3673924207687378,-0.10897728055715561,0
0.5719937086105347,0.7632336020469666,-1.412442003356773e-07,0.5089225172996521,0.7707961201667786,-0.017120663076639175,0.4388452470302582,0.7049661874771118,-0.023963673040270805,0.40217188000679016,0.6419757008552551,-0.030733883380889893,0.37021249532699585,0.6147160530090332,-0.03611254692077637,0.44140228629112244,0.5856320261955261,-0.020879708230495453,0.384086549282074,0.5023581385612488,-0.040731776505708694,0.34709662199020386,0.4588705003261566,-0.051618244498968124,0.31817692518234253,0.4153660833835602,-0.06117626652121544,0.4759671688079834,0.5585826635360718,-0.027550984174013138,0.45019349455833435,0.48580998182296753,-0.0718570128083229,0.4593510031700134,0.5479826331138611,-0.08604983240365982,0.4752838909626007,0.6041939854621887,-0.08468449860811234,0.5127267241477966,0.5499475598335266,-0.03619665279984474,0.4920022785663605,0.45301100611686707,-0.07477162778377533,0.49902862310409546,0.48258474469184875,-0.07852854579687119,0.5126211047172546,0.5107930302619934,-0.07271524518728256,0.5512232780456543,0.558688759803772,-0.04575459286570549,0.5642321109771729,0.4776965081691742,-0.07706280797719955,0.5682782530784607,0.4264064431190491,-0.08869139850139618,0.5722639560699463,0.37202876806259155,-0.09226248413324356,0
0.554169774055481,0.8111568689346313,5.406776608651853e-07,0.48781415820121765,0.8115332722663879,-0.018631592392921448,0.4287116527557373,0.7532294392585754,-0.0288387443870306,0.38550886511802673,0.7107347846031189,-0.038895055651664734,0.3415073752403259,0.6971256732940674,-0.0503612756729126,0.4071226716041565,0.6242730021476746,-0.019352015107870102,0.35323014855384827,0.5521582365036011,-0.0377933569252491,0.3220885097980499,0.5046349763870239,-0.05308600887656212,0.29808324575424194,0.4594327509403229,-0.06587040424346924,0.44165655970573425,0.5942988991737366,-0.029765576124191284,0.409236341714859,0.4931810200214386,-0.04728935658931732,0.3876025080680847,0.4267829656600952,-0.06560368835926056,0.37163594365119934,0.3719891309738159,-0.07996532320976257,0.48119011521339417,0.5962938070297241,-0.04326358810067177,0.4752325415611267,0.48871272802352905,-0.06834667921066284,0.46741554141044617,0.4194105565547943,-0.09091955423355103,0.45929205417633057,0.3583647310733795,-0.10750267654657364,0.5212729573249817,0.6247525811195374,-0.05768919363617897,0.5449029207229614,0.5440302491188049,-0.08700719475746155,0.5566978454589844,0.4871140122413635,-0.10399436205625534,0.5648948550224304,0.4332145154476166,-0.11557663977146149,0
0.4766570031642914,0.7225289940834045,6.926397304596321e-07,0.41571903228759766,0.693035364151001,-0.025144008919596672,0.3711581230163574,0.6184435486793518,-0.04131884500384331,0.39492902159690857,0.5704862475395203,-0.056839264929294586,0.44798481464385986,0.5555554032325745,-0.0747588723897934,0.37624025344848633,0.49085384607315063,-0.03401452302932739,0.3535151183605194,0.3937487304210663,-0.05679609254002571,0.3379806876182556,0.33308082818984985,-0.07485771179199219,0.32753416895866394,0.28006115555763245,-0.09037657827138901,0.4097181558609009,0.47246748208999634,-0.04201451316475868,0.3928949236869812,0.35965728759765625,-0.06281719356775284,0.380459725856781,0.2869582772254944,-0.08171985298395157,0.37232714891433716,0.2243371307849884,-0.09673722833395004,0.44279223680496216,0.484899640083313,-0.05324193835258484,0.4593646228313446,0.37246209383010864,-0.08088123053312302,0.4697488248348236,0.2994654178619385,-0.10708675533533096,0.4786761999130249,0.23716935515403748,-0.12638536095619202,0.4735671877861023,0.5241952538490295,-0.0661623403429985,0.5186363458633423,0.4601556360721588,-0.0994352251291275,0.5456611514091492,0.4119791090488434,-0.12030178308486938,0.5682563781738281,0.3663386106491089,-0.13479043543338776,0
0.4728952646255493,0.6605958938598633,3.6030371575179743e-07,0.4104372262954712,0.6327420473098755,-0.015129339881241322,0.3638778626918793,0.5506232380867004,-0.017650894820690155,0.3397136330604553,0.48197877407073975,-0.019129684194922447,0.3199617862701416,0.42717549204826355,-0.021354470402002335,0.3821891248226166,0.4341631531715393,-0.01357114128768444,0.36598342657089233,0.33476966619491577,-0.027567997574806213,0.36419644951820374,0.2681351900100708,-0.0381360724568367,0.3656730651855469,0.21341168880462646,-0.04708753526210785,0.4215960204601288,0.424202561378479,-0.02421194314956665,0.4207596182823181,0.3109701871871948,-0.03616078943014145,0.42469221353530884,0.23659062385559082,-0.049205608665943146,0.4283749759197235,0.1768801510334015,-0.05958328768610954,0.45647019147872925,0.44287392497062683,-0.037991948425769806,0.46772268414497375,0.33624863624572754,-0.06248725950717926,0.4665384590625763,0.26759615540504456,-0.08588549494743347,0.4632956087589264,0.2085360884666443,-0.10312040150165558,0.48944979906082153,0.48433950543403625,-0.051895447075366974,0.48923763632774353,0.4375705420970917,-0.08274165540933609,0.46440601348876953,0.46219393610954285,-0.0955335721373558,0.43791094422340393,0.4942459166049957,-0.10402258485555649,0
0.48665156960487366,0.6728832125663757,7.970977549121017e-07,0.43097352981567383,0.6497937440872192,-0.033238790929317474,0.38589802384376526,0.5956587195396423,-0.05835307762026787,0.3895466923713684,0.5523508787155151,-0.08065935969352722,0.4285103380680084,0.5192340016365051,-0.10417447239160538,0.4009400010108948,0.43718788027763367,-0.04956328868865967,0.384997695684433,0.3322933316230774,-0.07957375794649124,0.3786031901836395,0.26567700505256653,-0.10133013874292374,0.37736159563064575,0.20881544053554535,-0.11798334866762161,0.44189029932022095,0.4274505078792572,-0.05594376474618912,0.4450298845767975,0.306347519159317,-0.08250060677528381,0.44966059923171997,0.22699864208698273,-0.10389107465744019,0.45652103424072266,0.16003185510635376,-0.1197109967470169,0.4779960811138153,0.4494342803955078,-0.06569281220436096,0.5002612471580505,0.3346467614173889,-0.09736395627260208,0.5121328830718994,0.2594006061553955,-0.12213464826345444,0.5216107368469238,0.19361743330955505,-0.13967637717723846,0.5092864036560059,0.4983912706375122,-0.07731509208679199,0.5547707676887512,0.4359438717365265,-0.11237933486700058,0.581557035446167,0.38747942447662354,-0.1311369389295578,0.602432370185852,0.34075167775154114,-0.14305974543094635,0
0.4627548158168793,0.8206297755241394,3.7004519981564954e-07,0.3936402499675751,0.8204955458641052,-0.012526005506515503,0.32389014959335327,0.7620980143547058,-0.015390808694064617,0.2781611680984497,0.7126705646514893,-0.01839541085064411,0.23683877289295197,0.6866245865821838,-0.022252075374126434,0.3123580515384674,0.6394321918487549,-0.009335381910204887,0.25705045461654663,0.5690872073173523,-0.02298634685575962,0.22504158318042755,0.5233164429664612,-0.03365304321050644,0.2019752562046051,0.48484259843826294,-0.04212084412574768,0.34567123651504517,0.6064870357513428,-0.018330950289964676,0.30668434500694275,0.508591890335083,-0.029830649495124817,0.28273090720176697,0.44622689485549927,-0.042215365916490555,0.26615971326828003,0.3978883624076843,-0.051536042243242264,0.38636159896850586,0.5987061858177185,-0.030247993767261505,0.36441361904144287,0.49543678760528564,-0.04780547693371773,0.34662437438964844,0.4303479492664337,-0.06557663530111313,0.3314240872859955,0.37588179111480713,-0.0790894627571106,0.4313926100730896,0.613241970539093,-0.042881399393081665,0.44497814774513245,0.5351889133453369,-0.06402262300252914,0.44838908314704895,0.4786906838417053,-0.0770898088812828,0.44935184717178345,0.4277001619338989,-0.08614519983530045,0
0.48083004355430603,0.7848013639450073,5.302657655192888e-07,0.41166049242019653,0.7621824741363525,-0.01740729808807373,0.3547467291355133,0.6921736598014832,-0.029319554567337036,0.31678807735443115,0.637186586856842,-0.041021041572093964,0.28048253059387207,0.6005436778068542,-0.05405568331480026,0.36782175302505493,0.5607786178588867,-0.024119215086102486,0.34649568796157837,0.4602455496788025,-0.047450918704271317,0.3332556486129761,0.3964485824108124,-0.06544116884469986,0.32402336597442627,0.3437414765357971,-0.07847809791564941,0.4011194109916687,0.5478851795196533,-0.03490518778562546,0.3956805169582367,0.42800647020339966,-0.055855829268693924,0.39216676354408264,0.3502872884273529,-0.07352646440267563,0.391654908657074,0.28688547015190125,-0.086335189640522,0.4356027841567993,0.5593956112861633,-0.04850481078028679,0.4377691149711609,0.4398277699947357,-0.07165396213531494,0.4383743703365326,0.3667083978652954,-0.08903346955776215,0.4381350576877594,0.3041536509990692,-0.10178003460168839,0.47215282917022705,0.5933203101158142,-0.06332699209451675,0.4949093461036682,0.5072162747383118,-0.0867815688252449,0.5080469846725464,0.4488886594772339,-0.09812931716442108,0.5182744860649109,0.3956757187843323,-0.10581851750612259,0
0.7367717027664185,0.7322983741760254,4.147439085500082e-07,0.6540319323539734,0.6921035051345825,-0.021859249100089073,0.5805095434188843,0.603706419467926,-0.03650926798582077,0.5231471061706543,0.5456324219703674,-0.05175384506583214,0.4680579900741577,0.522814929485321,-0.06824324280023575,0.6261519193649292,0.4444451928138733,-0.020681068301200867,0.5977369546890259,0.33836182951927185,-0.0478135384619236,0.582081139087677,0.27356451749801636,-0.07223930954933167,0.5675838589668274,0.2174803614616394,-0.09080907702445984,0.6732577681541443,0.4284018576145172,-0.03220296651124954,0.6582354307174683,0.3076028823852539,-0.05732697620987892,0.6398108005523682,0.23834827542304993,-0.07982099056243896,0.6187830567359924,0.18228983879089355,-0.09610548615455627,0.7234315872192383,0.4399619996547699,-0.047554679214954376,0.7188549041748047,0.32396382093429565,-0.07380729913711548,0.7027144432067871,0.25899744033813477,-0.0899541974067688,0.6812414526939392,0.2051873505115509,-0.1012086421251297,0.7756370306015015,0.4764382541179657,-0.06517822295427322,0.8022929430007935,0.37888675928115845,-0.08828500658273697,0.808860719203949,0.31274300813674927,-0.09793286770582199,0.806114673614502,0.2523776590824127,-0.1044079065322876,0
0.7192568778991699,0.7606359124183655,-9.685196573627763e-07,0.6482382416725159,0.7195236086845398,-0.016160480678081512,0.585711658000946,0.6105650663375854,-0.024940744042396545,0.5511395931243896,0.5200450420379639,-0.039304934442043304,0.5070470571517944,0.4684999883174896,-0.051053255796432495,0.6449030041694641,0.5162467360496521,-0.0015093792462721467,0.6259945034980774,0.48259738087654114,-0.04157803952693939,0.6295117735862732,0.5647218823432922,-0.06425207108259201,0.6343006491661072,0.6358654499053955,-0.06935269385576248,0.6944968700408936,0.5054575800895691,-0.007084019482135773,0.6750919818878174,0.4703567326068878,-0.05413706600666046,0.6714271903038025,0.57184898853302,-0.07086744159460068,0.6690976619720459,0.6522403955459595,-0.06995856016874313,0.7468411922454834,0.5067751407623291,-0.01841590739786625,0.7281197309494019,0.461719274520874,-0.06681478768587112,0.7173095345497131,0.5570415258407593,-0.07159429043531418,0.7112535834312439,0.6345383524894714,-0.058185335248708725,0.7985832691192627,0.5130945444107056,-0.030028412118554115,0.8083975315093994,0.408143013715744,-0.05475296080112457,0.8080890774726868,0.3405452370643616,-0.05983021482825279,0.7995201349258423,0.2772919535636902,-0.05657290667295456,0
0.7364485859870911,0.8350910544395447,-3.113733839654742e-07,0.7473834156990051,0.7072504758834839,-0.004789820872247219,0.7388827800750732,0.5887323021888733,-0.015500782057642937,0.7417703866958618,0.48929792642593384,-0.027171529829502106,0.769517719745636,0.4237678050994873,-0.038286689668893814,0.6059246063232422,0.5786150097846985,-0.002857511630281806,0.6079885959625244,0.5585348606109619,0.0010710099013522267,0.6367523074150085,0.5962148308753967,-0.006819238420575857,0.6530541181564331,0.6264448165893555,-0.013447443023324013,0.5654720067977905,0.6285532712936401,-0.0060698711313307285,0.5841264128684998,0.6232868432998657,0.008641812019050121,0.6107415556907654,0.6541744470596313,0.0008633906836621463,0.6248279213905334,0.6775767803192139,-0.01126400288194418,0.5442370176315308,0.6891659498214722,-0.007023337297141552,0.5493838787078857,0.6740645170211792,-8.64985486259684e-05,0.5796120166778564,0.7010400295257568,-0.005524815991520882,0.6002916693687439,0.7243250608444214,-0.012027003802359104,0.531516969203949,0.7466157674789429,-0.0072776987217366695,0.4746525287628174,0.6911202669143677,0.0007649881881661713,0.43971818685531616,0.6563272476196289,0.008067850023508072,0.41225752234458923,0.6276580095291138,0.01254571508616209,0
0.7080897092819214,0.8317077159881592,8.197075658245012e-07,0.7287221550941467,0.7144320011138916,-0.022589078173041344,0.7269894480705261,0.6061097383499146,-0.04345708340406418,0.726814329624176,0.5085256695747375,-0.06279059499502182,0.7530635595321655,0.4415369927883148,-0.08309438079595566,0.6001855134963989,0.5899735689163208,-0.02523188479244709,0.5605149865150452,0.47935986518859863,-0.03489421308040619,0.534333348274231,0.4191839098930359,-0.04382238909602165,0.5130261778831482,0.37740957736968994,-0.051263343542814255,0.5588858127593994,0.6312123537063599,-0.024625513702630997,0.5030489563941956,0.5211464166641235,-0.029126212000846863,0.4648711085319519,0.46177923679351807,-0.03586119785904884,0.4361383020877838,0.4202272295951843,-0.04247167333960533,0.5341419577598572,0.6824619174003601,-0.025333959609270096,0.4705260992050171,0.5885077118873596,-0.02856133133172989,0.4332883358001709,0.5377147197723389,-0.039678171277046204,0.4076118469238281,0.5012248158454895,-0.05015547573566437,0.5239343643188477,0.738940954208374,-0.027721503749489784,0.46351149678230286,0.6995508074760437,-0.033054109662771225,0.42640239000320435,0.6785809397697449,-0.03879782557487488,0.39821112155914307,0.6620665788650513,-0.043256912380456924,0
0.7054368257522583,0.8357651829719543,1.3101451656893914e-07,0.7153764963150024,0.7209286689758301,0.002270833821967244,0.6759993433952332,0.6379172205924988,-0.0028981762006878853,0.6191911101341248,0.623472273349762,-0.004076071549206972,0.5790541172027588,0.630639374256134,-0.004513612482696772,0.6030636429786682,0.5894740223884583,-0.027857130393385887,0.5655950903892517,0.4758620262145996,-0.04637133330106735,0.5343095064163208,0.4018431603908539,-0.054462142288684845,0.5078253149986267,0.34630560874938965,-0.05944056436419487,0.5542309284210205,0.6360893845558167,-0.03077026456594467,0.5169563293457031,0.5463983416557312,-0.05590866133570671,0.5432127714157104,0.5628214478492737,-0.05303920805454254,0.5708261728286743,0.5905256867408752,-0.0419011265039444,0.5283299684524536,0.6931265592575073,-0.03300405666232109,0.4665100574493408,0.6038362979888916,-0.054496075958013535,0.4310980439186096,0.5440984964370728,-0.06450005620718002,0.3984956741333008,0.498346745967865,-0.06842359900474548,0.5173400044441223,0.751467764377594,-0.031155219301581383,0.45711368322372437,0.7241514921188354,-0.04547782987356186,0.42354512214660645,0.7095659971237183,-0.04965518042445183,0.3862925171852112,0.6958240270614624,-0.051288072019815445,0
0.6435132622718811,0.8257696628570557,4.963503101862443e-07,0.5691119432449341,0.8003213405609131,-0.018231557682156563,0.5071988701820374,0.7542347311973572,-0.045311812311410904,0.44807693362236023,0.7408744096755981,-0.0744922086596489,0.38964924216270447,0.7437326312065125,-0.10844708979129791,0.5200091600418091,0.6111178398132324,-0.05423927307128906,0.4728890061378479,0.532938539981842,-0.0975157767534256,0.4334244728088379,0.4815780520439148,-0.13136860728263855,0.3982444405555725,0.43979305028915405,-0.1567980796098709,0.5467478632926941,0.6073624491691589,-0.07529225945472717,0.5085054039955139,0.5143109560012817,-0.12130729109048843,0.4633110761642456,0.46039289236068726,-0.15392503142356873,0.41966474056243896,0.41495659947395325,-0.1773519217967987,0.5804954767227173,0.628861665725708,-0.09845618903636932,0.5722190737724304,0.5280901193618774,-0.14784619212150574,0.5493221282958984,0.4718073308467865,-0.17952975630760193,0.5231420397758484,0.4185876250267029,-0.20208360254764557,0.6198453307151794,0.6768905520439148,-0.12163794785737991,0.6671093106269836,0.5984839200973511,-0.17067354917526245,0.6871758103370667,0.5391378402709961,-0.19703613221645355,0.6985011696815491,0.47899702191352844,-0.21564902365207672,0
0.6239081025123596,0.9133154153823853,9.740768973642844e-07,0.5625191926956177,0.9036359190940857,-0.029057130217552185,0.510804295539856,0.8702351450920105,-0.05851441249251366,0.46938711404800415,0.8538181781768799,-0.088173508644104,0.4269421100616455,0.8630915880203247,-0.11784500628709793,0.48469945788383484,0.7126523852348328,-0.061794012784957886,0.42534908652305603,0.6117562651634216,-0.09760875254869461,0.39245396852493286,0.546428382396698,-0.11993724852800369,0.3655581772327423,0.49471357464790344,-0.13739481568336487,0.5302538275718689,0.6882600784301758,-0.07328518480062485,0.5072059035301208,0.5623474717140198,-0.11472593992948532,0.486181378364563,0.4844405949115753,-0.14063304662704468,0.4700610041618347,0.422380268573761,-0.15880072116851807,0.5790831446647644,0.6989579200744629,-0.08654673397541046,0.5808483958244324,0.5797731280326843,-0.1315613090991974,0.5719214081764221,0.595676064491272,-0.14285266399383545,0.5615466833114624,0.6186230182647705,-0.14522123336791992,0.6292295455932617,0.7313500046730042,-0.10165475308895111,0.6609786748886108,0.6482919454574585,-0.1491207778453827,0.6785932779312134,0.5890226364135742,-0.1687188297510147,0.691008448600769,0.5324389934539795,-0.17713004350662231,0
0.6295669078826904,0.9062637090682983,1.1419280099289608e-06,0.5605866312980652,0.9038287997245789,-0.03841535001993179,0.5060312747955322,0.864021360874176,-0.07311367243528366,0.5042208433151245,0.8267428874969482,-0.10848846286535263,0.5466527342796326,0.8051269054412842,-0.14136870205402374,0.48756226897239685,0.6851601600646973,-0.05842609703540802,0.43668392300605774,0.5862036347389221,-0.09411601722240448,0.40963122248649597,0.5214546322822571,-0.11633780598640442,0.38852497935295105,0.46443605422973633,-0.13611184060573578,0.5378827452659607,0.6553387641906738,-0.06714332103729248,0.515810489654541,0.5399978160858154,-0.11619678139686584,0.49419742822647095,0.4628209173679352,-0.1488315612077713,0.47973936796188354,0.3900741934776306,-0.1721285879611969,0.5905457735061646,0.6652600169181824,-0.07853088527917862,0.5835457444190979,0.5747679471969604,-0.13329583406448364,0.5661349892616272,0.6580033898353577,-0.14047087728977203,0.5518775582313538,0.7240757346153259,-0.136072039604187,0.6418421864509583,0.7014427185058594,-0.09324735403060913,0.6664119958877563,0.628238320350647,-0.14735661447048187,0.6829389333724976,0.5753517150878906,-0.16785307228565216,0.6941535472869873,0.5132904052734375,-0.17522644996643066,0
0.6221091747283936,0.9101786613464355,6.444926725635014e-08,0.5603200197219849,0.891292929649353,-0.01921863481402397,0.5110622048377991,0.8345023393630981,-0.04669639840722084,0.4882638156414032,0.796478271484375,-0.07716603577136993,0.4993671476840973,0.7673732042312622,-0.10849267244338989,0.5191895961761475,0.6721881031990051,-0.02560994401574135,0.4938638508319855,0.552038311958313,-0.05512537434697151,0.47757861018180847,0.48248207569122314,-0.07291995733976364,0.4745638370513916,0.4211854040622711,-0.0879550501704216,0.5575628280639648,0.6670433282852173,-0.04289321228861809,0.5217398405075073,0.6036098003387451,-0.10544318705797195,0.5034093856811523,0.6770508289337158,-0.12480539083480835,0.5005356073379517,0.7276390194892883,-0.12161165475845337,0.6025062799453735,0.6737858653068542,-0.06455548852682114,0.5937033891677856,0.5695326924324036,-0.10980334132909775,0.5803754925727844,0.500128448009491,-0.12315377593040466,0.5678238272666931,0.42654815316200256,-0.12645353376865387,0.6458916664123535,0.7003217935562134,-0.08717716485261917,0.6755538582801819,0.6237911581993103,-0.1166316345334053,0.6955927610397339,0.5712274312973022,-0.12283524870872498,0.7091355323791504,0.5092573165893555,-0.12505246698856354,0
0.6212113499641418,0.9079553484916687,5.4428486606639126e-08,0.5570162534713745,0.8890311121940613,-0.017161065712571144,0.506912350654602,0.833254873752594,-0.042659349739551544,0.48650044202804565,0.7984837889671326,-0.0709185004234314,0.4953954219818115,0.7693686485290527,-0.10008759051561356,0.5186500549316406,0.6718204021453857,-0.026794997975230217,0.4961097836494446,0.5508652329444885,-0.052866559475660324,0.4793541133403778,0.4799480438232422,-0.06805669516324997,0.47249656915664673,0.41502845287323,-0.08202321827411652,0.558939516544342,0.6675055027008057,-0.04438268393278122,0.527817964553833,0.6074990630149841,-0.10494261980056763,0.5073568820953369,0.68131422996521,-0.12402288615703583,0.5026792883872986,0.7367035150527954,-0.12171464413404465,0.6033825278282166,0.6761038303375244,-0.06577872484922409,0.5947703719139099,0.5757431983947754,-0.10982893407344818,0.5779712796211243,0.5087164044380188,-0.12468940019607544,0.5637692213058472,0.43957236409187317,-0.129710853099823,0.6471363306045532,0.7028893232345581,-0.08766066282987595,0.6787868142127991,0.6251235604286194,-0.11623174697160721,0.6982645988464355,0.5715656280517578,-0.12383532524108887,0.711267352104187,0.510644257068634,-0.12771283090114594,0
0.6646586060523987,0.8258177638053894,6.572862503162469e-07,0.5957470536231995,0.7986747622489929,-0.017887819558382034,0.53495192527771,0.7539716362953186,-0.039498470723629,0.4769989848136902,0.7483406066894531,-0.06215646117925644,0.4247073531150818,0.7550654411315918,-0.08830401301383972,0.5566198229789734,0.6044695377349854,-0.041128821671009064,0.508826494216919,0.514313280582428,-0.07708032429218292,0.46701961755752563,0.46354061365127563,-0.10504218190908432,0.43005430698394775,0.42422157526016235,-0.1247376948595047,0.5808594822883606,0.5949044227600098,-0.05694371461868286,0.5549820065498352,0.48761945962905884,-0.09168791025876999,0.5230323672294617,0.41600310802459717,-0.11937584728002548,0.49384573101997375,0.35625529289245605,-0.13861320912837982,0.6086871027946472,0.6092731952667236,-0.07492414116859436,0.6022828221321106,0.5042936205863953,-0.11067855358123779,0.5810259580612183,0.42536312341690063,-0.13883769512176514,0.5584442019462585,0.3521712124347687,-0.15924248099327087,0.6385067701339722,0.6473593711853027,-0.0933384820818901,0.6762292385101318,0.5712915658950806,-0.12614130973815918,0.6905537843704224,0.5092048645019531,-0.14373210072517395,0.6986483335494995,0.4482463002204895,-0.1563197821378708,0
0.6762648224830627,0.9148136377334595,4.6777037709944125e-07,0.6308258771896362,0.8326677680015564,0.005797600373625755,0.5874882936477661,0.7478492259979248,0.0017215345287695527,0.5507324934005737,0.688605785369873,-0.005873619578778744,0.5149735808372498,0.6491076946258545,-0.014683905057609081,0.5896495580673218,0.6568911075592041,-0.007876201532781124,0.5085100531578064,0.6165377497673035,-0.02252359874546528,0.4590427577495575,0.6088250279426575,-0.03567643463611603,0.41888952255249023,0.5880901217460632,-0.04716900363564491,0.5854495763778687,0.677428126335144,-0.02429967373609543,0.5241134166717529,0.5906239151954651,-0.04477337747812271,0.47719889879226685,0.5283412933349609,-0.06557828933000565,0.4392642676830292,0.47758549451828003,-0.08229362964630127,0.5770071148872375,0.7261149287223816,-0.03977172449231148,0.5049690008163452,0.6671165227890015,-0.06717441231012344,0.4446539580821991,0.6900180578231812,-0.0827861949801445,0.4039728045463562,0.7119666337966919,-0.09089402854442596,0.5606531500816345,0.7900495529174805,-0.05340137332677841,0.5208596587181091,0.7462204098701477,-0.08449441194534302,0.496663898229599,0.7099583148956299,-0.10086935758590698,0.4770705997943878,0.6740771532058716,-0.11045145988464355,0
0.6432538032531738,0.9465080499649048,7.689555445722362e-07,0.6638520359992981,0.8308814764022827,-0.03180605545639992,0.6268309950828552,0.7230981588363647,-0.04143586754798889,0.5615853071212769,0.6513742208480835,-0.042698152363300323,0.5266574621200562,0.5844143629074097,-0.04080628231167793,0.5410621762275696,0.724162757396698,-0.05645643547177315,0.45579954981803894,0.602792501449585,-0.07002969831228256,0.41363057494163513,0.5403271317481995,-0.07033833861351013,0.37701717019081116,0.4947625398635864,-0.06585089862346649,0.494475394487381,0.7769963145256042,-0.03937444090843201,0.41492098569869995,0.6588504314422607,-0.047583453357219696,0.3712063431739807,0.5903632640838623,-0.045167554169893265,0.33878451585769653,0.5508885979652405,-0.03999815508723259,0.4731229543685913,0.8234915733337402,-0.021273795515298843,0.4589189887046814,0.7261711359024048,-0.027839798480272293,0.4936084747314453,0.7184889316558838,-0.022445065900683403,0.5245650410652161,0.7387579083442688,-0.012566249817609787,0.46661990880966187,0.8622488975524902,-0.005584116093814373,0.47551408410072327,0.7829463481903076,-0.004096018150448799,0.5024536848068237,0.7780984044075012,0.0034132120199501514,0.5258041620254517,0.7953771352767944,0.01349309179931879,0
0.6664933562278748,0.9638236165046692,8.593256666244997e-07,0.6829696893692017,0.8619425296783447,-0.07027672231197357,0.6537293791770935,0.7625098824501038,-0.10267765074968338,0.6170095801353455,0.6781625747680664,-0.1210055872797966,0.6054525971412659,0.6260501146316528,-0.13322117924690247,0.5150608420372009,0.7614920139312744,-0.07649027556180954,0.41387584805488586,0.7149440050125122,-0.09994134306907654,0.3496052920818329,0.7044091820716858,-0.11643974483013153,0.2950296998023987,0.6983985304832458,-0.12577112019062042,0.4828011989593506,0.806426465511322,-0.044352009892463684,0.421451598405838,0.7060128450393677,-0.06151954084634781,0.3933179974555969,0.6323935389518738,-0.07023146003484726,0.37587112188339233,0.5756410956382751,-0.07439149916172028,0.4710313379764557,0.8387377262115479,-0.015461632050573826,0.44618725776672363,0.7291224002838135,-0.02930338867008686,0.45548245310783386,0.6671676635742188,-0.033685650676488876,0.46865954995155334,0.6251537203788757,-0.033118657767772675,0.46951889991760254,0.8577018976211548,0.007069187238812447,0.4674453139305115,0.7645495533943176,-0.0019619045779109,0.48074573278427124,0.715407133102417,-0.0025512136053293943,0.4969233572483063,0.6819595694541931,0.0012185503728687763,0
0.5370033383369446,1.0072855949401855,4.445907393346715e-07,0.47324344515800476,0.9796051979064941,-0.01599537767469883,0.4250379502773285,0.9150106906890869,-0.03060455620288849,0.39621663093566895,0.8587794899940491,-0.04499972239136696,0.359272837638855,0.818835437297821,-0.06084783002734184,0.41971316933631897,0.8034896850585938,-0.038151536136865616,0.3722163438796997,0.708804726600647,-0.063591867685318,0.34620362520217896,0.6492468118667603,-0.080075204372406,0.32657936215400696,0.5971219539642334,-0.09194903075695038,0.454243004322052,0.7922519445419312,-0.05023878440260887,0.42614221572875977,0.6659197807312012,-0.07492327690124512,0.4129311442375183,0.5820682048797607,-0.0928095281124115,0.40581968426704407,0.5140933990478516,-0.10514804720878601,0.4952947497367859,0.8077574968338013,-0.06388635188341141,0.4834704101085663,0.6796389222145081,-0.09272580593824387,0.47542616724967957,0.5972028970718384,-0.11616811156272888,0.46756818890571594,0.5275776386260986,-0.13209033012390137,0.5417370796203613,0.8430430293083191,-0.07737299054861069,0.5646383762359619,0.7551007270812988,-0.10712361335754395,0.5728746056556702,0.6924523711204529,-0.12450481951236725,0.5745925903320312,0.6346821188926697,-0.13593482971191406,0
0.5875758528709412,0.984548807144165,-2.381574972787348e-07,0.5361347794532776,0.9064453840255737,-0.001521508558653295,0.5015534162521362,0.8071767687797546,-0.009837149642407894,0.46245884895324707,0.7473947405815125,-0.025719627737998962,0.4150616526603699,0.7146090269088745,-0.041794583201408386,0.5751403570175171,0.7028116583824158,0.0189386997371912,0.54555344581604,0.6201353669166565,-0.014486096799373627,0.5027741193771362,0.6217599511146545,-0.04720053821802139,0.46374258399009705,0.6430519819259644,-0.06550342589616776,0.599989652633667,0.6959748864173889,0.0015058310236781836,0.5933648943901062,0.5879566073417664,-0.02279399335384369,0.5581724643707275,0.5389173030853271,-0.04537317529320717,0.5185858011245728,0.5139797925949097,-0.059195857495069504,0.6271929740905762,0.7145792841911316,-0.021722041070461273,0.6367937326431274,0.6063894629478455,-0.04329066723585129,0.6077108979225159,0.5457461476325989,-0.06060827895998955,0.569075882434845,0.5037120580673218,-0.07130376994609833,0.6523160338401794,0.7551243305206299,-0.046474359929561615,0.6988837122917175,0.6874163746833801,-0.06149511784315109,0.6997132897377014,0.6294406056404114,-0.07201045751571655,0.6809336543083191,0.5796282291412354,-0.07976345717906952,0
0.6061745882034302,0.9810160994529724,-2.943039021374716e-07,0.548648476600647,0.8976268768310547,0.017118502408266068,0.5246700048446655,0.7884072661399841,0.017072640359401703,0.4965793490409851,0.7236301898956299,0.006476148031651974,0.46091127395629883,0.6715210676193237,-0.004537010099738836,0.6082939505577087,0.7040876746177673,0.036502376198768616,0.575080931186676,0.60763019323349,0.015539584681391716,0.5317354202270508,0.5866904258728027,-0.007558340206742287,0.496523380279541,0.5860303044319153,-0.0217579398304224,0.6216369867324829,0.7059230804443359,0.010337905958294868,0.5882222652435303,0.5895720720291138,-0.0026571813505142927,0.5507820844650269,0.5275384187698364,-0.01933286339044571,0.5206061601638794,0.48275890946388245,-0.032956402748823166,0.6298789978027344,0.7269285917282104,-0.01980237290263176,0.6063107848167419,0.6089626550674438,-0.032027631998062134,0.5776547789573669,0.546711266040802,-0.038773830980062485,0.5556332468986511,0.5015900135040283,-0.04506191983819008,0.6278180480003357,0.7543468475341797,-0.05032629147171974,0.6160768866539001,0.6592685580253601,-0.05983102694153786,0.6006771326065063,0.5971571207046509,-0.06180226802825928,0.5857348442077637,0.5421677231788635,-0.0645875409245491,0
0.7138275504112244,0.8352168798446655,5.977786941002705e-07,0.7088108658790588,0.7072557210922241,-0.013191970996558666,0.6466646790504456,0.631259024143219,-0.02738884650170803,0.5717093348503113,0.6188066601753235,-0.03530920296907425,0.5173420906066895,0.6365835070610046,-0.04470892995595932,0.6265789866447449,0.6309574246406555,-0.0705830305814743,0.5343801975250244,0.546006441116333,-0.09395038336515427,0.47492754459381104,0.49988797307014465,-0.10200409591197968,0.4284512400627136,0.46624910831451416,-0.10503978282213211,0.5853126049041748,0.6951532363891602,-0.07130621373653412,0.47217684984207153,0.6192535161972046,-0.09702549129724503,0.405424565076828,0.5733931064605713,-0.10364831238985062,0.3561260998249054,0.5400587916374207,-0.10518650710582733,0.5547708868980408,0.7517218589782715,-0.0680386871099472,0.4549150764942169,0.6779763102531433,-0.08567147701978683,0.4007608890533447,0.6234127879142761,-0.08962312340736389,0.3611130714416504,0.584057092666626,-0.09006664901971817,0.5405698418617249,0.7902922630310059,-0.06358927488327026,0.4801829755306244,0.7132454514503479,-0.07013049721717834,0.46296602487564087,0.6670156121253967,-0.06487952917814255,0.454502671957016,0.635881245136261,-0.05933815985918045,0
0.7467343807220459,0.8283463716506958,1.2156177717770333e-06,0.7462799549102783,0.7197145223617554,-0.06888573616743088,0.6725287437438965,0.6555907726287842,-0.0983637347817421,0.5921560525894165,0.636515200138092,-0.10706234723329544,0.5366405844688416,0.6307476758956909,-0.11237897723913193,0.675624430179596,0.7945963144302368,-0.1422828733921051,0.5769723057746887,0.7003867030143738,-0.17793549597263336,0.5209566950798035,0.6337758302688599,-0.18769823014736176,0.47687435150146484,0.5819371938705444,-0.19111581146717072,0.6355170607566833,0.8519456386566162,-0.11122595518827438,0.5393637418746948,0.7339694499969482,-0.13961489498615265,0.4942495822906494,0.6542037725448608,-0.13869626820087433,0.4624558687210083,0.5928869843482971,-0.13751330971717834,0.6051276922225952,0.8729304671287537,-0.07885429263114929,0.5386306047439575,0.747048556804657,-0.09841509163379669,0.5299333333969116,0.683297872543335,-0.0928012803196907,0.5283945798873901,0.641486406326294,-0.08919702470302582,0.5850759148597717,0.8724501132965088,-0.05129211023449898,0.5454031229019165,0.7647824883460999,-0.06840475648641586,0.5462797284126282,0.7146859765052795,-0.07078740745782852,0.5494681596755981,0.6813907623291016,-0.07087311148643494,0
0.6004215478897095,0.7841650247573853,2.3550308014819166e-07,0.5957398414611816,0.7117394208908081,0.007856863550841808,0.5763392448425293,0.6345140933990479,0.009070869535207748,0.5595543384552002,0.5795834064483643,0.00699221296235919,0.5419368743896484,0.5384947061538696,0.0032343831844627857,0.5769580006599426,0.613947868347168,-0.0011449992889538407,0.5514743328094482,0.5353587865829468,-0.01773696020245552,0.5336508750915527,0.4754714369773865,-0.030702689662575722,0.5197238922119141,0.4248048663139343,-0.03973197191953659,0.573722243309021,0.6185181736946106,-0.015523499809205532,0.5469759106636047,0.5282347202301025,-0.03169357031583786,0.526926577091217,0.4614524245262146,-0.04426618665456772,0.5109623670578003,0.40073439478874207,-0.05359605327248573,0.5628888010978699,0.631262481212616,-0.02992325834929943,0.5389887690544128,0.5431468486785889,-0.04383872449398041,0.5195806622505188,0.47966042160987854,-0.052798960357904434,0.5051116943359375,0.4256499409675598,-0.05925184488296509,0.5438762903213501,0.6520015001296997,-0.04378961771726608,0.5265327095985413,0.5851028561592102,-0.05654698982834816,0.5159490704536438,0.5343441367149353,-0.0630393996834755,0.5082374811172485,0.4893362522125244,-0.067746601998806,0
0.5486969947814941,0.7236757278442383,4.917434353046701e-07,0.597794771194458,0.6468589305877686,-0.009581957012414932,0.6184151768684387,0.561760425567627,-0.01863737776875496,0.6103671193122864,0.48074495792388916,-0.02561386115849018,0.6055969595909119,0.4128111004829407,-0.032726652920246124,0.543014407157898,0.49491357803344727,-0.02273387834429741,0.520820677280426,0.3768502473831177,-0.03410685062408447,0.507744312286377,0.31306737661361694,-0.03949470445513725,0.49832627177238464,0.2671136260032654,-0.041611455380916595,0.49853742122650146,0.504849374294281,-0.023573780432343483,0.47197163105010986,0.37828248739242554,-0.032171450555324554,0.45444628596305847,0.3076794147491455,-0.037111926823854446,0.44364413619041443,0.2604101896286011,-0.04025396332144737,0.46251267194747925,0.5297579765319824,-0.024150719866156578,0.4327588975429535,0.4126175045967102,-0.031199861317873,0.41506117582321167,0.34936806559562683,-0.0370987206697464,0.4048089385032654,0.30652350187301636,-0.04159880056977272,0.432986855506897,0.5654048919677734,-0.02445157989859581,0.4016602635383606,0.4850054979324341,-0.03181510046124458,0.3832133710384369,0.43508055806159973,-0.03474456071853638,0.3704490661621094,0.3939031660556793,-0.035364847630262375,0
0.49507445096969604,0.7707407474517822,4.1398769212719344e-07,0.4255444407463074,0.7295527458190918,-0.015166595578193665,0.38104909658432007,0.6348180770874023,-0.02156360261142254,0.35880106687545776,0.5572189688682556,-0.027539536356925964,0.332459032535553,0.5051600337028503,-0.03401997312903404,0.41908326745033264,0.5157496929168701,-0.016128281131386757,0.39524734020233154,0.41508597135543823,-0.0329410694539547,0.3838061988353729,0.35222792625427246,-0.045870520174503326,0.37607449293136597,0.3024475574493408,-0.05573861300945282,0.46527019143104553,0.5074652433395386,-0.025675812736153603,0.46484044194221497,0.38661110401153564,-0.04056476429104805,0.4654858708381653,0.31604957580566406,-0.05431380495429039,0.4657782316207886,0.26358211040496826,-0.0637759417295456,0.5086985230445862,0.5256756544113159,-0.038009919226169586,0.5182363390922546,0.4100164473056793,-0.057988882064819336,0.5239176750183105,0.3384912610054016,-0.0741952434182167,0.5275607109069824,0.2780870795249939,-0.08569978922605515,0.5489479899406433,0.5663008689880371,-0.05118000879883766,0.5812675356864929,0.49207714200019836,-0.07229246944189072,0.6000354290008545,0.43849268555641174,-0.08295760303735733,0.6143485307693481,0.3881199061870575,-0.0898774191737175,0
0.4853150546550751,0.8079668283462524,3.2841160191310337e-07,0.4085347652435303,0.815486490726471,-0.016114123165607452,0.3240981101989746,0.7674875259399414,-0.021235857158899307,0.26868247985839844,0.7247594594955444,-0.02645726501941681,0.22126585245132446,0.7047855854034424,-0.03247838839888573,0.3104779124259949,0.6198844909667969,-0.012221070937812328,0.24518774449825287,0.5480170249938965,-0.029041962698101997,0.20519283413887024,0.5027711391448975,-0.043112337589263916,0.173293337225914,0.46437519788742065,-0.05469299480319023,0.34729331731796265,0.5798476338386536,-0.02253832295536995,0.2934305667877197,0.4807192385196686,-0.03788043186068535,0.26277968287467957,0.4171820282936096,-0.0531131736934185,0.23997414112091064,0.36638063192367554,-0.0648435577750206,0.393709272146225,0.565558671951294,-0.03653840348124504,0.3609376847743988,0.453713059425354,-0.05862804502248764,0.33958619832992554,0.38210222125053406,-0.0777505487203598,0.319318950176239,0.32211023569107056,-0.0919441282749176,0.4463660418987274,0.57388836145401,-0.051580097526311874,0.4487280547618866,0.4832247197628021,-0.07510560750961304,0.44526025652885437,0.4204617738723755,-0.08825908601284027,0.4387935400009155,0.3639693856239319,-0.09773420542478561,0
0.49493908882141113,0.8078994750976562,3.374199479821982e-07,0.41731685400009155,0.8181001543998718,-0.01639217510819435,0.33278071880340576,0.7604769468307495,-0.019785914570093155,0.27892693877220154,0.7059452533721924,-0.023053551092743874,0.2310110330581665,0.680559515953064,-0.02705765701830387,0.318525493144989,0.6249677538871765,-0.011255763471126556,0.25318753719329834,0.5555834174156189,-0.027272408828139305,0.21492139995098114,0.51189124584198,-0.04000860080122948,0.18474455177783966,0.4719730615615845,-0.050851527601480484,0.3547481894493103,0.582258403301239,-0.021283365786075592,0.29752016067504883,0.4865686297416687,-0.03674625977873802,0.2647533416748047,0.4231764078140259,-0.05222375690937042,0.23951253294944763,0.37051522731781006,-0.06405139714479446,0.4006449580192566,0.567940890789032,-0.03500686585903168,0.36676210165023804,0.45819348096847534,-0.05775541067123413,0.34225860238075256,0.3863590359687805,-0.07755143940448761,0.3180411458015442,0.32505136728286743,-0.09215178340673447,0.45224690437316895,0.5759265422821045,-0.04968062415719032,0.4523939788341522,0.48679596185684204,-0.0739724412560463,0.4464062452316284,0.42370694875717163,-0.08788006752729416,0.4365081787109375,0.36617738008499146,-0.09798028320074081,0
0.5394418835639954,0.7926497459411621,6.150888225420204e-07,0.4673900008201599,0.7423545718193054,-0.014102542772889137,0.41260653734207153,0.6616697907447815,-0.028413213789463043,0.36367231607437134,0.6186656355857849,-0.04611537605524063,0.32070350646972656,0.5900335907936096,-0.06556738168001175,0.46394839882850647,0.5221663117408752,-0.01174166426062584,0.4543575644493103,0.4254714846611023,-0.03897375985980034,0.44331464171409607,0.3622587323188782,-0.06237688660621643,0.43534281849861145,0.3095146715641022,-0.07903782278299332,0.489030122756958,0.518507182598114,-0.027129273861646652,0.4858283996582031,0.4074903428554535,-0.05566100403666496,0.47737279534339905,0.32787126302719116,-0.07986972481012344,0.47226372361183167,0.26217472553253174,-0.09606152772903442,0.5153655409812927,0.5357091426849365,-0.046336088329553604,0.516484797000885,0.43675586581230164,-0.07635719329118729,0.5054868459701538,0.3755224943161011,-0.09619595855474472,0.4959011673927307,0.3200185298919678,-0.10896347463130951,0.5409449338912964,0.5726664066314697,-0.06705532968044281,0.5736279487609863,0.4972449541091919,-0.09206872433423996,0.5921382308006287,0.43971753120422363,-0.10381514579057693,0.6078164577484131,0.3833619952201843,-0.11184046417474747,0
0.6047500371932983,0.7863095998764038,7.748829489173659e-07,0.5115723013877869,0.7268790602684021,0.022302139550447464,0.4550096392631531,0.6464901566505432,0.016345808282494545,0.40254566073417664,0.6042912006378174,-0.005392579361796379,0.3581826090812683,0.5588984489440918,-0.02620009146630764,0.5347899794578552,0.47939684987068176,0.035147082060575485,0.5178932547569275,0.35529887676239014,0.022265758365392685,0.5036560893058777,0.28015580773353577,0.012116355821490288,0.4927559792995453,0.21864745020866394,0.0035057058557868004,0.5503920316696167,0.48447176814079285,-0.0010413947748020291,0.5334380269050598,0.34350359439849854,-0.022103190422058105,0.5019124746322632,0.26801881194114685,-0.039332468062639236,0.48392078280448914,0.21280953288078308,-0.05147005617618561,0.5545721650123596,0.5110617876052856,-0.039373964071273804,0.5047584772109985,0.40395471453666687,-0.0647452250123024,0.4412943720817566,0.44415298104286194,-0.06674989312887192,0.405732661485672,0.4910960793495178,-0.06311794370412827,0.5433138012886047,0.5540376901626587,-0.07756448537111282,0.5084593892097473,0.4653899669647217,-0.09508579969406128,0.47742021083831787,0.44278642535209656,-0.09581097960472107,0.45892027020454407,0.4332556128501892,-0.094477578997612,0
0.5610612034797668,0.7947210073471069,1.0062872490834707e-07,0.500710666179657,0.7513868808746338,-0.017379354685544968,0.46130555868148804,0.6729058027267456,-0.03515903279185295,0.44308584928512573,0.6184566617012024,-0.05607948452234268,0.41418182849884033,0.5827512145042419,-0.07587344199419022,0.48879921436309814,0.5220504999160767,-0.00836204458028078,0.4780188202857971,0.41960036754608154,-0.03921399265527725,0.4705827832221985,0.4147019386291504,-0.06320773810148239,0.468119740486145,0.42380690574645996,-0.07688463479280472,0.532492458820343,0.5132591724395752,-0.022162524983286858,0.5157041549682617,0.39954566955566406,-0.05801871791481972,0.489424467086792,0.38107144832611084,-0.08448851853609085,0.46779197454452515,0.37793853878974915,-0.09542503207921982,0.5780304074287415,0.5254273414611816,-0.04078527167439461,0.5725446939468384,0.40339118242263794,-0.07127047330141068,0.5490533113479614,0.3338165283203125,-0.09351180493831635,0.5255172848701477,0.27562469244003296,-0.10539878159761429,0.6220897436141968,0.5602513551712036,-0.06067236140370369,0.6577557921409607,0.4773377776145935,-0.07957558333873749,0.676778256893158,0.4195178747177124,-0.0892018973827362,0.6902485489845276,0.364327073097229,-0.09515099972486496,0
0.7412561774253845,0.6096123456954956,-2.6427400712236704e-07,0.6642107367515564,0.6069281697273254,-0.007377106696367264,0.5860544443130493,0.5805851817131042,-0.017803123220801353,0.5282434225082397,0.5890218019485474,-0.0302717462182045,0.4995339810848236,0.6147791147232056,-0.03841863200068474,0.625511109828949,0.3939301371574402,0.002346381079405546,0.5585030317306519,0.3067209720611572,-0.019746046513319016,0.5046895742416382,0.3230763077735901,-0.037830792367458344,0.47424542903900146,0.362274169921875,-0.045562516897916794,0.6306101679801941,0.3930104970932007,-0.0021068269852548838,0.547581136226654,0.3055511713027954,-0.01686607301235199,0.497285932302475,0.33127903938293457,-0.0269920751452446,0.48192188143730164,0.3779132068157196,-0.031084392219781876,0.635343611240387,0.40552762150764465,-0.010135277174413204,0.5616808533668518,0.32191726565361023,-0.014730837196111679,0.5087708830833435,0.3462829887866974,-0.019202910363674164,0.488253653049469,0.39133042097091675,-0.02054119110107422,0.6305930018424988,0.4299410581588745,-0.01976482942700386,0.5698191523551941,0.3705822825431824,-0.020048756152391434,0.5255197286605835,0.37753111124038696,-0.021212007850408554,0.5021489262580872,0.40325379371643066,-0.020473375916481018,0
0.7656923532485962,0.6745685935020447,-4.6725409674763796e-07,0.6694320440292358,0.7045301795005798,0.040305498987436295,0.6016867160797119,0.6994597315788269,0.042335983365774155,0.5507037043571472,0.7183336019515991,0.03160419687628746,0.5082213282585144,0.7450827956199646,0.01692635379731655,0.5965136885643005,0.5289867520332336,0.028178229928016663,0.5044002532958984,0.5523251891136169,0.01390773430466652,0.45239973068237305,0.5871421694755554,-0.0016241346020251513,0.4133966565132141,0.61964350938797,-0.013698004186153412,0.6064237952232361,0.5233727097511292,-0.008437057957053185,0.49496686458587646,0.5504063963890076,-0.02098771184682846,0.4376358687877655,0.5919267535209656,-0.035190168768167496,0.4000094532966614,0.6286197304725647,-0.04902653023600578,0.6169407963752747,0.5491451025009155,-0.04366353899240494,0.5098528861999512,0.5575336813926697,-0.05591929331421852,0.45111361145973206,0.5974067449569702,-0.06307054311037064,0.40955644845962524,0.634881317615509,-0.07090719789266586,0.6225945353507996,0.5997799038887024,-0.0755201131105423,0.5384106636047363,0.5997093915939331,-0.08766697347164154,0.48920324444770813,0.6171712279319763,-0.09127257764339447,0.4494868516921997,0.6385630369186401,-0.09535439312458038,0
0.7851998209953308,0.770471453666687,5.040773771725071e-07,0.7617291212081909,0.6558350324630737,-0.010909964330494404,0.7151349782943726,0.5746949315071106,-0.02092466689646244,0.6675807237625122,0.5180431604385376,-0.02888653054833412,0.6446781754493713,0.46477070450782776,-0.03762901574373245,0.6277989149093628,0.6377165913581848,-0.02797023579478264,0.5435411930084229,0.5995346903800964,-0.037582844495773315,0.4947096109390259,0.5826902985572815,-0.04338671267032623,0.45791536569595337,0.5719723105430603,-0.047784432768821716,0.6137889623641968,0.7060875296592712,-0.028306061401963234,0.5188027620315552,0.6905995607376099,-0.03522147238254547,0.4636269807815552,0.6877138614654541,-0.040555015206336975,0.4256362318992615,0.6878876090049744,-0.04554467275738716,0.6139032244682312,0.768481969833374,-0.0277112890034914,0.526093065738678,0.7620227932929993,-0.03323747590184212,0.477496862411499,0.7580716013908386,-0.039597172290086746,0.44244441390037537,0.7556606531143188,-0.04580163583159447,0.6241053342819214,0.8192026019096375,-0.027248799800872803,0.5610209703445435,0.824097752571106,-0.034957461059093475,0.523980438709259,0.8278961181640625,-0.038893185555934906,0.49308061599731445,0.8276562094688416,-0.04091130197048187,0
0.7871742248535156,0.7719815969467163,4.501733315009915e-07,0.7712109684944153,0.659693717956543,-0.0035596347879618406,0.740419864654541,0.5850903987884521,-0.009777040220797062,0.7126829624176025,0.5286953449249268,-0.015404896810650826,0.7038532495498657,0.4839966893196106,-0.022242236882448196,0.6236798167228699,0.6257240176200867,-0.029892969876527786,0.5482995510101318,0.5726222991943359,-0.04471690580248833,0.4989714026451111,0.5440090894699097,-0.05444880947470665,0.4593811631202698,0.524448573589325,-0.06219421699643135,0.6038503646850586,0.6925336122512817,-0.03636480122804642,0.5120853185653687,0.6644346117973328,-0.05002138763666153,0.4518694281578064,0.6545941233634949,-0.060854293406009674,0.4056962728500366,0.6500519514083862,-0.06974892318248749,0.6029714941978455,0.7585395574569702,-0.04106570780277252,0.5145923495292664,0.7498915195465088,-0.05529981106519699,0.458041787147522,0.7479792237281799,-0.07271994650363922,0.4137726426124573,0.7455379962921143,-0.08620400726795197,0.617915153503418,0.8156048655509949,-0.04448128491640091,0.5661733746528625,0.8520985841751099,-0.06320992857217789,0.5302730798721313,0.8793543577194214,-0.07741096615791321,0.49936676025390625,0.8985410332679749,-0.08593323081731796,0
0.7804940938949585,0.778980553150177,8.9134471181751e-07,0.7273169755935669,0.6837901473045349,0.004144046455621719,0.655730128288269,0.6804459095001221,0.0009758195374161005,0.6109941005706787,0.7354087233543396,-0.0006319720414467156,0.5849242806434631,0.795050859451294,-0.00496864877641201,0.6248517036437988,0.6492128372192383,-0.025648780167102814,0.5393027067184448,0.5881509184837341,-0.031187327578663826,0.4933166205883026,0.5625519752502441,-0.03084677830338478,0.45379698276519775,0.5460327863693237,-0.029658323153853416,0.6068807244300842,0.7154426574707031,-0.030501674860715866,0.5080114006996155,0.6793279051780701,-0.03506450727581978,0.44815677404403687,0.6638705730438232,-0.03800816088914871,0.4007512331008911,0.6550769209861755,-0.038466814905405045,0.6042997241020203,0.7786310911178589,-0.03203381970524788,0.5172860622406006,0.7948240041732788,-0.03895319998264313,0.4616811275482178,0.7961269617080688,-0.05573660880327225,0.4204423129558563,0.7983722686767578,-0.06771299242973328,0.6131008267402649,0.8218162059783936,-0.030884798616170883,0.5855597853660583,0.8000603914260864,-0.03553427383303642,0.6031854152679443,0.7799562811851501,-0.03704335168004036,0.6250514984130859,0.7637621760368347,-0.037513311952352524,0
0.7958717346191406,0.7862076163291931,5.603788011399047e-08,0.7536934018135071,0.6739670038223267,0.018790869042277336,0.6915134191513062,0.639154851436615,0.025423116981983185,0.6366414427757263,0.6517720818519592,0.02651989459991455,0.6109116673469543,0.6980398297309875,0.027752794325351715,0.6335800290107727,0.6372261047363281,0.01802617870271206,0.5833314657211304,0.6411423683166504,0.015797020867466927,0.5912062525749207,0.6618061065673828,0.012234260328114033,0.6095646619796753,0.6742052435874939,0.01228263322263956,0.6111838817596436,0.6964815855026245,0.003606123849749565,0.5229421854019165,0.6818568706512451,0.0023415694013237953,0.4592357873916626,0.6754816174507141,-0.004260178655385971,0.4135487377643585,0.6692492961883545,-0.010469186119735241,0.6098698377609253,0.7588703036308289,-0.009103951044380665,0.5487362146377563,0.7403109669685364,-0.01590595953166485,0.5757212042808533,0.7364252209663391,-0.020432710647583008,0.6057947874069214,0.7372717261314392,-0.021349355578422546,0.620762825012207,0.8138329386711121,-0.01943296194076538,0.5622903108596802,0.8237491250038147,-0.02160269394516945,0.5290014743804932,0.8431868553161621,-0.0193929485976696,0.49951887130737305,0.8661714196205139,-0.017789680510759354,0
0.7994272112846375,0.7803564667701721,6.037311806039725e-08,0.7581085562705994,0.6779342293739319,0.019085140898823738,0.6952934265136719,0.6459498405456543,0.026073424145579338,0.6401512026786804,0.6627281904220581,0.027651146054267883,0.6133289933204651,0.709495484828949,0.029939042404294014,0.6392546892166138,0.6359891891479492,0.01591518335044384,0.5802448391914368,0.6454275846481323,0.013603565283119678,0.5893388986587524,0.6682942509651184,0.012354318983852863,0.6093737483024597,0.6828107237815857,0.014208488166332245,0.6176784634590149,0.695077121257782,0.0020974332001060247,0.5270957946777344,0.6790204048156738,0.00018177014135289937,0.4688625931739807,0.6722180843353271,-0.003468029201030731,0.4266354739665985,0.6658311486244202,-0.006952579598873854,0.6157299280166626,0.7573492527008057,-0.009983953088521957,0.5448936820030212,0.7479496598243713,-0.017272477969527245,0.5705412030220032,0.7522783279418945,-0.018273212015628815,0.6005793213844299,0.7565336227416992,-0.01622661203145981,0.6257902979850769,0.8124828934669495,-0.019820623099803925,0.5611875653266907,0.8228434324264526,-0.025265349075198174,0.5252037048339844,0.8412206172943115,-0.023974351584911346,0.49347490072250366,0.8611372113227844,-0.02200891636312008,0
0.7889782190322876,0.7791886329650879,-1.80914085490258e-07,0.7429055571556091,0.692081093788147,0.019229359924793243,0.6708640456199646,0.6573275923728943,0.02162044122815132,0.6114698648452759,0.6805950403213501,0.023719826713204384,0.5759068727493286,0.7177020311355591,0.024694640189409256,0.6412379145622253,0.6272462010383606,-0.009632343426346779,0.5479394793510437,0.606805682182312,-0.016893312335014343,0.4981558322906494,0.6116580963134766,-0.012382350862026215,0.46531033515930176,0.6152540445327759,-0.009357135742902756,0.6244171261787415,0.6903573870658875,-0.022634506225585938,0.5224774479866028,0.6947498321533203,-0.03918341547250748,0.5323560833930969,0.7145213484764099,-0.03162350878119469,0.5554772019386292,0.7199220061302185,-0.019119584932923317,0.6226958632469177,0.7585995197296143,-0.03385118022561073,0.5163602828979492,0.7471824884414673,-0.05061223357915878,0.46521466970443726,0.7411099076271057,-0.05694190412759781,0.4206695258617401,0.7292336225509644,-0.05912372097373009,0.629971444606781,0.8190457224845886,-0.039827801287174225,0.5639086961746216,0.8383336067199707,-0.05701533332467079,0.5238482356071472,0.85191410779953,-0.06511439383029938,0.4823184609413147,0.862047553062439,-0.0696161538362503,0
0.7941492795944214,0.775208055973053,-6.35756549627331e-08,0.7491525411605835,0.6716298460960388,0.02868439070880413,0.6907374858856201,0.6274168491363525,0.03567598760128021,0.6375181078910828,0.6434745192527771,0.0375811830163002,0.6067388653755188,0.6848196387290955,0.03713191673159599,0.6585827469825745,0.6028802394866943,-0.005039881449192762,0.571390688419342,0.5835328102111816,-0.010066842660307884,0.5623235106468201,0.6088567972183228,-0.005421597044914961,0.5805374979972839,0.6303873062133789,-0.000825416820589453,0.6308713555335999,0.6550258994102478,-0.025360247120261192,0.5250266790390015,0.617192268371582,-0.029173919931054115,0.46979251503944397,0.6094026565551758,-0.028056683018803596,0.4339993894100189,0.6035044193267822,-0.02825157903134823,0.6203161478042603,0.7201995253562927,-0.04196862503886223,0.5170555114746094,0.6803920269012451,-0.04998844116926193,0.4593953788280487,0.6683040857315063,-0.06102921441197395,0.41536015272140503,0.6540476679801941,-0.07094612717628479,0.6245404481887817,0.7876937389373779,-0.05344989523291588,0.5539794564247131,0.7978241443634033,-0.0677502304315567,0.5112059712409973,0.807194709777832,-0.07594761997461319,0.47386786341667175,0.8098633885383606,-0.08171210438013077,0
0.7957987189292908,0.798142671585083,1.219385836748188e-07,0.7663829326629639,0.6797242164611816,0.02280438132584095,0.7086797952651978,0.6279459595680237,0.02940669283270836,0.6504254341125488,0.6296228170394897,0.032239269465208054,0.6103672385215759,0.6520615220069885,0.037328049540519714,0.6518365740776062,0.6067692637443542,-0.0011176281841471791,0.5709763765335083,0.5524754524230957,-0.000706025050021708,0.565248966217041,0.5611804127693176,0.008745633065700531,0.5785168409347534,0.5816119909286499,0.017984386533498764,0.6206622123718262,0.6590213775634766,-0.015035121701657772,0.5237329006195068,0.5987390279769897,-0.014823338016867638,0.4662441909313202,0.5724534392356873,-0.012336923740804195,0.42048823833465576,0.5596981048583984,-0.012710059061646461,0.6070536971092224,0.7211869359016418,-0.025303060188889503,0.5218843817710876,0.6874397397041321,-0.02623618394136429,0.5285703539848328,0.6766757965087891,-0.02568863146007061,0.5430006384849548,0.6743610501289368,-0.02653820440173149,0.6080981492996216,0.784257709980011,-0.032540224492549896,0.5436777472496033,0.7920488119125366,-0.03655299171805382,0.5060784220695496,0.7996560335159302,-0.03843238949775696,0.47276440262794495,0.8066787719726562,-0.03989319130778313,0
0.7870840430259705,0.7830610275268555,2.9371344112405495e-07,0.7482424378395081,0.6730769276618958,0.01846463605761528,0.6864486932754517,0.6303412914276123,0.017726600170135498,0.6267936825752258,0.6334275603294373,0.014558686874806881,0.5880522727966309,0.6529015302658081,0.010326671414077282,0.6455384492874146,0.6083341240882874,-0.029057670384645462,0.5673388838768005,0.5368685722351074,-0.046630751341581345,0.5184723138809204,0.5026214122772217,-0.05340943485498428,0.4809255003929138,0.4804801046848297,-0.055952493101358414,0.6208997964859009,0.6678526997566223,-0.04191727563738823,0.5168096423149109,0.623900294303894,-0.05536272004246712,0.45483362674713135,0.6043371558189392,-0.05857297033071518,0.4054892659187317,0.5974423885345459,-0.06178075075149536,0.6106858253479004,0.7315595746040344,-0.04983291029930115,0.5210312008857727,0.71005779504776,-0.060756608843803406,0.5441223382949829,0.698719322681427,-0.05830851569771767,0.573215126991272,0.6954237222671509,-0.054875727742910385,0.6119406223297119,0.7893049716949463,-0.055012013763189316,0.5437029600143433,0.8070820569992065,-0.06667298078536987,0.5061203241348267,0.8194888830184937,-0.07096073776483536,0.4704563319683075,0.8311228156089783,-0.07198109477758408,0
0.7859218716621399,0.7953630089759827,7.256119829435193e-07,0.7530413866043091,0.6897075176239014,0.012039916589856148,0.6838860511779785,0.6544575095176697,0.01616673357784748,0.6221383810043335,0.6778218746185303,0.020915616303682327,0.5815703272819519,0.7151502370834351,0.02323102205991745,0.6444470882415771,0.6169097423553467,-0.011855768971145153,0.5786524415016174,0.5273100137710571,-0.016829729080200195,0.5378400683403015,0.4800262153148651,-0.019305996596813202,0.5020893812179565,0.44574984908103943,-0.019965659826993942,0.6113114356994629,0.6732123494148254,-0.017286665737628937,0.5237773656845093,0.6073326468467712,-0.019708111882209778,0.46952182054519653,0.5739213228225708,-0.020510654896497726,0.42488694190979004,0.5517611503601074,-0.019321084022521973,0.5960187315940857,0.7324117422103882,-0.019162753596901894,0.5072007179260254,0.708075225353241,-0.021949486806988716,0.45532745122909546,0.6862832903862,-0.03191060572862625,0.4155310392379761,0.6721142530441284,-0.03829372674226761,0.5986239314079285,0.7805795669555664,-0.018145523965358734,0.5595750212669373,0.7558631896972656,-0.015059477649629116,0.5736587643623352,0.7489315867424011,-0.008467048406600952,0.5953019857406616,0.7455607056617737,-0.0024570750538259745,0
0.7646687626838684,0.9114590287208557,6.295992989180377e-07,0.6978462338447571,0.9356238842010498,-0.02395625226199627,0.6281254291534424,0.9130092859268188,-0.04069361090660095,0.6034640073776245,0.8657703399658203,-0.06123292073607445,0.6046056151390076,0.8123095035552979,-0.08085498958826065,0.5686455368995667,0.756715714931488,-0.019197072833776474,0.49444714188575745,0.7098464965820312,-0.04573281481862068,0.44833698868751526,0.6772975325584412,-0.06412889808416367,0.41109052300453186,0.6421263813972473,-0.07836053520441055,0.6053997874259949,0.7118407487869263,-0.03213237598538399,0.5419063568115234,0.6175587773323059,-0.06313380599021912,0.5016998648643494,0.5577255487442017,-0.08654657006263733,0.4737675189971924,0.5003620982170105,-0.10132675617933273,0.6536511778831482,0.6984912157058716,-0.04861263930797577,0.6055431365966797,0.6473226547241211,-0.09490574151277542,0.6200652718544006,0.7370550632476807,-0.10304013639688492,0.6413872241973877,0.8006324768066406,-0.09745500236749649,0.7056227922439575,0.7079170942306519,-0.06674612313508987,0.666121244430542,0.7149865627288818,-0.10535520315170288,0.6720706820487976,0.7845128774642944,-0.10783310979604721,0.6863855719566345,0.8300911784172058,-0.10198412835597992,0
0.7725595831871033,0.9057325124740601,2.321513932201924e-07,0.6880733966827393,0.9020859599113464,-0.02343917265534401,0.6096404790878296,0.8422251343727112,-0.03250868618488312,0.5532273650169373,0.785311758518219,-0.042139917612075806,0.4991719722747803,0.749250590801239,-0.05140526220202446,0.6026304960250854,0.7034393548965454,-0.0036284460220485926,0.5414745807647705,0.6358492970466614,-0.026956429705023766,0.4995826482772827,0.5974091291427612,-0.04882439225912094,0.46277856826782227,0.560060441493988,-0.0659370943903923,0.6374523043632507,0.6640323996543884,-0.011619582772254944,0.5818548798561096,0.5778706073760986,-0.03306269645690918,0.5434141159057617,0.523751437664032,-0.05569763854146004,0.5076981782913208,0.47660407423973083,-0.07256611436605453,0.6811392307281494,0.6487175822257996,-0.025005897507071495,0.6428334712982178,0.5590969920158386,-0.05042875185608864,0.6137545108795166,0.503669023513794,-0.0687498226761818,0.5815136432647705,0.45835745334625244,-0.08150414377450943,0.7329162359237671,0.6516984701156616,-0.04096055403351784,0.7220740914344788,0.5736972093582153,-0.06436257064342499,0.7096166610717773,0.5271621942520142,-0.07504868507385254,0.6912211775779724,0.4912845194339752,-0.08230707049369812,0
0.7773131132125854,0.9076061844825745,3.2645709779899335e-07,0.6933956742286682,0.9052689671516418,-0.010901722125709057,0.6170105338096619,0.8351780772209167,-0.011445285752415657,0.5755489468574524,0.7684168815612793,-0.013405553065240383,0.5368221998214722,0.7246344685554504,-0.01523987203836441,0.595119297504425,0.7098120450973511,-0.0025667566806077957,0.5281322002410889,0.6358187198638916,-0.019207105040550232,0.48770079016685486,0.587425708770752,-0.03264791518449783,0.4551967978477478,0.5442601442337036,-0.043542396277189255,0.6305848956108093,0.6722506880760193,-0.014693201519548893,0.5684998631477356,0.574542224407196,-0.03031214512884617,0.5308133363723755,0.5104125142097473,-0.0467415377497673,0.49929171800613403,0.4557499885559082,-0.05891023203730583,0.6761820316314697,0.6578935980796814,-0.030399085953831673,0.6255532503128052,0.5566563606262207,-0.05322613567113876,0.5918211936950684,0.492712140083313,-0.07374055683612823,0.5584732890129089,0.43887460231781006,-0.08846141397953033,0.7319610118865967,0.6621356010437012,-0.04704751446843147,0.7264622449874878,0.574749231338501,-0.07214833796024323,0.7160171866416931,0.51651531457901,-0.08747115731239319,0.701284646987915,0.4666293263435364,-0.09814104437828064,0
0.7901901602745056,0.8279582262039185,-7.846112453080423e-07,0.7209296226501465,0.8358935117721558,0.0023897760547697544,0.6547598838806152,0.7879189252853394,-0.0024738458450883627,0.6214044094085693,0.7379482984542847,-0.01373753510415554,0.5984625220298767,0.6865551471710205,-0.021981000900268555,0.6512348651885986,0.6543794274330139,0.030094526708126068,0.6112359166145325,0.6157423257827759,0.00749389361590147,0.633661687374115,0.6761002540588379,-0.011036197654902935,0.6611929535865784,0.7275387048721313,-0.02180223912000656,0.6822211742401123,0.6166366934776306,0.01155510451644659,0.6347051858901978,0.5858954191207886,-0.030962230637669563,0.666093647480011,0.6755704283714294,-0.05313245579600334,0.7011108994483948,0.7414685487747192,-0.054018884897232056,0.7254086136817932,0.5876573324203491,-0.012820367701351643,0.676631510257721,0.5030088424682617,-0.043602608144283295,0.6326969861984253,0.4546297788619995,-0.06771751493215561,0.5895545482635498,0.4057905972003937,-0.07955965399742126,0.7729024887084961,0.5788867473602295,-0.0358414351940155,0.7765451073646545,0.4997097849845886,-0.04785006493330002,0.7708032131195068,0.448775053024292,-0.05585765466094017,0.7503636479377747,0.39859724044799805,-0.06263843923807144,0
0.8138887286186218,0.7955619096755981,-7.583246315334691e-07,0.738671600818634,0.7933290600776672,-0.008243712596595287,0.6595579385757446,0.7418422102928162,-0.020531654357910156,0.6063286066055298,0.7157378196716309,-0.03633918613195419,0.5601760745048523,0.7263830900192261,-0.0507265105843544,0.677000105381012,0.6307166218757629,0.0009188100812025368,0.649562418460846,0.6179300546646118,-0.029241949319839478,0.6797735095024109,0.6873171329498291,-0.05004989728331566,0.7092183828353882,0.7396287322044373,-0.060643408447504044,0.7163429260253906,0.5946832895278931,-0.012523380108177662,0.687110424041748,0.5783379673957825,-0.061458855867385864,0.724025547504425,0.6570854783058167,-0.08089262992143631,0.7588602900505066,0.7086809277534485,-0.08097907900810242,0.7606492042541504,0.5703482031822205,-0.031447116285562515,0.7196415662765503,0.48558929562568665,-0.07225246727466583,0.6874534487724304,0.4354357421398163,-0.09585966169834137,0.6566657423973083,0.38382771611213684,-0.10519865900278091,0.8013532757759094,0.5607990026473999,-0.048499055206775665,0.7962022423744202,0.4733814001083374,-0.06717637926340103,0.7964306473731995,0.4147827923297882,-0.07566260546445847,0.7853406667709351,0.35657283663749695,-0.08191567659378052,0
0.9856231808662415,0.5995097756385803,5.385116423894942e-07,0.9320682287216187,0.5107346773147583,0.017808284610509872,0.8659476637840271,0.4888029098510742,0.01753591187298298,0.8155327439308167,0.5131102204322815,0.012441947124898434,0.7846851348876953,0.5512253642082214,0.006215771660208702,0.8234474658966064,0.45923301577568054,-0.013407998718321323,0.7560037970542908,0.3908441662788391,-0.029441185295581818,0.7064511775970459,0.355518102645874,-0.03549833595752716,0.6726809740066528,0.3340497612953186,-0.03586181625723839,0.8085249662399292,0.520903468132019,-0.029701579362154007,0.7126193642616272,0.4930928349494934,-0.04628601670265198,0.6493332386016846,0.4789223074913025,-0.05243239551782608,0.600873589515686,0.4749442934989929,-0.05456128343939781,0.8093170523643494,0.590973436832428,-0.04248550906777382,0.7369227409362793,0.6180450916290283,-0.060707706958055496,0.7612850666046143,0.6214195489883423,-0.06150848791003227,0.7907781004905701,0.6198962330818176,-0.055625855922698975,0.8176597952842712,0.65758216381073,-0.05244330316781998,0.751510500907898,0.689794659614563,-0.06585472822189331,0.7132073640823364,0.7105411291122437,-0.0668894425034523,0.6783648729324341,0.7254486680030823,-0.06369409710168839,0
0.8513134121894836,0.7775644063949585,-7.584807093508061e-08,0.8098529577255249,0.6617680191993713,-0.0017682908801361918,0.757360577583313,0.5685628056526184,-0.010986488312482834,0.713620662689209,0.4942261576652527,-0.022742949426174164,0.6901242136955261,0.430497944355011,-0.03462102636694908,0.6562196612358093,0.6333250999450684,0.0007265993044711649,0.6062270998954773,0.6549313068389893,-0.0027400844264775515,0.6291319131851196,0.6681698560714722,-0.010253858752548695,0.6583088040351868,0.6678117513656616,-0.015413531102240086,0.6485201120376587,0.7101125717163086,-0.004562366288155317,0.6009849905967712,0.7196917533874512,-0.0006648140260949731,0.626782238483429,0.7257223725318909,-0.0030498625710606575,0.6581261157989502,0.7229434251785278,-0.006905476097017527,0.6556093692779541,0.7839292287826538,-0.00924487505108118,0.6061699390411377,0.7824442386627197,-0.004290825221687555,0.6312801837921143,0.7837619781494141,0.002329680137336254,0.6627667546272278,0.779789924621582,0.004237378016114235,0.6706653237342834,0.8485987186431885,-0.014436175115406513,0.6305434703826904,0.8448460102081299,-0.008530515246093273,0.6512102484703064,0.8405459523200989,0.004510689061135054,0.6752752661705017,0.8353142738342285,0.01464739628136158,0
