x0,y0,z0,x1,y1,z1,x2,y2,z2,x3,y3,z3,x4,y4,z4,x5,y5,z5,x6,y6,z6,x7,y7,z7,x8,y8,z8,x9,y9,z9,x10,y10,z10,x11,y11,z11,x12,y12,z12,x13,y13,z13,x14,y14,z14,x15,y15,z15,x16,y16,z16,x17,y17,z17,x18,y18,z18,x19,y19,z19,x20,y20,z20,label
0.0,0.0,0.0,0.2426974070063665,-0.12652738173051847,-0.07608175900516019,0.4320890616386504,-0.4913213011543499,-0.0955059360600157,0.38101543193189785,-0.7301145015256638,-0.11035841887655161,0.2625840881770318,-0.7948940109197771,-0.1034742587739712,0.24043843032033993,-0.9761535158153254,-0.0179989582126025,0.41731444891055874,-0.9799637662138148,-0.11999937270612465,0.4032321314713024,-0.6952812281004885,-0.1635400562220876,0.3346782645806248,-0.626695320229068,-0.18619925615025384,0.0553574037796613,-0.9979981110141641,-0.030583136839368603,0.2414265356472342,-0.8960160464931773,-0.13126845264152,0.23717760395229184,-0.5675471445159865,-0.14229614186851222,0.17204354272209085,-0.5491668271585461,-0.1301630278629373,-0.10512736608244307,-0.915390509690275,-0.06288715072550827,0.06082437423297588,-0.7449722369619937,-0.17215428702632352,0.07125830950705796,-0.4587510314237098,-0.14596363043818672,0.00740312988117497,-0.4596294445405751,-0.10925624415646652,-0.2486850215108345,-0.7841697370865874,-0.10274982401777229,-0.10386802860094162,-0.6349850047877886,-0.16104233702347082,-0.08857361442945495,-0.4309841074072577,-0.13315413220456923,-0.15099540882837467,-0.4271479440844518,-0.10037224755398286,1
0.0,0.0,0.0,0.30313755713807156,-0.1623926310365917,-0.10050098609047894,0.5592142519375541,-0.5588114100687244,-0.13187149109171184,0.4785745415906991,-0.8663478065867299,-0.15391752940375578,0.3355698744256644,-1.0113035392315524,-0.14231415743822304,0.3743100339671314,-0.964302723510812,-0.05701510804870521,0.5226330730368456,-1.212845565993819,-0.1917284400584381,0.4804138064625453,-0.8304497204085384,-0.2184994902791926,0.40585678853042567,-0.7335434712064888,-0.2175113187753089,0.1543791051555701,-0.9856049855487319,-0.06891954985959609,0.3156792074630813,-1.2113611856254658,-0.2170016468796327,0.2882714233063022,-0.744351662596927,-0.21321051723857654,0.2004384078924524,-0.708085503639775,-0.17317564621088372,-0.05847206764254936,-0.960484118295865,-0.10396677995887245,0.0788031930323979,-1.126449273316519,-0.27724866157332906,0.0866246896297166,-0.6843140367540738,-0.20979912500648704,0.006364841580800632,-0.6537202350044938,-0.12271420702520057,-0.285684922735801,-0.9023130330763932,-0.1422888923991406,-0.14336931798615596,-1.0282420806685295,-0.23793303862561435,-0.10236467160018903,-0.7152115684841205,-0.16224029286891972,-0.16735809168353968,-0.6594629296812267,-0.08210239265693899,1
0.0,0.0,0.0,0.2477245631606769,-0.18144438105571664,-0.10033869433051222,0.4542365432847784,-0.4625550798324781,-0.13490809392191785,0.42084400149394247,-0.7047349010242815,-0.16852758038496918,0.2543581175715756,-0.7165124555834872,-0.20306433616614422,0.28096130045447015,-0.9428574782067961,-0.01654662802038403,0.32652509974170923,-1.232220674569313,-0.07948182548454061,0.36628980819586693,-1.3690835364663547,-0.15162236735471632,0.4148848353806501,-1.4497222497581843,-0.20405887502417147,0.1043577334864444,-0.9942385586998684,-0.024477578638027225,0.11289597810154763,-1.3385498885633897,-0.07054471740257888,0.1393236634316816,-1.513777195655633,-0.13884135670040634,0.18430287950070137,-1.6076785097203603,-0.19530321591040298,-0.059294129905574575,-0.9590559260531601,-0.05077922149131836,-0.05910036289148566,-1.2865854507250443,-0.10581850457752197,-0.02354198041459976,-1.4530739445704581,-0.17294505309116476,0.04017241006951583,-1.5360815189259565,-0.22388719198089263,-0.2349132615813076,-0.8509336158372783,-0.08883143486988834,-0.3013607357991461,-1.1141113751815606,-0.13711150168212816,-0.28255078313432763,-1.252338673212097,-0.16991368678861057,-0.22253040259666146,-1.324590675602698,-0.19690131924517265,1
0.0,0.0,0.0,0.27228567172676893,-0.2597808483914246,-0.03805402328348585,0.4632033282442349,-0.5462062554369089,-0.06776417310115654,0.4841089877016599,-0.8028497384050501,-0.11749598385180836,0.4132188202642067,-0.9999028129672296,-0.15541250966152836,0.33704916029896065,-0.9651637178630602,0.02739988188497425,0.4377904798235336,-1.2258880549223858,-0.09037782807207628,0.47564363587244757,-0.958955473322913,-0.1762638705407405,0.4465824370652085,-0.7273074144392929,-0.2100065813798108,0.18276567281419348,-0.9831045678522647,-0.010105320815641462,0.2838512903057081,-1.3058726237531386,-0.11489780223920298,0.3402026332294692,-1.0054868059241653,-0.1621364835969125,0.3137935183512353,-0.7509592325221774,-0.16832716409992568,0.01472731661952074,-0.9631324583880697,-0.06637271045321888,0.09917597826389864,-1.264467076935199,-0.16568250204758742,0.18863214689518196,-0.9930099993700057,-0.15918800654127074,0.18589879716509589,-0.7475871087489079,-0.12413669996726563,-0.1752210620828379,-0.8992293506007547,-0.12844345542141805,-0.10430032893686005,-1.202795544324432,-0.1907033832761741,0.006239559933183763,-1.0376970223939572,-0.15844923529398966,0.03908846476792922,-0.8248068411000778,-0.11364576484579546,1
0.0,0.0,0.0,0.27160993784003573,-0.17581301113600867,-0.10019714041979902,0.48311886602485205,-0.5039477518419744,-0.11664338637865118,0.4959166722995858,-0.8226237809460447,-0.13165432693628346,0.32710479471265413,-0.8393743930303327,-0.14496680356951377,0.24868402340540288,-0.9655936399468155,0.03833276296036242,0.2877396535719574,-1.2733825053376975,0.0014069846857399867,0.3278416698176321,-1.4372322886167568,-0.053960736550395356,0.3893503959889801,-1.5628750781776652,-0.09952414149144882,0.09030566469358144,-0.9952078186490688,0.03750046165066287,0.08225763741427908,-1.3411378393147,0.004615729106890504,0.11965418566720915,-1.54455660517844,-0.05592989566439505,0.192041953134054,-1.7030487167880253,-0.10409941541929292,-0.0565223231855292,-0.9534026719938283,0.01488358226726025,-0.07599412092179587,-1.282467898126472,-0.039984171730098404,-0.01807491761874049,-1.474955529881253,-0.10821963870599696,0.07302865746275915,-1.5900112165825318,-0.15393494847791242,-0.21673652402097407,-0.8557607459212325,-0.020849183418056888,-0.25249765471182267,-1.1301061812694193,-0.07928289599800817,-0.2100164339340343,-1.2849346138991935,-0.12151850638458594,-0.12696775894680687,-1.3727068652747805,-0.15082405273961125,1
0.0,0.0,0.0,0.3094641036527823,-0.12604782711310705,-0.0987076448298761,0.5682473594764366,-0.3347944805534365,-0.1229884179158161,0.7319265863286455,-0.5541546449189318,-0.1460523623689809,0.7484890114746933,-0.7534972933394245,-0.16433064360024544,0.3644099861714629,-0.9227758756131668,0.022428146464492527,0.4920773146421528,-1.250639153124205,-0.01959465090040857,0.5722487759779329,-1.449652491342614,-0.07544912642751593,0.6419578953055324,-1.6110324204191393,-0.11583112807866984,0.1839205979956002,-0.9827962730036625,0.01687303775409857,0.24464011298479282,-1.3890518402564498,-0.008874121767280474,0.29887609668600373,-1.641173384864663,-0.064605983270963,0.34955447140401563,-1.8445846102104047,-0.1085005079303941,0.007732529686449644,-0.9587672162585312,-0.010625619996615149,0.026023311721560003,-1.3307736723626848,-0.052314017235919816,0.0634347591407535,-1.571658018336083,-0.10814438959023319,0.10860578589923155,-1.7760349162880285,-0.1480607894313771,-0.17274372008660732,-0.8678695628723476,-0.05129662182925963,-0.19970244744555718,-1.1517063617210719,-0.10195185460321252,-0.2057088228575328,-1.3475537312869694,-0.1316747183612222,-0.19088155565611714,-1.5290843378851673,-0.15013222286369796,1
0.0,0.0,0.0,0.28770706187325856,-0.1401775130743954,-0.08969800364645654,0.5286443269270842,-0.3975619500905031,-0.11911062318340315,0.6441470457441362,-0.6687049336728437,-0.1510381048021316,0.5046162235472926,-0.754601950372509,-0.18263487470917983,0.33352553619544906,-0.9278333518526077,0.018578114781279888,0.4266727267337398,-1.2634507994716395,-0.03757510511764132,0.4991402665329624,-1.4533104933277514,-0.10532267573963745,0.5799305388607126,-1.6055376510420667,-0.1566637081550556,0.17041442130138526,-0.9853605123697446,0.004856508514178054,0.21885371094576436,-1.3656361041401803,-0.04032201396935505,0.2888957196290127,-1.5928638454950226,-0.10654189022645617,0.37517941520223924,-1.7781178850055388,-0.15843939272986746,0.009751624350063442,-0.9644568095143388,-0.028637103039414902,0.031051876701253513,-1.3116712475140146,-0.07904288711910548,0.09778608943308476,-1.521051729688925,-0.13599033204944486,0.18680794698229067,-1.6809550024417421,-0.17792086368170604,-0.16100126022041727,-0.882796748230535,-0.07548817883705711,-0.15777356675343576,-1.1558700439045966,-0.12117969273957367,-0.12038284250922592,-1.3297137909001617,-0.14920123337766494,-0.047407314256257084,-1.47463000990447,-0.17167364046473976,1
0.0,0.0,0.0,0.2618421904738965,-0.21180026164776955,-0.025353276666874657,0.4680285680398848,-0.5115633474111255,-0.05019216359062004,0.518578526711956,-0.7438958951920921,-0.09851949663168909,0.39208107307314755,-0.7887376586818734,-0.1372917137773433,0.3573076525230593,-0.9719991597796159,0.03094932040349991,0.4603022577228037,-1.2883655090753687,-0.09110708522600049,0.5014657300526504,-1.0493592641326615,-0.17436555969334896,0.48254527759358096,-0.8118209334917452,-0.20390865038773875,0.201058686196141,-0.9794878725842582,-0.013375805226064534,0.28970020210716546,-1.287494397316477,-0.13365369472324662,0.34388169198917085,-0.9668221766181437,-0.18162523973104738,0.3337870811926248,-0.700418161377451,-0.18199168424615247,0.028431078160939607,-0.9504690115662061,-0.07476004703299399,0.11516247780646316,-1.233110834824825,-0.18704462694804236,0.20728131994848636,-0.9239702824050317,-0.1852463270942811,0.21809109688387193,-0.6537104306104939,-0.14713626565345544,-0.16291198228180634,-0.8755089348329811,-0.14072822395215515,-0.05937686845527982,-1.121988147690229,-0.21105000638952226,0.04963046500213815,-0.9283701484279175,-0.18776080186752908,0.08615208263384272,-0.712178723962846,-0.14657365286249177,1
0.0,0.0,0.0,0.2827836373633486,-0.14788439744024798,-0.08765067429371978,0.5089211699710818,-0.48321042801957875,-0.10117782008658086,0.5023052277600775,-0.7973018870583881,-0.1111994948243479,0.3354385149248274,-0.8759890624626722,-0.12162686791885605,0.3412943648454557,-0.9206216624842958,0.00233468684368537,0.42565802541102515,-1.2397664064775773,-0.05672710889754198,0.503853513355051,-1.404672069963251,-0.11995069260094678,0.5887433051954523,-1.5330729102034035,-0.1667132591758454,0.1908433411991657,-0.9816055200837006,-0.005424210647294121,0.2776764787501839,-1.3392434348001798,-0.04687069321358678,0.3632427824358067,-1.546729200228764,-0.10155367115178879,0.4516825352584605,-1.7109170032340053,-0.14476164007708858,0.03694287791292275,-0.9695959494916998,-0.03298980332304469,0.1025324917431748,-1.3259918796682162,-0.08490263596872692,0.18379657029584473,-1.5508407800523794,-0.140897339142543,0.2727615310742921,-1.7339021073832805,-0.18201404062558071,-0.1381491824342364,-0.9016301941875189,-0.0717437338950809,-0.12032179865157074,-1.1911324628966975,-0.11964029682672118,-0.08996483500874197,-1.3881738039367868,-0.14956377221695905,-0.0493147910111523,-1.571469814880741,-0.17449707953788085,1
0.0,0.0,0.0,0.2873157179273728,-0.15443518239440499,-0.07631255832875844,0.5130376804686263,-0.4066189798537539,-0.09430523931172395,0.6412443185796736,-0.6405911450249314,-0.11536895016586989,0.5967847547519471,-0.7915905194849774,-0.1359605491535967,0.2951749576314953,-0.9499811848138809,0.02074842002075773,0.38788232296985353,-1.2808937336682067,-0.03158033104386726,0.45906573123199923,-1.4680423768763482,-0.09771758745940855,0.5315220214643013,-1.6277148535755648,-0.14706839111333192,0.1275896648272128,-0.9918219405991084,0.0031804992529768845,0.1687455517093927,-1.3701785645048719,-0.0368991463476365,0.22173522670620482,-1.6122473627122789,-0.1052542525828523,0.28192509536400584,-1.81365497085072,-0.16022299639018034,-0.03910252707125688,-0.9595546280130457,-0.03292974390619255,-0.006166153033776199,-1.3238793029096236,-0.08338564378852326,0.04577906370230671,-1.554998162727868,-0.14711881004620153,0.11137121945521122,-1.7504189700636177,-0.19431555680229431,-0.2129632977274564,-0.8651636282973005,-0.0795513663999647,-0.2388229210277431,-1.1428816488440006,-0.13439190091449513,-0.23071647369584514,-1.3310907990996403,-0.16943513071879548,-0.1933664821842693,-1.504983707551901,-0.19417880022331016,1
0.0,0.0,0.0,0.26611932501226854,-0.16329218526850553,-0.0878712504765419,0.49730694010583565,-0.4667476723452367,-0.11187461860843097,0.5192569095644548,-0.7721355045254108,-0.13555494535340668,0.35275277208322137,-0.8451534236000185,-0.16001149826980535,0.3200454097600503,-0.9350351445946646,0.016713110660649122,0.39674092086994656,-1.2183320820856838,-0.042858343459111874,0.46638934325051734,-1.346693159037326,-0.11413429151188208,0.5493694127601585,-1.4538762720888776,-0.1700268528673811,0.17506331483009047,-0.9845495326644191,0.0038798880105490275,0.24229310982159352,-1.304389194595896,-0.042130785936375176,0.3128711574422315,-1.4889122847262304,-0.10786222575030337,0.39388075533195027,-1.6511777612580725,-0.1617217770948212,0.025602971018782294,-0.9583975999685224,-0.029280013726410023,0.0836849964632398,-1.279364663744287,-0.08826237627145726,0.15303111392024898,-1.4779880225518818,-0.14983049636616624,0.22942894492071264,-1.6475605550072663,-0.1956153854420528,-0.1455853887730625,-0.8683687873245014,-0.07379535607374672,-0.12049799052938957,-1.1318771603601376,-0.13036600730085535,-0.08236057001702878,-1.3102895550218903,-0.1661531386329259,-0.03615672166119359,-1.477482526607558,-0.1950048159767224,1
0.0,0.0,0.0,0.25910793296952234,-0.2023099147134939,-0.08616149471724767,0.44978045298975866,-0.5343307417661262,-0.10655016138876892,0.41678765742529783,-0.8313796329872698,-0.1264001554879073,0.24122745528314526,-0.9137000737550747,-0.14893715504978836,0.3229664085402865,-0.955296029498098,-0.00290374008920373,0.3807348857298672,-1.2943252845986324,-0.05432429783596581,0.40152397104302934,-1.4950104352958122,-0.11541885999006087,0.40680505863400807,-1.6513469934163383,-0.16435740701255702,0.17460460314163126,-0.9845258687925993,-0.014901216055446647,0.24542244167958036,-1.3492692044388093,-0.06839520157533431,0.28930277085472994,-1.5423457574044,-0.13609627154140763,0.31258372262817125,-1.6733786187465856,-0.19053858088626985,0.01936323378624293,-0.9455806754866772,-0.04288050154844002,0.0734097852821078,-1.3103779125172683,-0.11826327933656743,0.15245413734958285,-1.4031919621618625,-0.17938060429490235,0.20522316363169846,-1.3958079405310446,-0.2181114791441139,-0.16876110023750157,-0.8569526026728219,-0.08026879509913562,-0.14927190804253332,-1.1541908897858284,-0.15712305727939654,-0.05547021888564575,-1.2239127595096617,-0.19509531499626104,0.03483472521625533,-1.1932950570734706,-0.21903593468918778,1
0.0,0.0,0.0,0.2815924942474766,-0.25058396442730635,-0.051166525851772164,0.4466170278645761,-0.6020175769723598,-0.09223536760381984,0.3119476197854763,-0.8517504445186027,-0.14767600466846412,0.12674642353602456,-0.9468092275475191,-0.1867416718445154,0.3885461799084196,-0.9544074996093209,0.009004890528164744,0.470262065480728,-1.1755359034927053,-0.11730696146008159,0.44057928578630673,-0.9024130727181736,-0.1956038951983138,0.38905330440123204,-0.73311610279416,-0.23309865631491428,0.20801137260860367,-0.9776233278108875,-0.03136714499999401,0.3190471239256748,-1.2375748493909746,-0.16320816460910956,0.31497174352651375,-0.9030580408427424,-0.20515935582371375,0.2665458113008923,-0.7331406154030404,-0.20414848925976833,0.02058350827065377,-0.9552705344492549,-0.09084251620092042,0.11268502012820651,-1.2408076486530661,-0.23140997234290864,0.15628988725042875,-0.889135038171428,-0.21069323645126173,0.125605512806785,-0.6992134138118541,-0.16147999583814024,-0.18567686422064095,-0.8785139157508681,-0.1537892841814858,-0.05529710300582666,-1.036871099338876,-0.2478319877377501,0.020638263708672378,-0.7905777965023587,-0.21264952966794437,0.013776643295563848,-0.6411685110196423,-0.16349369074039133,1
0.0,0.0,0.0,0.2837680866588884,-0.13666150471262328,-0.08086275770372844,0.53252990489003,-0.3849184561547445,-0.11108287933669805,0.6567894918184378,-0.6323417222243396,-0.14173717677336295,0.5541716557023119,-0.7546813508553868,-0.17447054262482925,0.3465244930332209,-0.9220820746817443,-0.03052634170673178,0.45861771529302336,-1.2602191887713525,-0.1004324253764387,0.5423649411768471,-1.4601696379721012,-0.17095711297691604,0.6256340466496333,-1.6281728104737234,-0.22284922925519687,0.18498103328794172,-0.9811881785531098,-0.0552428781957999,0.276290123106155,-1.3781526021360855,-0.10933600170723762,0.35637093699710254,-1.634200611619032,-0.1781358562433932,0.4356011852366239,-1.8499584014445631,-0.2338047422283182,0.010263652774915354,-0.9604430094950092,-0.09645127133400293,0.07518017602643914,-1.3504274762922535,-0.15999322730838153,0.140354624544033,-1.6045195316319656,-0.23488118759351898,0.21619810303656645,-1.8193539162464334,-0.29139088874913566,-0.17979377753717804,-0.8744243455339877,-0.1468432877131128,-0.21521241807504046,-1.1606491294040295,-0.21680267866768546,-0.2343741553091948,-1.3705033692695807,-0.26648527049445997,-0.23314308967242514,-1.5722428197181408,-0.3036308252269195,1
0.0,0.0,0.0,0.27789648233933434,-0.2486870618994941,-0.04949329477755744,0.4568871433055447,-0.6106028817915302,-0.09130890344720723,0.3389089717182804,-0.8683766164959094,-0.14763379013720093,0.15429296699087683,-0.943197094551853,-0.18960630498456355,0.3734585522027685,-0.9795661659341695,-0.01481197814103393,0.4503656128801847,-1.2414877452593747,-0.13795383882017848,0.4503330227891345,-0.9412661929167001,-0.20937045951868408,0.42065169946447656,-0.7313234401131538,-0.2392056668822857,0.1847042593474028,-0.9813002201522022,-0.054168390304374106,0.2746407404113652,-1.2438575921308774,-0.18015405548790447,0.2984589920049011,-0.8864473727463836,-0.2171584907067033,0.2674342054782553,-0.683884356099185,-0.21471980849877825,-0.0043279885952902135,-0.9400050625763127,-0.11030067690740991,0.06646651054370405,-1.2247643728233455,-0.23435331679070648,0.13888393904139842,-0.8772519029458123,-0.21037873077544103,0.1340187856997637,-0.6656474638958384,-0.16285658899496425,-0.20912567266364562,-0.8450159738876077,-0.17056255277951826,-0.11954049481173061,-1.0636120084606702,-0.24764533653245607,-0.014255755291375943,-0.8369068404553753,-0.20820548628277985,0.016870803800303813,-0.663785663055243,-0.15946471809331972,1
0.0,0.0,0.0,0.25733469323195834,-0.1890382354953975,-0.07451638653097298,0.4364376361879576,-0.578262152942616,-0.10093981964938735,0.4339813656838655,-0.8340829484687247,-0.13393368027594246,0.4149363075918172,-1.041491708341062,-0.13878160813975116,0.3342705393035674,-0.9564671219587939,0.016650254248801562,0.47410997195325544,-1.0765647103095242,-0.11959539844630064,0.4475607262806277,-0.7785556178729067,-0.1843980025599244,0.3662555427552396,-0.6608342719739363,-0.2107888104909275,0.16516365841912173,-0.9862144148349375,-0.010104153076502262,0.33277897500767134,-1.094282387036093,-0.16044982030963148,0.3209546482097315,-0.7196404060889705,-0.19088632343070314,0.23808321293414697,-0.6472503799606618,-0.17665203154115564,-0.012167419762438075,-0.9554927055723574,-0.0629974701256199,0.15462423095685912,-1.0754401098329676,-0.23029846015270863,0.16755333328411423,-0.6893703819508787,-0.1906911488480687,0.07986459766525493,-0.6135698175518907,-0.12553891762917224,-0.2001596667659514,-0.8677411774675426,-0.1213893639910061,-0.005798554313555666,-0.8845043436730681,-0.2356616950380189,0.010060917970385025,-0.6207755789878782,-0.19712345412812263,-0.08126419848139797,-0.5772626519290582,-0.14185606298084952,1
0.0,0.0,0.0,0.28028888120184736,-0.21861514881482985,-0.07751110081510876,0.46377999497366157,-0.6246304406997185,-0.12474256482384682,0.3375062158205235,-0.8779538036859444,-0.17726949915272316,0.17340843608826884,-1.0099848015374322,-0.20949644295256276,0.38167542024807954,-0.953736353032505,-0.02647050486312692,0.46143092450272394,-1.2220901489301894,-0.1510942341094795,0.47519241231547504,-0.9536135462827193,-0.2254704526546909,0.4255269970196737,-0.728018416662431,-0.25739174941456244,0.19334492037741224,-0.9797572942608401,-0.05189784298918091,0.31383756308702304,-1.2628328536967606,-0.19341684727717678,0.33874132818150654,-0.9199811957762308,-0.24473123889915607,0.2777345529904746,-0.7004329939786096,-0.2464285943008076,-0.0015879208457606907,-0.9639595800840771,-0.09625464951254985,0.11649985781643374,-1.3047048239302006,-0.24135403153664245,0.1740909615620254,-0.9423221092446962,-0.22406047983305344,0.12788335642998697,-0.7335473296113558,-0.17867818911348293,-0.2121172192917274,-0.8867433576047482,-0.14587713245575695,-0.030436983237540436,-1.021710410880647,-0.25863884239153906,0.02777585142224626,-0.7518432740153475,-0.235426931617316,-0.02030425223635937,-0.6055103342837085,-0.19410815708643478,1
0.0,0.0,0.0,0.2745620380570859,-0.1585438703117718,-0.06915213127586169,0.4880780519375571,-0.4887218083703989,-0.08873784883934509,0.47825287242650133,-0.8078948300917183,-0.11523147285849261,0.30552799516844137,-0.8781250160500899,-0.1374434057445701,0.35295122462094025,-0.9395749184492111,0.01641491534915135,0.4186010900036483,-1.2989199686919877,-0.06975352842265262,0.4731217502382531,-1.2452603085212781,-0.1561344029567837,0.47530924941826985,-1.0784605358286592,-0.2005169163191898,0.20093706795680563,-0.9795973654271513,0.003646418668541286,0.2603248876881643,-1.3910153193378147,-0.057982766866428746,0.3359650602955573,-1.3589302796286773,-0.1315227213660974,0.34754067412118933,-1.1969205799830838,-0.17811297212220287,0.03951304811891943,-0.9666529636806875,-0.026585496670511216,0.09225761883075718,-1.36211063939318,-0.08841692715541169,0.17704216146842763,-1.3151045789303821,-0.13879609371332277,0.19273799367447883,-1.138487923387441,-0.16546237688084323,-0.14867595897043315,-0.914143478447985,-0.06551966894833834,-0.11965413903675191,-1.2538211735966618,-0.11181066096416141,-0.045330054444511464,-1.2609743450508806,-0.12793090160052942,-0.014026431296309674,-1.1503529537374977,-0.1354158992090392,1
0.0,0.0,0.0,0.28728516538702,-0.17779955193090352,-0.05628165509914589,0.5439787900824753,-0.5568115800902697,-0.06727778170877054,0.5327071807797811,-0.8526230745354004,-0.0797311038794193,0.4561341687145214,-1.031603414418192,-0.06321173425695939,0.4178257234140738,-0.9498173425555259,-0.03321059724325537,0.5333996130484999,-1.2537898306804018,-0.1617046555819925,0.4988414372124229,-0.8911751284983146,-0.1919851786932855,0.44059713110218895,-0.7481511788265306,-0.18891360358346942,0.20339628714500355,-0.9771048243393855,-0.06241884834187366,0.3358458201899801,-1.2718888987331278,-0.19886899911187955,0.3215508349000458,-0.8360247765859419,-0.19864039608070302,0.2526692954858095,-0.7415631892544716,-0.16361509235537772,-0.010837765455954414,-0.9562993613245406,-0.10936250407851061,0.10324083889215892,-1.2255931111274547,-0.269404184966099,0.12631515335811636,-0.7925587405803062,-0.2021485315739582,0.07006799328552564,-0.6935230228830646,-0.11649681505254274,-0.24773358114949487,-0.8921294866483858,-0.15596319058893846,-0.11253845739859757,-1.0797240937630055,-0.2529339264463926,-0.057047477655932044,-0.7721736422158181,-0.1786253288223034,-0.0951133232932582,-0.6670433614981917,-0.09750879917269387,1
0.0,0.0,0.0,0.2775472339875152,-0.1321251360064305,-0.08805915714346103,0.5493657500134791,-0.4784533764668654,-0.11694383131637408,0.5385445310863864,-0.7608680763041314,-0.14017589742755432,0.43075395933125027,-0.9098208084601876,-0.13304926141590562,0.4119550983801634,-0.9295570035499359,-0.036217135523252945,0.5826852181051062,-1.0589537114184224,-0.14823392506316413,0.5103519926383406,-0.7209111872150139,-0.1724713241819716,0.4245146087744149,-0.6729201074441887,-0.17776414252392023,0.21123679734110465,-0.9760455301853637,-0.05209739392949851,0.3958111701506862,-1.0699439519643907,-0.17855949181321626,0.3377820346847138,-0.6543601957896548,-0.17636623562300638,0.24961745949155784,-0.6536755467413757,-0.1460726447306674,0.012360162996791317,-0.9667533548531965,-0.0888997442440095,0.16976384230642638,-1.036143017541001,-0.24206812754636514,0.14965178594916287,-0.6339959003093409,-0.18552033946914737,0.06287247448305494,-0.6184776642468359,-0.11414455011853882,-0.19360342741579495,-0.921324268211966,-0.12911868373748403,-0.03084829620922009,-0.98275091660427,-0.2194221294046975,-0.016835222191005,-0.6973300401746123,-0.15631004782327462,-0.09223726036195934,-0.6590610482441234,-0.08816776133801714,1
0.0,0.0,0.0,0.28397004479387883,-0.21516278836780148,-0.07084059277653529,0.4692005043860636,-0.5923229487856139,-0.10245874597339218,0.4878846654927594,-0.8439217528599124,-0.13930958095075116,0.5012210150599915,-1.0330247980164078,-0.1474797540247522,0.2587273413877166,-0.9833526748641602,-0.012313783129109497,0.4217915368898421,-1.1608316248329231,-0.14909576696853194,0.4217697825496611,-0.8401033183869878,-0.1973081288991454,0.3585835972166882,-0.7123145680186087,-0.21024965284269634,0.08678213213924509,-0.995348237148437,-0.04184194482651617,0.2895386863620864,-1.1821862485763723,-0.19994390588379368,0.289813197964083,-0.7772792880409134,-0.22200668035194862,0.19747682281272108,-0.6878484476050956,-0.19621309523251532,-0.08337272621353709,-0.9493500151370479,-0.09337487104853284,0.1088821941724946,-1.0808025720064176,-0.2615952951284379,0.12972073923431152,-0.6888849871376056,-0.21447298801591463,0.028856427972922875,-0.6144970381778965,-0.14074382190550944,-0.25933231550260677,-0.8502710465779255,-0.14883922421676585,-0.05393206117661588,-0.9053575745915579,-0.25101079134108245,-0.021352432658826838,-0.6416184401418499,-0.199194202804282,-0.11852656615073201,-0.5826208260769679,-0.13437047516478717,1
0.0,0.0,0.0,0.26961901801218435,-0.19057494310624915,-0.10884726385572328,0.48274748110183985,-0.4611644189593952,-0.15969985100074205,0.5887970340809419,-0.6919842962792335,-0.2111752425411473,0.6194564155344453,-0.8142949617077425,-0.26004673709564197,0.22178673548344846,-0.972267460308599,-0.028039613433029187,0.31872384732099573,-1.3114713885274756,-0.08867120836451489,0.3852604124777003,-1.5229148564200574,-0.14624053868712733,0.44256804167220687,-1.6866836434010346,-0.18663912489094617,0.03738946900159864,-0.9986242792685326,-0.03676379282912004,0.057296508885755056,-1.383695339730322,-0.07937487949669456,0.08023111034630218,-1.6329768468719963,-0.12814871665011182,0.10836372757614783,-1.8419348874127615,-0.16414316209180096,-0.13106165818975293,-0.9391579297241451,-0.06652371386115521,-0.18938207909026064,-1.2959860901699896,-0.11693499730526087,-0.21017866698274001,-1.5432641011335948,-0.16945117305300725,-0.20566842313676567,-1.761807387667308,-0.20747014739466232,-0.29121764858688093,-0.7978255543716553,-0.10971227049300847,-0.42691912139250726,-1.0165680094696938,-0.16371324712088503,-0.5032392191509634,-1.19020940656011,-0.19425582698660704,-0.5458086046607207,-1.3581034446289117,-0.21398910246005104,1
0.0,0.0,0.0,-0.24881870282076904,-0.1574330756080644,-0.02411824188867417,-0.42159363601042604,-0.5855601132409901,-0.015490903521889062,-0.4429755674924772,-0.8884271139523775,-0.025583866929342287,-0.46554835886953205,-1.0971786789287208,-0.015583930538631706,-0.27023193519456407,-0.9882738926966477,0.064614122276845,-0.42939219258304845,-1.204407762295725,-0.08412682403472342,-0.44629667053698585,-0.9045017261226993,-0.14690310642898022,-0.39200595116133485,-0.73116872441441,-0.15848375010752055,-0.10617761582589409,-0.99416623209211,0.018968839324157466,-0.276359352130071,-1.201958520992092,-0.13856163268054048,-0.2981283736833696,-0.8122850923193905,-0.14481004645725343,-0.21763217697745169,-0.6954251024551023,-0.09588984531797766,0.06525686915240671,-0.936951909606967,-0.05560787480127359,-0.09036631616857971,-1.0930898840814638,-0.21796364397116594,-0.12041303322962363,-0.7012226835700914,-0.15508920761313444,-0.04753001196071486,-0.6048159369988694,-0.06276236115968184,0.2367980195841218,-0.8444711076854096,-0.13515223295764137,0.08094866927768742,-0.9207158019473516,-0.22696017265736015,0.030195877574775678,-0.65486784540829,-0.17749749105744195,0.08788377756097328,-0.591738438688354,-0.11069357176557099,1
0.0,0.0,0.0,-0.2517349690144561,-0.1194399342799383,-0.14064366910557757,-0.5026632227429002,-0.33196516482558897,-0.22602405892140776,-0.7263188776577467,-0.4547495349541098,-0.3035727588947599,-0.9242244178452128,-0.5211162932228893,-0.38263077139431606,-0.3178707973349498,-0.9121725544724861,-0.11936801456785916,-0.4351019009144693,-1.2426098753562682,-0.22270935886740104,-0.514621744800727,-1.4513341129926143,-0.3086417852991149,-0.5781849564775761,-1.634495716807744,-0.37102645596334166,-0.12979392084523098,-0.9824323355114426,-0.13409043311569327,-0.17389264588833894,-1.4023960655690202,-0.20627899240049938,-0.20886912479649294,-1.6643445245086266,-0.26963432435908585,-0.2350398171284551,-1.877041042354191,-0.31748489129534463,0.056794056185317375,-0.9355774472806079,-0.1706344844697207,0.08233182939975532,-1.3340661176411097,-0.2570442801673727,0.08031595350057064,-1.5749953326877375,-0.3065303443151582,0.07059066659201886,-1.7866165152506543,-0.33977174103532104,0.2344495487766884,-0.7911296242330019,-0.22193133876570392,0.3320671161212769,-1.0344805246706545,-0.30238595001979157,0.3727118133749123,-1.2162022089835467,-0.3289817245158206,0.40251215429652487,-1.386009162399176,-0.3436473442748308,1
0.0,0.0,0.0,-0.23756879124292674,-0.11551268641148875,-0.16396353623360416,-0.4454145685859625,-0.34731260487009424,-0.26096355897979034,-0.5791962264843864,-0.5713979601984086,-0.34768894650408616,-0.5227095948666066,-0.7025057802433176,-0.4290379800813813,-0.3025965837979539,-0.9240167389323237,-0.0991158788733921,-0.3906436185033318,-1.2591674384906768,-0.20257635278379924,-0.47223262832851076,-1.4668755952553172,-0.29146764689513976,-0.535278707870288,-1.6502863463613258,-0.35602079126301195,-0.11945011549687747,-0.9883608585674024,-0.09420447526359689,-0.14297676431174797,-1.391293277765435,-0.16417076857639942,-0.17328826502209177,-1.642906479275569,-0.21924817363188615,-0.1962816850986479,-1.8601245036239418,-0.2581250835474199,0.05864688416157817,-0.9521244451369626,-0.11549087702332836,0.08560128212219784,-1.3193751883228475,-0.1848465409516765,0.09151820923482235,-1.5548600857503527,-0.20916379405077598,0.08842014327052333,-1.754175951953528,-0.22296146653384633,0.22722060974200609,-0.829959106521572,-0.15699658917213893,0.29503800231433186,-1.0972032311759836,-0.20766491884402213,0.3220492904420476,-1.2739295625155214,-0.2103670997751504,0.33626507067981054,-1.4323724083808218,-0.2085018046781224,1
0.0,0.0,0.0,-0.224151453601888,-0.14121274296612735,-0.10099070069890562,-0.3956030250275495,-0.456209802867492,-0.13915753902728512,-0.2838637756081382,-0.6973006300788693,-0.17485156499260404,-0.05120536620843505,-0.7318067875906411,-0.20782897481972096,-0.3357512524267552,-0.9280515713292943,-0.016244363198649574,-0.3984163938194158,-1.2344656114721833,-0.05895851388970903,-0.4469253043607035,-1.4099041434778026,-0.1110159204429707,-0.5025900376455127,-1.555821935417931,-0.1593566876668994,-0.17357502366076577,-0.9844615670928585,-0.02659199274664632,-0.20378802793612508,-1.3485050327143135,-0.052936218766727675,-0.22640390937521115,-1.561912393181585,-0.09526354225352945,-0.2495239493189834,-1.73995095100299,-0.12925208627374685,-0.011971270104870523,-0.94558754228455,-0.05658579958598977,-0.059357826387122774,-1.2830754124057357,-0.10193990820489819,-0.09664771357028754,-1.4940848799897177,-0.15743178819330317,-0.13071427303781033,-1.6778466052462169,-0.20168504925655945,0.15537707322071886,-0.8385202986216617,-0.10008850494637687,0.16179684802392988,-1.0097842925640896,-0.15164863822132968,0.1568645462291899,-1.0566156288865827,-0.17337854472357173,0.15928661993947965,-1.0807907041365525,-0.18993164136000035,1
0.0,0.0,0.0,-0.21560936737216976,-0.20159595611414302,-0.037597973561482846,-0.38421372077184685,-0.562969872265193,-0.06195507589931778,-0.44130511760099683,-0.8563608168064194,-0.10910994019908565,-0.4516409737759917,-1.078292703635701,-0.14254645357972948,-0.2665258021181897,-1.009322036565141,0.048226677488930746,-0.3162699858678734,-1.330342710748317,-0.09104909328724796,-0.36020091897330303,-1.1376059177972342,-0.18301931775501926,-0.3600128812577863,-0.939342407863637,-0.22095295768031492,-0.11912587241401547,-0.992860093189422,0.006153200264250761,-0.20048339963066927,-1.2318344525320097,-0.1359973747917695,-0.24124057446891234,-0.9434868859644648,-0.1846301057846495,-0.2252093643125666,-0.7463780295822662,-0.18065477768237817,0.03408942211507677,-0.9371511217873115,-0.06018060986814344,-0.05775879391930889,-1.1526310266847108,-0.19676048161623338,-0.1153352708472504,-0.8798268541762138,-0.17933496931206,-0.11393369343066766,-0.6964632190166505,-0.12874638025067872,0.19238297859880435,-0.8429993193742779,-0.13197638971442596,0.10764350850135629,-1.0539559347413099,-0.2079175570701306,0.037873805503418664,-0.8659614355646585,-0.17212328143132685,0.031233412765314307,-0.710261854391941,-0.12043698956018015,1
0.0,0.0,0.0,-0.24603966003302913,-0.2368489324505738,-0.06101245742030558,-0.41246527250936116,-0.6188816509181985,-0.09425232896906093,-0.4672935022875652,-0.9299542354128629,-0.14731617990716497,-0.46919246169761725,-1.1900120610033367,-0.18085410036837365,-0.3077223235021627,-0.9921502507304215,0.05575260632876646,-0.42470145423464634,-1.2753038148616647,-0.10359729505167885,-0.44668046145615364,-0.9904934207113996,-0.19423944145636263,-0.40561740822051384,-0.7869955997296609,-0.22661653851443592,-0.14587679090200995,-0.9891390513270204,0.017997194670652958,-0.27183783607933537,-1.2804366629987622,-0.14224654550642998,-0.31121536843788,-0.932212769034844,-0.18103350202472618,-0.2664485131221709,-0.755437532820981,-0.16194147887949387,0.032559029274921825,-0.9376144263795914,-0.05095485366053647,-0.0784185504471634,-1.2133118532169458,-0.21990837457190848,-0.1419600865667046,-0.8561291717849037,-0.18326738363022016,-0.11964986081776621,-0.6705316307829107,-0.10916837425956454,0.22235039612454563,-0.8469861729196172,-0.1272184516895955,0.1100231394481399,-1.03665875425404,-0.2247542135761995,0.03072147366392386,-0.7766493277278862,-0.18050929055245105,0.04080000901349056,-0.6180435829097096,-0.11780689499684076,1
0.0,0.0,0.0,-0.27143856929866994,-0.1846639823395178,-0.03827200539437186,-0.41489590297777273,-0.5843814758896714,-0.0571055658257432,-0.35738179959371186,-0.8725205698507132,-0.09545808521450969,-0.27898949779641813,-1.0743375195932627,-0.1144585758175209,-0.34168648945296365,-0.9661921598640962,0.04194982823518561,-0.4663743212467626,-1.2218092518179093,-0.11299270669200707,-0.4637523660873044,-0.8927239523901189,-0.18847848134557554,-0.3997936336711518,-0.7073693489169999,-0.20907732179230376,-0.17318963861770706,-0.9848871708729002,-0.0016154644665061712,-0.29617613727462044,-1.2767069662426933,-0.16829208946042676,-0.3090080840924934,-0.8643312462951387,-0.186223654883258,-0.2295839049875225,-0.6977091741431566,-0.1428625689295354,0.011050075574661082,-0.943712132732033,-0.07180275663213566,-0.08928391246309066,-1.2253399406958494,-0.22599221388017507,-0.12904898399507925,-0.8198977133370473,-0.159847991989148,-0.0755138203998521,-0.6607201934126826,-0.06352783986405158,0.20136340750555765,-0.863224190925754,-0.14874687573319526,0.09880555069908921,-1.051048538034856,-0.2193773862517998,0.027275892695648226,-0.7795883911206685,-0.15324343777962593,0.05221439362629028,-0.6605735480893886,-0.07625682486329383,1
0.0,0.0,0.0,-0.25780466187067563,-0.1818042052435363,-0.03523796308275474,-0.4120445889799817,-0.58264361683792,-0.04436238803533607,-0.40332425469587846,-0.8591536740579719,-0.06999505680057906,-0.36829540653410414,-1.0510267029088203,-0.07604731321076395,-0.2999734075519126,-0.9763464328955924,0.04279321504232061,-0.4465990298240113,-1.1695492173715911,-0.09914863314295581,-0.4450648208178895,-0.8599425109985288,-0.16143181950187868,-0.3787914662769993,-0.6999111756929691,-0.17673378036455603,-0.13098480385298955,-0.9913831232460109,0.001576103606605113,-0.2826344939623701,-1.1867086109193055,-0.14752486211739263,-0.2928059485845866,-0.7990016564388578,-0.15448877743368905,-0.2077614285889054,-0.6951782888244336,-0.11134232476788812,0.0515784530989382,-0.9392105828014421,-0.06599761077907823,-0.07790940698183779,-1.1109034429863167,-0.21108978215333984,-0.10913524705029827,-0.7368208736623536,-0.1449248202503178,-0.04234381815446158,-0.649320621923312,-0.05611272530020939,0.2367005445209521,-0.8512213680655886,-0.14001461185397943,0.10920829499524648,-0.9648274323738102,-0.2101755541024854,0.04650889876457127,-0.7088859648111355,-0.1491070509545135,0.08736022071542313,-0.636592354453102,-0.07874386226248753,1
0.0,0.0,0.0,-0.26323735668635545,-0.15203678553365263,-0.03506111052967816,-0.45534176524211145,-0.5419640848715664,-0.04881818090265354,-0.4747394504197976,-0.8496965206723092,-0.07942618294459604,-0.4197251351967774,-1.0475287981881607,-0.0913962911048612,-0.32624643705645934,-0.9725859569820098,0.03447591555832159,-0.4895975991028888,-1.168873626453515,-0.11534080675957384,-0.48352116009160634,-0.8570065446115253,-0.1824699714749057,-0.41666253820363375,-0.6819581113779248,-0.2001678697887337,-0.14676746551951125,-0.9891316862726452,-0.008821466794842428,-0.32302916910812657,-1.1572135519498608,-0.15960056081051543,-0.32325753292783493,-0.7657739377335164,-0.16198282976163253,-0.23904045873197044,-0.6520413301921089,-0.11782288856271746,0.044437637908203,-0.9413544726770876,-0.0793254331704563,-0.11335559708813453,-1.0869082475400753,-0.2336995241500801,-0.1292261820553499,-0.7000118824816525,-0.1610336488545625,-0.05911036357572122,-0.6025494265416984,-0.06768873356008093,0.23721424867681815,-0.8532647403803778,-0.15583593770996004,0.09270492306286461,-0.9561389284956595,-0.2358105935527304,0.040301030459915566,-0.6805030275549243,-0.1712277467211167,0.08402597710992449,-0.5995825181920275,-0.09711793434885957,1
0.0,0.0,0.0,-0.24814401573086264,-0.14220195406633518,-0.030931716271960095,-0.43969003185455025,-0.5277268194743556,-0.03775178934854971,-0.46137948310032384,-0.82265093061439,-0.06362796690542064,-0.39939928505472844,-1.0027109362825395,-0.06966091355120053,-0.30519956842736984,-0.9714669515149377,0.05498403590502196,-0.476449417987679,-1.156637645149683,-0.09107066710484364,-0.4778052458138242,-0.8464177542836874,-0.1563024289643553,-0.41219511279659776,-0.6723323586220543,-0.17427292484624957,-0.13500292564648492,-0.9908133832774835,0.007940376887548208,-0.3237745820988556,-1.148785777526239,-0.14863989781640394,-0.32649161829403267,-0.7548777503753661,-0.1567901096447872,-0.23819001139035179,-0.6456043048881037,-0.11226306483345797,0.050417066475347064,-0.9453139260566801,-0.06736776756165362,-0.12678959591116082,-1.061090930305019,-0.2220633378997194,-0.13925038138635057,-0.6740624101041057,-0.15589676707228706,-0.05988571825494432,-0.5949422167674518,-0.06544734488432359,0.23788456210954942,-0.8570717810500299,-0.1494496177848725,0.07644316630653228,-0.9183383673499385,-0.22941195230995343,0.03012386610868838,-0.6527557361978019,-0.173301288476615,0.08622692475160045,-0.5959315468454255,-0.10525002729512616,1
0.0,0.0,0.0,-0.24092579494796418,-0.1487664462084989,-0.04293403431896506,-0.4220176683656963,-0.5157736883286034,-0.057948868443616505,-0.4553876549783212,-0.7938480039910693,-0.08826508908903231,-0.42797177080251714,-0.9892005005041971,-0.09716429291380334,-0.2843939034011463,-0.9797520559078031,0.041255212837357946,-0.463695849717612,-1.1208903859269725,-0.11069762001265063,-0.45850398971228096,-0.8074353787858238,-0.1814932128094424,-0.3892382304663552,-0.6441104570409852,-0.20258333188872496,-0.10980831120351364,-0.9939524790606611,-0.0007772771696449813,-0.3048050990461617,-1.0941743344535753,-0.15981855496664552,-0.3059912187148759,-0.7048598998330399,-0.1695598297618364,-0.22292420412195285,-0.6044623329282016,-0.12813762372176055,0.06909426641740563,-0.9413375953560608,-0.07228333523938335,-0.12396875730887957,-0.9974501693816656,-0.22906725533007802,-0.1346530082896309,-0.6209453316553531,-0.16576902464831306,-0.05677410376123562,-0.5504120254546996,-0.07844211078451006,0.24416721699300378,-0.8438885533342368,-0.15181032201000075,0.06942265409060469,-0.852923767846758,-0.23587277847811572,0.02910958511753012,-0.5970144147871141,-0.18533410641798037,0.08851346879350348,-0.5507963943870329,-0.12039419685273106,1
0.0,0.0,0.0,-0.23977731827140622,-0.15079501865906203,-0.06049223446072359,-0.4199964383896693,-0.5105667917998905,-0.08259798261428379,-0.4659946349434131,-0.7868003073227884,-0.11474486944322342,-0.4344410737997944,-0.9936343201200053,-0.12184653135501411,-0.2827914044590157,-0.9835943115653052,0.03020748078153141,-0.4558721070314614,-1.0888736910912358,-0.1206291900162469,-0.44371677557466144,-0.7706476855987486,-0.19203531036325022,-0.3741613079761514,-0.6392005959824433,-0.2163771399504258,-0.10931848836784105,-0.9939988518463813,-0.003968706218150232,-0.30195272797517553,-1.07042216555239,-0.16389711363705886,-0.3030338959363589,-0.6868975735034761,-0.17414190827794185,-0.21976371116266247,-0.5996249697694203,-0.1333934798095126,0.06377608797701909,-0.9347478492606316,-0.06860681737324555,-0.12318029383161024,-0.9611765309278436,-0.22420576123573963,-0.13495537872029484,-0.5956085455316944,-0.16055276189360076,-0.0553462260520981,-0.5386402058992038,-0.07285034244366202,0.23102198159079237,-0.8278193318867144,-0.14351246530682524,0.06024794162530848,-0.810442662071366,-0.22483478229641354,0.02057513325290879,-0.566879973762538,-0.17575913973699883,0.08152044563758666,-0.531568264106519,-0.11196634241204237,1
0.0,0.0,0.0,-0.23565657520289082,-0.15330979896247646,-0.057631270911120365,-0.40741450912907107,-0.5105185202440653,-0.08004760747477827,-0.44820235493224964,-0.761527208773915,-0.1131834118766493,-0.3952182608759444,-0.9272210942833703,-0.1219387679696739,-0.2707772734763191,-0.9854699828688768,0.023800801719848025,-0.4622195442130256,-1.081320411216274,-0.12161643609439572,-0.4592393799897313,-0.7689711611738096,-0.18989757063994928,-0.3905151638571076,-0.6453860257930966,-0.21484055212537737,-0.10301859466899965,-0.9945833854263963,-0.013822394372634323,-0.3120236809747513,-1.058215262574658,-0.17070710445068088,-0.3199534556377702,-0.6815462603879945,-0.18090966405380604,-0.23286184774723148,-0.603017002147303,-0.14196286394708144,0.06761672310981923,-0.9265206275013211,-0.08038605229285178,-0.13019569327713168,-0.9345527591060832,-0.2300635509651058,-0.14564581483619715,-0.5813762652492558,-0.16810815006130728,-0.059465034443109924,-0.5350340787424206,-0.08452429574153195,0.2297327239923581,-0.8100978817980665,-0.15740305487070833,0.05679181123281716,-0.7826959484111151,-0.23443153771747482,0.01563783004068947,-0.5498604525461587,-0.18620004781844324,0.08210921986325512,-0.5163836963275621,-0.12496314948311557,1
0.0,0.0,0.0,-0.238749291890857,-0.1519604958048172,-0.054701493846319726,-0.4078764076263786,-0.5045208231727585,-0.07732415368617904,-0.43117105761168456,-0.7543763529024456,-0.11123581672182783,-0.3720375983109676,-0.9193573114856862,-0.12158391946552978,-0.2731613149172309,-0.9841051011354602,0.0234040429726344,-0.4625154933348953,-1.076885730236015,-0.12351515294380111,-0.4539856709594826,-0.7706452051984006,-0.19550144356439894,-0.38496685541557113,-0.6327477618011773,-0.22159778767111096,-0.10626587393307363,-0.994237877710457,-0.014092784077197424,-0.31488832906448205,-1.0409942700799655,-0.1712146502779792,-0.3146645308091032,-0.6719416139873448,-0.18505485381882442,-0.23207679550256277,-0.5819077753809777,-0.1490983364046145,0.05967116727466994,-0.9281120263271022,-0.07995469234717824,-0.1395498301709031,-0.920134201029092,-0.22825652596993506,-0.14934031191641908,-0.5695462848598359,-0.17002218597591556,-0.0696776590705314,-0.5132756667448362,-0.08924870015881954,0.21317874817189006,-0.811777612419224,-0.15594030670904685,0.042037512503290075,-0.7610590190130148,-0.22967278852737766,0.006735574412530996,-0.5351394110599303,-0.18356360565093705,0.06966568711899258,-0.5075257830090009,-0.12460494649748642,1
0.0,0.0,0.0,-0.23569341476901323,-0.15261337678361514,-0.04701393020145766,-0.403578628956146,-0.5118813685625663,-0.06371515981896209,-0.41860003892959846,-0.7660273443214674,-0.09244155506394013,-0.3636731270800263,-0.9191770029107263,-0.09842256369271164,-0.2631989722812218,-0.9925341413714927,0.0270076620422488,-0.44626989531955347,-1.088642374390434,-0.11424855682275287,-0.44879830101787144,-0.7852490294328051,-0.17941351898482802,-0.3842256331011093,-0.6490554001024617,-0.20075666522062835,-0.0982069586444034,-0.9950850098070027,-0.012697107198639625,-0.29775834270567386,-1.0411926017802988,-0.16142105903187912,-0.30996459409574173,-0.6742484509103907,-0.16734088879142722,-0.23176692830787252,-0.589352011816408,-0.12705068045127216,0.06756470451072062,-0.9226847839506104,-0.08032827533862823,-0.12531332122708772,-0.9120371898046625,-0.22343342416351078,-0.14278188596947286,-0.5734752208106886,-0.16415724504922205,-0.06346365049197444,-0.5245571553391936,-0.08352161014745059,0.22553935904879557,-0.8035505124702652,-0.1571382654244383,0.05946040564888661,-0.7751002364110152,-0.22767592924731667,0.01561031876337457,-0.548664293252018,-0.1791195619790478,0.07317910522370837,-0.508385268146022,-0.1184221494378165,1
0.0,0.0,0.0,-0.23735602798575856,-0.1524015028468643,-0.05331666476410193,-0.40547890912231144,-0.5036930677926647,-0.06995847261237695,-0.4473351375003753,-0.7494205791345604,-0.0971833693691308,-0.41408976178557144,-0.905874284733257,-0.0998058690373332,-0.2733023301233947,-0.9812371497604997,0.02778090357351266,-0.45959795142179644,-1.0555995048748246,-0.10842938757064632,-0.44498804232144007,-0.7575143515621308,-0.17336995378235587,-0.37682833577765446,-0.6377408805415667,-0.19667643690354003,-0.11188422893903284,-0.9936890447938707,-0.008000098209580518,-0.31311181644841946,-1.00568177858251,-0.15208971276897723,-0.30929091437538025,-0.6473409220190802,-0.1609411856894889,-0.2307646466627325,-0.5767120275638001,-0.12453096087819351,0.051009367922106724,-0.9220878493510742,-0.07141912107481475,-0.13960615945566449,-0.8811206086819565,-0.2087928427492758,-0.14948616357197655,-0.5513053555453288,-0.15165760332077804,-0.07102857302139329,-0.5135435494859398,-0.07429887863698015,0.20291536942300123,-0.8001910155820894,-0.14533655232055961,0.04031662150719148,-0.7366705201380186,-0.21234788664621748,0.0014569816148732163,-0.5237244071081993,-0.16714126981226377,0.059222606086965994,-0.49836852366495243,-0.1097137693415149,1
0.0,0.0,0.0,-0.2525134189486986,-0.2326655952984694,0.0014615442953511376,-0.3549214706072392,-0.6404034278108094,0.004406469005764104,-0.2551483751860149,-0.9233130419664567,-0.023849458214004297,-0.12898428492505598,-1.0972539684675209,-0.037541140774112775,-0.2373480214085276,-0.9791799853452916,0.10121889542645275,-0.34420365326794805,-1.2595952906949899,-0.026020276185973537,-0.37272516870938244,-0.9856378762560687,-0.09235607922221886,-0.33079198241823154,-0.7932450100570356,-0.11299161325744417,-0.08962437066089922,-0.9950521501627685,0.042879956157732775,-0.2137603138137955,-1.254972226347576,-0.09099483457707269,-0.24839395415573734,-0.903850744630741,-0.11175144942197987,-0.18295518201974112,-0.737878972193347,-0.08166877303929489,0.07293396107758252,-0.9650234590763537,-0.040547671221518526,-0.047913767755187985,-1.2294049572502006,-0.16715113955251976,-0.09800060335353289,-0.8725430351592124,-0.11456035699036297,-0.04095534292089311,-0.6992670718772536,-0.03722539240007873,0.24684999093954085,-0.8928804307799202,-0.1294465266462328,0.10375841563631615,-1.1090581339325765,-0.19594210537353174,0.03248974244161799,-0.8699627028912778,-0.14492893829442252,0.07001064973659149,-0.7207959760545761,-0.08191377965706345,1
0.0,0.0,0.0,-0.2713984320466413,-0.19722736726701542,-0.02006399849665917,-0.4522787650827051,-0.5658631737774366,-0.03441307848378109,-0.45319106632695155,-0.8251558927025184,-0.06979569783707412,-0.36576567024247947,-0.9923070400134012,-0.0819338063214597,-0.33098369422411594,-0.9582370894091253,0.04741909460391009,-0.5205147474464504,-1.0978863084792918,-0.09258580088925675,-0.47498961719537874,-0.7676076364206184,-0.15631093315192368,-0.4031478158340588,-0.6633844360277616,-0.17836707759742476,-0.17487812191975483,-0.9845886059516574,-0.0017086556093290628,-0.37342944480260204,-1.1192983141846915,-0.14851579430128378,-0.3383475247690922,-0.726760420048139,-0.15248157600894913,-0.25111531586066244,-0.6657715189501258,-0.1135052518903987,0.004306485483981768,-0.9667690959903124,-0.07548549573942927,-0.18555517231768962,-1.098749586983022,-0.20940021248086585,-0.16454337665072288,-0.7145920193106577,-0.13414710308281838,-0.06907474949721717,-0.6596945780464443,-0.04646162598692133,0.1906429470529697,-0.915889298906201,-0.15590421094630547,0.007991389947964741,-0.9898926273402264,-0.21595518915868706,-0.008623732057345214,-0.7354849305615984,-0.15121816219657344,0.07173444668391717,-0.6953161752529925,-0.08239549762353258,1
0.0,0.0,0.0,-0.22893811806593437,-0.1931058377789377,-0.04829651023303913,-0.410928049100825,-0.49982430764595354,-0.0965559073021491,-0.4836048878853836,-0.7059657010578443,-0.16872695468631405,-0.4741316582500885,-0.8469587222041541,-0.23130374133053488,-0.3520641943433272,-0.9505383793921958,0.018568623876911147,-0.47571560303587546,-1.2318016723681098,-0.12549468980403872,-0.5096258501718702,-0.9767245710419361,-0.22996704452410507,-0.46607976672563195,-0.7434180079636807,-0.2765660563711871,-0.19265409958714583,-0.9808676238107804,-0.027983968125685734,-0.28623416154449516,-1.3490778026421202,-0.1733485884643813,-0.36225739165621584,-1.0520925264542684,-0.23603336231270092,-0.351685652997883,-0.7922362512320333,-0.23996016250943641,-0.026936121554340716,-0.9501774021108589,-0.09657351110395808,-0.10153268870320845,-1.3388244424490086,-0.22026270041630266,-0.2074284180913203,-1.0593700891253421,-0.2210003315022577,-0.2190906387569679,-0.8008447090051033,-0.18408307287961811,0.14143124851955768,-0.8715968919503544,-0.17214109879470457,0.0518753441278646,-1.1739966684074528,-0.23073414111579663,-0.06543448371710278,-1.0219220738912784,-0.20532205976208032,-0.0999142515924326,-0.8427907141587049,-0.16695441476873227,1
0.0,0.0,0.0,-0.23905784928396254,-0.14948597142839368,-0.05428117819976791,-0.418204177668962,-0.5068020714670755,-0.10274972478154856,-0.3343895655824698,-0.7635018047600242,-0.17182788127687018,-0.10289802579393759,-0.772817456814831,-0.23176223465635998,-0.3301775688019996,-0.9235862844978929,0.018861388012197965,-0.43294363156018495,-1.2197167847408261,-0.10047858342942774,-0.5367468602192043,-1.0579593103237839,-0.20186426478517858,-0.5399269121134433,-0.8463202623937203,-0.26033296964875136,-0.20320279633483865,-0.9788724404602427,-0.022745743977953783,-0.3001391801214162,-1.356628888334892,-0.13355703082103873,-0.4291204868672892,-1.2207282995699167,-0.20219736930016685,-0.44880469558842256,-1.004069662267306,-0.2274235904383379,-0.0562941901150386,-0.9581059683788099,-0.08594469752982117,-0.11288469172549302,-1.3405339379858345,-0.16734641582606044,-0.2593034305751904,-1.2301055444636584,-0.20909561592710213,-0.31978691740721,-1.0387653473071445,-0.22095407234384037,0.10555801923363314,-0.8836092026865954,-0.16065869337127023,0.037671360695794326,-1.1710075938401576,-0.20211284939710789,-0.09462294464948785,-1.150084642654404,-0.2179715677521182,-0.1711295739630597,-1.0380056518490304,-0.22424297104251142,1
0.0,0.0,0.0,-0.22284868846943082,-0.20393826838869725,-0.05239515228471683,-0.37856573442429675,-0.5071297672326562,-0.10202508679171862,-0.41867000099360574,-0.6849467535861891,-0.18034843768888908,-0.4230530350902331,-0.8200783224654763,-0.24657075618866095,-0.3580893278780057,-0.936562635622485,0.02638427007504539,-0.5140609774230401,-1.2346124419135585,-0.12502457171640635,-0.5592555719355125,-0.9551547219491355,-0.23450060795185368,-0.5053178964779638,-0.7074820249055301,-0.28329149799204917,-0.21246542773364258,-0.976956462252468,-0.02035958941388556,-0.3784527005763578,-1.3586610657823324,-0.17895208126161388,-0.4495508323972837,-1.022249426333869,-0.2535935190398932,-0.40566413303978655,-0.7388989347900019,-0.26597885019245626,-0.04789290111674547,-0.9658095492789204,-0.09235668984109074,-0.17029191249641695,-1.3990695566913258,-0.22365359930066048,-0.2888667969756873,-1.1169221701572896,-0.2490381598483014,-0.29544741199816504,-0.8356579695515404,-0.23002699220744757,0.13936471026451713,-0.9206348506260784,-0.1731417768522299,0.09131153254150744,-1.287595670973467,-0.2376700540608169,-0.04247234946354418,-1.1923564896483827,-0.2406193576352857,-0.11229952425932636,-1.0167901926906295,-0.2283282147504741,1
0.0,0.0,0.0,-0.24116884136889877,-0.16020109186674428,-0.049633811619518686,-0.4301905904114279,-0.5537390135986214,-0.0645081602532123,-0.40376045072058697,-0.8661327010234979,-0.10022586376042678,-0.28141643666872396,-1.0437758912468056,-0.10969336076608373,-0.35283008885062556,-0.9561665872920542,0.04085541711002614,-0.49120187667565646,-1.229861360759015,-0.10818871002743687,-0.47050495639973966,-0.8746639474984156,-0.16506304479141531,-0.40219944805759994,-0.7145539971684652,-0.17466392462763428,-0.18493904306430242,-0.9827297247721735,0.006311766762822227,-0.3199111428493691,-1.2459977614731537,-0.1538017650173034,-0.3102486903819932,-0.8113461280480591,-0.14856959755987487,-0.23306938471939,-0.6956635999975953,-0.09229687847689237,0.005217173496852481,-0.9699603062383741,-0.05887883403641807,-0.10838739999306163,-1.2657515570989433,-0.21536662740001822,-0.13456006031256149,-0.8304545038844627,-0.1342227781343014,-0.07586038071961046,-0.6733623712390218,-0.027058543883220258,0.21086926327201164,-0.927954385942423,-0.13309374649262173,0.10880197620814162,-1.1845221607197893,-0.21315429343146636,0.03451673143157769,-0.9047997245033306,-0.1486661296746406,0.05565631328679557,-0.7532973041214398,-0.06978570595839599,1
0.0,0.0,0.0,-0.24079268466490475,-0.21186425393106806,-0.05666239350666107,-0.35336521487718286,-0.637593415620806,-0.08802180295725488,-0.20883620174484716,-0.9001206031245234,-0.14588489743995894,-0.05300885117670266,-1.128926479901388,-0.19084747134453153,-0.32562085128899043,-0.9358109706126875,0.05263619927631272,-0.44945304544448145,-1.2400262083179825,-0.08385713579509471,-0.4655165331562746,-0.9661902333070528,-0.1766314657444538,-0.4077259103301741,-0.7385174075792167,-0.2160075405030331,-0.18367901252728358,-0.9828455077395876,0.01663515173102422,-0.3148136672091477,-1.3172078848996467,-0.1271732628936784,-0.33493285231785996,-0.9618597895446501,-0.18435277253824267,-0.26171751268001064,-0.7000780953237359,-0.18115624380715017,-0.01990615176332842,-0.9811853452148814,-0.046963647266330566,-0.12500424783322284,-1.3828788489723325,-0.16913407435859287,-0.18426553307031024,-1.0661274752160843,-0.1654805504281596,-0.14361393247029877,-0.7941944006089191,-0.12360075787313259,0.16094640444339328,-0.9507769539750291,-0.12079678566289365,0.07335571618756906,-1.2682624658183823,-0.18724910856856378,-0.014660215918754842,-1.0927196978610305,-0.16931380324412984,-0.017081999395516922,-0.885136846412393,-0.1342684602420467,1
0.0,0.0,0.0,-0.2442748981622876,-0.22884136225786983,-0.027390525295090368,-0.37632061366965264,-0.641470253868179,-0.03710363289364582,-0.31622109006377236,-0.9181220674722577,-0.07796227986231957,-0.2228992374797008,-1.1427856462453154,-0.10262322574765446,-0.31629823054632944,-0.9434366728378929,0.08244306060119092,-0.4640065957845109,-1.239795736944125,-0.05610752506761227,-0.4828264010770758,-0.933153253124706,-0.13860928146429644,-0.4253189130661774,-0.7065463275795371,-0.16764160892718563,-0.17749959104349158,-0.9835828546158555,0.03253710628064735,-0.34406493075974354,-1.304971038370225,-0.13245734858413022,-0.3636988318714314,-0.9029199530155109,-0.17402945487500115,-0.2851822653001831,-0.6484382811323206,-0.14744828478874875,-0.009247462591667107,-0.9814212728033477,-0.04464498814798894,-0.1422725984993617,-1.3609598643383038,-0.1869551833609045,-0.1985744368101239,-0.9931959103492141,-0.15507648747272287,-0.15480776208479727,-0.7271296500150043,-0.08219339618342919,0.18638640539619522,-0.9433361264824233,-0.12995248750349123,0.08828167806349338,-1.2636253880205364,-0.20400423959032768,-0.0073385653085610925,-1.0452846915357046,-0.16793371875396268,-0.015505896314338059,-0.828715753698322,-0.11280814917962775,1
0.0,0.0,0.0,-0.23849261085708356,-0.1782372232655096,-0.062282645478501174,-0.4076702631934815,-0.4958025015125051,-0.1251747621079838,-0.35024660709531386,-0.7543008199269814,-0.20563897085864136,-0.1324755848680334,-0.7805347290248197,-0.2777451232470096,-0.30669880466167365,-0.9384468683516181,-0.002978589080163062,-0.3962255083372238,-1.2381024461224255,-0.13065783356558694,-0.5119286188777855,-1.1358633313142925,-0.24644410145985585,-0.5561931714352136,-0.9691295962939863,-0.31717309709830394,-0.1735838876634187,-0.9837212586099764,-0.04648784037205528,-0.24115451522709078,-1.373275928571694,-0.16863416572179493,-0.38095837583788816,-1.2804295934750864,-0.25428042825909175,-0.4455607584209007,-1.0802847437120078,-0.29542653478940867,-0.02532473651482955,-0.9529985543042322,-0.11032478332258014,-0.04698975283611401,-1.3554813049821077,-0.19886419031731037,-0.19468590353382614,-1.300426175993013,-0.25448203007348974,-0.2908131248442339,-1.125932970904689,-0.2791560281587648,0.13796610663067693,-0.8550248884999269,-0.18620638457962888,0.12296309332922492,-1.1761735552611232,-0.23872250754771795,0.0012738844778655595,-1.2114418327981185,-0.26827514280476206,-0.10338481420778231,-1.1259955426038861,-0.28632439844802515,1
0.0,0.0,0.0,-0.24239687230509638,-0.1760299802910204,-0.04162127044606091,-0.4101505901110178,-0.5420333146558929,-0.06871935283244174,-0.3507707047437383,-0.7915724452070079,-0.1189327342452543,-0.20883051799876434,-0.9385676377162876,-0.1484393854701377,-0.3492532786940101,-0.9700089108711956,0.05056552605373027,-0.49541110535610783,-1.2047967431099,-0.10887807496129381,-0.48787130373721904,-0.8673561084224085,-0.19376313851986918,-0.42809421733797176,-0.6981419643270027,-0.22499070536647653,-0.18604516338967714,-0.9825385878977153,0.0022628458347068135,-0.3360108479087686,-1.2209391436790664,-0.16255274220914623,-0.3476689249978699,-0.7956420226838591,-0.18490070282469748,-0.2734122733774636,-0.6466603970886127,-0.1504648454189739,0.0010612567973281794,-0.9471347187979449,-0.0757068943868983,-0.1303825867107165,-1.2298482233221852,-0.23481725862793065,-0.16935244981996078,-0.8027625422825776,-0.17153633448929523,-0.11108808228303428,-0.634254989809651,-0.0778262413282078,0.20314714550816956,-0.8730951113096374,-0.1616688073010894,0.07985272718089823,-1.0775078911338465,-0.2430122793376376,-0.0013318772806468653,-0.7893141934445642,-0.18064645382732722,0.020418923121496537,-0.6417270935150973,-0.10513614982246425,1
0.0,0.0,0.0,-0.24257580490295166,-0.1274175668595851,-0.04647995726451646,-0.44509592645889096,-0.5216151400890976,-0.05593043750265092,-0.41927340007226654,-0.8130530071613046,-0.07730465059842273,-0.26993456209111355,-0.9156476327550152,-0.07338094772294461,-0.2845698017647757,-1.0120677098738657,0.026408287061242628,-0.46056959693013944,-1.143276954197376,-0.11886988973563217,-0.4432100817934814,-0.7905751022258436,-0.18108801798435015,-0.3776993324711323,-0.672823582377512,-0.20219056758913356,-0.0982368556457618,-0.9951088497266884,-0.0103873667722256,-0.277125828372242,-1.1412415554646234,-0.16224862251961922,-0.2861808095999847,-0.7100179287773764,-0.15529691267526924,-0.21168021894796007,-0.6291480838181872,-0.10457732608053455,0.09730954904204563,-0.9244152845693662,-0.07555112692800779,-0.057575638944937065,-1.1064716625311726,-0.22966610812194624,-0.09530948647317589,-0.6754041931338123,-0.14646860490788938,-0.02600170572267734,-0.5823594335276798,-0.0444338896426369,0.2970490000451555,-0.8190562287809745,-0.1485837330912213,0.1579820993600171,-0.9415163816994461,-0.23198198765552,0.08579602744232562,-0.6571784065855993,-0.16853331765431007,0.12758817985287887,-0.5785772147338852,-0.09295564324938349,1
0.0,0.0,0.0,-0.22441690480674925,-0.18564704189805648,-0.01730824406568723,-0.37889813558407687,-0.5638808199854488,-0.018924358223987275,-0.40394281795346226,-0.8383674811806415,-0.04171887593907623,-0.39248738705077624,-1.0381076094453339,-0.042826807450799684,-0.24252687805866663,-0.9919151550754345,0.07460956816836908,-0.41087304041449946,-1.1322185515313212,-0.06292814213571746,-0.40756986424664193,-0.813629553173157,-0.12678182102822058,-0.3480618444523243,-0.6817402992496913,-0.1450111788071575,-0.09465050406491042,-0.9951924083394694,0.025166494864103384,-0.276783164597939,-1.1453184251021387,-0.12233010235718401,-0.28631897123806893,-0.7469392272953732,-0.12883434171598254,-0.20152066617789255,-0.6535069335376649,-0.0861017122152052,0.06760493909983269,-0.943345936004415,-0.0504188506820556,-0.0992445079051654,-1.077067573648726,-0.19528835996929697,-0.12614001913850076,-0.6883282064423017,-0.12381401204278922,-0.044009446757607214,-0.6067734216366988,-0.03038783810522394,0.23316738039902252,-0.8517692901120082,-0.13205480554167537,0.07601791842503086,-0.9560380223574076,-0.20207079279836457,0.01737333073495833,-0.6998113881458747,-0.13844974496464468,0.07662577728517891,-0.6266552918338755,-0.06456081252360751,1
0.0,0.0,0.0,-0.21275012972176288,-0.12269551276998046,-0.14745834278593667,-0.40589356396806625,-0.33212137738468633,-0.25901227797321297,-0.5521027838025896,-0.5385357704641134,-0.3619277998268616,-0.44440249556413164,-0.6793948725845177,-0.46004543356990035,-0.2564576762951402,-0.9588894762640428,-0.11397830373678179,-0.3088733675355366,-1.3421294090975862,-0.2250248803031673,-0.37494040580076854,-1.561929239201713,-0.324390833471356,-0.42876338440117884,-1.7580999619825028,-0.399052353886878,-0.09583257385523654,-0.9884323680849286,-0.11754816676707719,-0.15131435138153956,-1.4331597150229256,-0.19724666554973272,-0.20151623015881676,-1.698800258746063,-0.2721841500444832,-0.2496678570118685,-1.929015760149182,-0.3276276085850371,0.07825485182973167,-0.9218452129802742,-0.14168470363955302,0.03807116245207039,-1.3280451869778378,-0.21504373318084416,-0.0002025710750566608,-1.574015341659199,-0.2628096699556785,-0.045603742343883195,-1.7899486602036048,-0.2978848764266259,0.25440628951895367,-0.7723376877773038,-0.18196318862009017,0.29882467898946613,-1.059269401927414,-0.24202631031717525,0.31976950678355986,-1.2433172104902295,-0.26387146582178433,0.33399132970359174,-1.4178533991975657,-0.2782486748001776,1
0.0,0.0,0.0,-0.23541390562842315,-0.22392373012131536,-0.021017358544320804,-0.399199532904291,-0.5983570300402236,-0.03685872631784944,-0.3706841529654655,-0.86305220282864,-0.08576394654680834,-0.26323146589388413,-1.0512621976503003,-0.12117126118199947,-0.3200238196097155,-0.9605593894180753,0.0858856096112042,-0.45059876410439903,-1.2681617302762378,-0.05967732938152048,-0.47645127707024804,-0.9791628782873857,-0.14657279481655655,-0.42755722019496384,-0.7630645397403295,-0.1780186227275315,-0.16847481931593006,-0.985257724600163,0.029722909887390205,-0.30104977847892267,-1.3103006347017006,-0.13715298246739044,-0.3346794755786913,-0.9103506613264913,-0.17748147684024562,-0.2646388176116816,-0.664164429716297,-0.149396590192374,0.00832579838454344,-0.9700767942504464,-0.053803272933317055,-0.10515587413061912,-1.3298365301547597,-0.20230201745923254,-0.16893363872169614,-0.9467834343630407,-0.164679377856065,-0.12844397193826937,-0.6891603270213251,-0.0850510991799489,0.2093896960924919,-0.9146423117282612,-0.14441758062255983,0.11045580691132005,-1.2152562711822839,-0.22357966131131732,0.017208189011597794,-0.9820818048510386,-0.18053313300030854,0.022500483289428032,-0.7770258557983595,-0.11685069055963862,1
0.0,0.0,0.0,-0.19677337391291302,-0.21549412985557134,-0.04641035343834771,-0.31727918491615137,-0.5891894594931029,-0.09128798914641476,-0.2470138779964587,-0.8430134165565308,-0.1529781344532512,-0.05896818399861679,-0.8833770145020166,-0.20911139606661264,-0.16304074165915794,-0.9761064018757828,0.025640725616249065,-0.21845914511336845,-1.2762402308804743,-0.08475344192494795,-0.31806300535054605,-1.308009142404892,-0.1913238244347247,-0.38681984407926107,-1.2405937685865172,-0.25814924810562817,-0.026363313369036533,-0.9995039748316569,-0.0172273040236833,-0.0567141110609978,-1.3554137088856708,-0.11604288072180372,-0.17264934031204254,-1.4196536273592273,-0.1991851249770572,-0.2741790681684868,-1.3597077163815243,-0.24540426185323272,0.1103319537430722,-0.9454713432806088,-0.07980103867957716,0.11562776337614111,-1.302075993721227,-0.15605922895615493,0.0002082646209252901,-1.3790004023608253,-0.21024601040898996,-0.11963381167641852,-1.332089521652769,-0.23864715538570147,0.24490904203302644,-0.8247570501098355,-0.15264789869987586,0.23514874087771293,-1.0897079361300943,-0.2069587542357205,0.14517378364364944,-1.2274381449796146,-0.24201131428546502,0.03615421608076732,-1.2764995464391193,-0.2640988034294342,1
0.0,0.0,0.0,-0.22494545398467958,-0.2148758827054117,-0.033757298572364675,-0.35112810661925936,-0.617603657595889,-0.037136573568972084,-0.37673372645705017,-0.899075368764781,-0.05580747901704889,-0.370785409959159,-1.110230786154163,-0.05200628666030932,-0.17800450362716888,-1.0150492729858256,0.05051390614824533,-0.3628630312752267,-1.1583735572742453,-0.09246151606261249,-0.3768849515276172,-0.8476748043759184,-0.1591741860381938,-0.324524463902408,-0.7046775355013478,-0.17941453321748044,-0.018254657561215644,-0.9997732720913298,0.010962293971550064,-0.22717510453365036,-1.113796349432054,-0.1383640751311237,-0.25692310215801867,-0.734271961054571,-0.14506559301029676,-0.17818271920438133,-0.641191013403422,-0.10532913253496429,0.14084334821091216,-0.9186215025106426,-0.05631745779469594,-0.052407897036881874,-0.994728629049269,-0.2036517343683476,-0.09684084257688715,-0.6365467686599448,-0.13901934791329415,-0.01947681899546201,-0.5631408833197347,-0.05261105003421047,0.2878747981454205,-0.7929407168329629,-0.13098858669850977,0.12215386967597092,-0.85487133401447,-0.2082108807825393,0.05676393010939742,-0.6273463699280127,-0.1570933255466906,0.11608030158057452,-0.5679259480978837,-0.0926840899507466,1
0.0,0.0,0.0,-0.23616897716353052,-0.19211044000309022,-0.04037444128553293,-0.3558302405559714,-0.515206118132864,-0.0716125619712976,-0.2525098273893141,-0.6919231511236181,-0.12478773890662957,-0.09811527073139606,-0.817520696795984,-0.15837207715351803,-0.2616623888338182,-0.9852717123771516,0.05104632290121664,-0.3900536311298669,-1.177716083431832,-0.10061828475872081,-0.3999168924555113,-0.8578687149075614,-0.18037635376684355,-0.34155985682689166,-0.7167485440626521,-0.21234150036304272,-0.09485223808703304,-0.9954895013459831,0.0019250038458851688,-0.23749976758559313,-1.2282997461125607,-0.1548056069855225,-0.2716446874949265,-0.8155203996759745,-0.17613427819530955,-0.19412773126901803,-0.715468736078344,-0.1454832411314007,0.08938278577862058,-0.9521379833069682,-0.075404385673918,-0.02568371477895667,-1.2106324127367214,-0.22893567691836,-0.08313019310531515,-0.8047378098759821,-0.16485098760302286,-0.0176995987588729,-0.6943714045323465,-0.07441471161629364,0.275601660816621,-0.8643643943501297,-0.16009224496500535,0.16600163663406967,-1.05451291111109,-0.23461673375336659,0.08766958791638073,-0.7787998877345812,-0.16573865762811985,0.13257141062173775,-0.6716114659916812,-0.08766887282937898,1
0.0,0.0,0.0,-0.26745475210928027,-0.25792601237184104,-0.03056541652073203,-0.3468145051683596,-0.6498884840775129,-0.05036840781815474,-0.22006862282141026,-0.8761262609705316,-0.09344232035753919,-0.09333588105711284,-1.039465800238385,-0.11891597763628974,-0.2662335166832241,-0.9656979242715301,0.07642918062462942,-0.3967306858937843,-1.1801555881971835,-0.05741121842016225,-0.41235441928690697,-0.8774610086637533,-0.13754089254565866,-0.3585772138533825,-0.7338691090468816,-0.1724610123897505,-0.128422494879276,-0.9912537014547671,0.030393455894417498,-0.267451397066901,-1.2310331283577032,-0.10956682877412657,-0.30189915490267705,-0.8754327457520489,-0.14629454759676896,-0.2273129281821441,-0.7528805964824773,-0.1299833625252973,0.04086749163508691,-0.9522215577945762,-0.04089805805004018,-0.09106843158245265,-1.2069179224960673,-0.16242718150661875,-0.1435689035972305,-0.8595942896466527,-0.11743685827568491,-0.07654487250286748,-0.7388405828858051,-0.0513107902947918,0.2228062675061825,-0.871671044277719,-0.12095567739818797,0.07135364338810138,-0.9915265782349482,-0.17487195982284073,0.009262433248584154,-0.7597032149541659,-0.12509559000406492,0.07268405748491649,-0.6785560630675277,-0.06919095132413318,1
0.0,0.0,0.0,-0.2469243388441817,-0.24560355076120138,0.004319281235473087,-0.35827467143643016,-0.6235804970034226,0.0067368146248291995,-0.29630377276188125,-0.8697339534996661,-0.02327539574817293,-0.20113733259003186,-1.0556397666452058,-0.038148625161542625,-0.2636584992563655,-0.9674464789601663,0.13151000478248215,-0.40572407388169296,-1.1898016961150608,0.004841197542925434,-0.4264005295192866,-0.9092523966310754,-0.06882514647706323,-0.37327615784946494,-0.7485692163382068,-0.09380082890840478,-0.13035171305274318,-0.988735003589807,0.07356305853130128,-0.2802537704334928,-1.2059553038717905,-0.06143799340035082,-0.3065470893141557,-0.8421830241119064,-0.09058322829627029,-0.2237778718338525,-0.7092303076483568,-0.06300149350077443,0.031807446111572574,-0.9640861854171802,-0.009923242774528638,-0.11410015107285418,-1.1749146828326407,-0.13198036206329225,-0.1532516281241594,-0.8113672920584708,-0.07917636120007686,-0.07951108033868844,-0.6826603695191577,0.0006166828061512212,0.20990227937635875,-0.8964750217139997,-0.09934255104667082,0.0636122839745995,-1.0748440108814736,-0.148582543287782,-0.003569677940123596,-0.8190385857393347,-0.08328398134632338,0.046387555481787156,-0.6972710533584352,-0.00949242498138438,1
0.0,0.0,0.0,-0.2659282469127366,-0.24731187178651956,-0.010392513407955535,-0.3759453125702675,-0.6247697387189214,-0.01857963429037984,-0.3573042696383049,-0.8483165386127961,-0.048503245459557885,-0.28562683776806835,-1.006846011992598,-0.057972489867761295,-0.21254455414111084,-0.9903309834443429,0.07516280861495164,-0.4107753781040614,-1.1107826657289854,-0.057324879931369296,-0.40392635509897773,-0.794591675260067,-0.1298911658013595,-0.34274999465493755,-0.6729041763465995,-0.15899060013769256,-0.0738130168233865,-0.997007736199466,0.02296110855003471,-0.28417595292029774,-1.1073206133308142,-0.11303643258668661,-0.28547734816931536,-0.7444108881295317,-0.13164883120869886,-0.20242819264714262,-0.6609188578763375,-0.1066847253511245,0.08462998443955344,-0.9452297423460958,-0.05283773614044203,-0.11446650426928667,-1.0583558277064562,-0.1747331927441496,-0.1332422765555809,-0.7036984945026981,-0.11121350870144256,-0.051803066049373854,-0.6244518879760363,-0.03492299285546396,0.24078204749184773,-0.8452056991538054,-0.13555399423220868,0.0568281541935682,-0.910662328284953,-0.19151958400519972,0.014368929448394126,-0.6787543554141183,-0.1339797029573342,0.08314762455002568,-0.6236648097369755,-0.07124235399295217,1
0.0,0.0,0.0,-0.21776376626688532,-0.27820118424533696,-0.027580439914843557,-0.3048096866437336,-0.644601542767776,-0.051283170633809515,-0.24442062354948313,-0.8949921450594828,-0.10570772349282047,-0.1953709489328414,-1.0962903670996829,-0.14767009536529405,-0.21923707704323608,-0.9808931509041451,0.08267331340055901,-0.3110534522198698,-1.2869390816110036,-0.05055935215595677,-0.40051772208349395,-1.035651324722295,-0.1483843218885444,-0.3873635122565528,-0.7986480982985943,-0.19169752006886898,-0.09064395418041664,-0.9953148774244667,0.033644737301063175,-0.17844182999572666,-1.359918909163853,-0.10472844461491429,-0.29827747308659713,-1.073670772756562,-0.1682011655913802,-0.2945241521792448,-0.8259779560348802,-0.1731373653315188,0.05404071915242157,-0.9589524080229533,-0.0406812655965485,-0.005149021758295377,-1.347727963601744,-0.15037874228969808,-0.15450024405490934,-1.1010382921550907,-0.1523435041318356,-0.18041704967443328,-0.8605453092067702,-0.11946025775878348,0.21562095219119742,-0.8872346496730528,-0.12400709643900125,0.16213170737876204,-1.1926701924397025,-0.1711022232580648,0.018234700810547993,-1.0821268919775988,-0.15308999526662356,-0.03690439382000216,-0.9206989196590337,-0.12322759250340336,1
0.0,0.0,0.0,-0.22322454395990265,-0.2479469626644984,-0.037489873604602535,-0.3394337628500264,-0.6189246985432164,-0.08240486683470188,-0.25365040989696014,-0.8550018985997326,-0.15775930083745618,-0.08848902764385476,-0.9086456513818348,-0.22338981316385237,-0.21560201735370485,-0.982805824210403,0.030312860069317403,-0.32575825343182085,-1.3493204592169827,-0.11035133748454344,-0.4570538879980375,-1.1143923643913785,-0.20761384668479155,-0.44835862940453275,-0.8797256498035282,-0.25598672355358143,-0.08519340646527691,-0.9960295462683686,-0.02583072695976445,-0.191221840548825,-1.4429398191743485,-0.17392740780468535,-0.3412087920471198,-1.1709821326409755,-0.2320871406376934,-0.33950845293674725,-0.908620824817798,-0.2356517337928873,0.06615101105984257,-0.9458118593233426,-0.10542065212349502,0.0016565068998554788,-1.4079182336290128,-0.22275114279085229,-0.17503828711060948,-1.1684044480048965,-0.2294382198930823,-0.21720340086561413,-0.9228900678267818,-0.2032330977697726,0.2387601521293727,-0.8519844190962109,-0.19489957764322186,0.21349189967365173,-1.2060908916865871,-0.2554680131743242,0.052656581269724376,-1.1002207444816579,-0.24938101656695524,-0.02320848921910982,-0.9210367718345895,-0.23215739490471,1
0.0,0.0,0.0,-0.18943298992058608,-0.21976450606925904,-0.05029372588851958,-0.3019216422691112,-0.5797280228250733,-0.09782690272034361,-0.2549549828369437,-0.8303569365495055,-0.16169267365235393,-0.08961725137771807,-0.9261349455361374,-0.21696723852075495,-0.1404340488950761,-1.001786999860001,-0.0041695485919068884,-0.20716666544333404,-1.3221561532073178,-0.12848381475415874,-0.3427242508740826,-1.2610718938974521,-0.23263361151314893,-0.42506208718079713,-1.1024201273776488,-0.2890111148248938,-0.0007218246590685377,-0.9989101297482875,-0.04666938670500211,-0.03458989132982523,-1.3487416335598361,-0.15172863008686824,-0.18068376274175804,-1.357574044993055,-0.2270707254862881,-0.28839962701632565,-1.234978932634714,-0.2642215361756749,0.13373039815376725,-0.9112927766508021,-0.10855514826071148,0.141525445828051,-1.2204255302043205,-0.20409743295168056,0.0122738245382575,-1.2144002214436487,-0.25447530240825117,-0.09607586228461182,-1.0976597803505355,-0.27399385650088126,0.2536701398226436,-0.7673957257752809,-0.17809748985903745,0.21733837996355887,-0.9978255022084487,-0.2490749275557949,0.08660078540214794,-1.0614613348463615,-0.2772514592373466,-0.03871739157701673,-1.0390526310442223,-0.28752474514737203,1
0.0,0.0,0.0,-0.2588754639402995,-0.187398419320419,-0.05306861979480188,-0.4504517355388363,-0.5422795807317703,-0.09012161680627821,-0.5496795576580801,-0.8221672281192078,-0.14413942366811017,-0.5953218881755269,-1.0500233629308942,-0.18556888006564845,-0.26143321042530626,-1.0017729420308656,0.03297059880448542,-0.4234828436981408,-1.178039139002276,-0.13396629864926565,-0.4528597175688161,-0.8541026548988785,-0.23795750886449718,-0.4244409906000326,-0.5978850492216,-0.2762675876702492,-0.08998931370233752,-0.9959342019464987,-0.004121748727546523,-0.2753785852568562,-1.1552440673197553,-0.17643134745245834,-0.319368322614794,-0.7602031064792136,-0.22335197519527403,-0.29239228816162804,-0.5044910134393646,-0.20602372373366046,0.08016084853605206,-0.9363884306449094,-0.06804073436866769,-0.11746924794495578,-1.0607459218936903,-0.2384583269622787,-0.16400797632745262,-0.6556948200825728,-0.2025971562039285,-0.1382323615830413,-0.4112852200567556,-0.12430565607518047,0.24707195122248907,-0.83067119948592,-0.13686316082190997,0.044307468409448846,-0.9199493624337336,-0.2372720916754665,-0.016898499477827972,-0.6383649989742672,-0.1922562805950253,0.0078027281069052426,-0.4680305112527675,-0.12306243829331624,1
0.0,0.0,0.0,-0.24231908092102608,-0.1328945339599354,-0.08716994651602525,-0.42453381545873065,-0.40777279434521807,-0.14101652651406496,-0.4145898958506373,-0.649317421213187,-0.19496957193403658,-0.2852514079719596,-0.7549402346496802,-0.2534697124103104,-0.2715693518418871,-0.9302083949567652,-0.08537278093297575,-0.3942295329765601,-1.2552444926627722,-0.17174698141850422,-0.49617946414457503,-1.4421441200782095,-0.2446896231290413,-0.5831046552331018,-1.5826327990511253,-0.30063828345161303,-0.10902556381111388,-0.9866085784612002,-0.12131339308764864,-0.17815737006447185,-1.4364824331724764,-0.19053792770679503,-0.23345050997935524,-1.7169848851622742,-0.2575922793479538,-0.28281193467282817,-1.9285913266258483,-0.3072671834036813,0.041429200500449674,-0.9325270960978299,-0.1722434186887391,0.04553856122012276,-1.2881137851984281,-0.2574024205437204,0.003163691934811078,-1.5247727328864238,-0.33474577544744843,-0.055314891332717,-1.6993150173069465,-0.3918381460353483,0.1799865607260998,-0.7939243686292696,-0.23127749173646606,0.2164578880550046,-0.9654062285606011,-0.30853679294699415,0.19119807010299283,-1.0126217205175165,-0.3388764473776895,0.14630417947618674,-1.0170809683297706,-0.36172910842277983,1
0.0,0.0,0.0,-0.2358470231402549,-0.13820748593777968,-0.11476512696943414,-0.43229201095794345,-0.3868247722252087,-0.21033000935316876,-0.5214943286017668,-0.5891808691277425,-0.3100216609810528,-0.48988754128348727,-0.7836517150947264,-0.38897813376948737,-0.28348765815671256,-1.0109313264220587,-0.06105528283067971,-0.3232274953152991,-1.267296796901305,-0.2321031038996446,-0.3909651185860453,-1.0360648829402628,-0.33789824455593026,-0.3786236120585409,-0.8716118653734731,-0.39036836706143596,-0.12043809405391336,-0.9888335444502288,-0.0877660918046258,-0.16342395937503176,-1.2726329871443824,-0.2612642122708216,-0.2584110012589778,-1.0011346501319727,-0.3165413210253405,-0.2518785440881534,-0.8417143934195502,-0.31426626161861365,0.0325393911348184,-0.8927721785054527,-0.14296149328583824,-0.03478491667720326,-1.1171548799735413,-0.2964017373767322,-0.12941744642766803,-0.8456939824883548,-0.27179574504404086,-0.12038648250226096,-0.703550375407445,-0.21844634889601436,0.18043060021275642,-0.7385488243034722,-0.21001600382682442,0.06508174358817423,-0.8603479615094652,-0.2962785253732996,-0.022415066100840552,-0.6696997547288017,-0.2630684749107849,-0.011801488939928252,-0.5602651800303547,-0.21450110583417523,1
0.0,0.0,0.0,-0.25750812467838335,-0.15945789786172251,-0.08315180607489898,-0.4528302172723717,-0.5397234237548918,-0.1322192297649479,-0.5125340095837907,-0.8482129345397863,-0.1891340962023506,-0.4997995269712887,-1.097879837159018,-0.22717357026528662,-0.25767470469497833,-1.016937970623793,-0.01459883274501275,-0.33227007012364684,-1.2694000815320277,-0.1827682814706818,-0.3995000309845705,-1.0059660757758153,-0.2745863114691826,-0.39064857464822955,-0.8365258868801164,-0.312734973355908,-0.08256750313986105,-0.9953946094394024,-0.04870501949726006,-0.14857818167905443,-1.270849700780525,-0.22197745067155455,-0.24631939049391596,-0.9567412419259811,-0.2643952467319306,-0.23243004088889396,-0.8106707588893696,-0.24827959032079894,0.08314076664888084,-0.8988764139874861,-0.11074519461842565,0.004325374133140129,-1.1155477438861834,-0.27668897266679515,-0.09227413606995992,-0.8073846992075936,-0.2373462129865402,-0.07754925270581148,-0.6870315151097897,-0.16701758124544658,0.2416406648104229,-0.7560811267185247,-0.1804699600822992,0.11564274456398409,-0.8997005351499552,-0.27295378889877464,0.035806363593434774,-0.6787167800258634,-0.22457503722973707,0.06233911451071251,-0.5806397775016604,-0.16108035615627672,1
0.0,0.0,0.0,-0.2574651219860226,-0.15388958017597898,-0.10246890323197712,-0.4293438418118358,-0.4928450881308486,-0.1580265726914494,-0.49894318227750467,-0.7858742253425477,-0.20647225627540075,-0.5800512469481801,-1.0329784798285835,-0.25558746093655077,-0.2921393027424203,-0.948693001774296,-0.12539003350876654,-0.39016116641109233,-1.3487206170683312,-0.22392981407094967,-0.4434274315112235,-1.5932496588559006,-0.29506099415935955,-0.47518529635593143,-1.8052028229744954,-0.34714743497835915,-0.12032645249159048,-0.9808867565474333,-0.1529140793408033,-0.17413316555032038,-1.4475055857152563,-0.24387227430242653,-0.19771526700371508,-1.7340963191764127,-0.31641878224276687,-0.2098562994480953,-1.9693820442124523,-0.36900794977655865,0.048368306673579296,-0.9132724314363094,-0.19481391191004996,0.04939007869515916,-1.3623801713787633,-0.2980183545539548,0.04931905065948429,-1.640330235178788,-0.36857205984812946,0.04214184621663933,-1.8813806888392972,-0.41797339787575954,0.21680276197616408,-0.7718702941803763,-0.24382143370426534,0.2980919679780437,-1.0960375865456369,-0.3441926290138176,0.34744038218300255,-1.3181814385619834,-0.39366658229579654,0.3815485210796784,-1.5246196625949764,-0.4268330045127777,1
0.0,0.0,0.0,-0.2423588960146069,-0.15629021183926198,-0.08383325638196165,-0.416943321239091,-0.49807605009867983,-0.12709513007325896,-0.3702473598910487,-0.7849234273084936,-0.17067212307481772,-0.1936483692093585,-0.8686803166380141,-0.2163642483211278,-0.28323367329363575,-0.9355337908827365,-0.06904796222535517,-0.3885251837219195,-1.2848645122832099,-0.14684638689145557,-0.4687643926419321,-1.5040977953126855,-0.2102530655492395,-0.5339689813097692,-1.6900931585268415,-0.2625521575865651,-0.124233593256099,-0.9874639010265854,-0.09737072699757357,-0.1731594980873523,-1.4193964338113847,-0.16872812911046547,-0.20682749909067907,-1.7067230608722594,-0.22938080828465487,-0.23318807267275804,-1.9475341080921,-0.2735763502981178,0.029458777809336596,-0.9348934413533164,-0.14125856115366195,0.023249836166199748,-1.3252730549455154,-0.22164778270056087,-0.0025114581814806203,-1.5872122141116345,-0.28950449048986976,-0.039823917617679956,-1.804854939095887,-0.3377727162482049,0.18634576224527286,-0.8066385263234077,-0.19461782838580263,0.2607124974320667,-1.0715471353059838,-0.2675424635568244,0.274316020361943,-1.2659502916977916,-0.3114081175843958,0.2635604235234655,-1.4385940008687939,-0.3450470753333204,1
0.0,0.0,0.0,-0.29962876538478944,-0.20523896860956847,-0.03553084923046606,-0.49638980749923056,-0.5902000589882122,-0.06540392423966475,-0.5361966471682663,-0.9193291722472242,-0.11962448496074378,-0.5215905168404167,-1.1957320643679916,-0.1696876900912822,-0.333443198288589,-0.9716676253408115,0.040935420061190546,-0.47092400494651576,-1.2208958147555269,-0.12054954981347396,-0.4893139134934141,-0.9373889783481588,-0.23185430545983468,-0.4535465550322041,-0.6513915659371102,-0.2769349440302257,-0.17156201819785144,-0.9851474104883424,-0.00714517459502108,-0.32848275292627,-1.2346474348129721,-0.17854238422588758,-0.3601160056273103,-0.85826298865582,-0.25029944175913466,-0.32681081172658344,-0.5485503279104206,-0.24825985227091188,0.013412127388730075,-0.9544667838467147,-0.07734834024934098,-0.17704012968622546,-1.211261686987229,-0.2543646106436224,-0.21888729621674508,-0.8157523667716516,-0.24732891100474513,-0.18154334343301956,-0.5139288173998598,-0.18408166759805258,0.21422878263213446,-0.8797440863000937,-0.1482366441695005,-0.004569667630883026,-1.0704178563220124,-0.2719422950193669,-0.07457666754408478,-0.7990171840160616,-0.2424658139613053,-0.04918694987315295,-0.5677444247647718,-0.17838648245071506,1
0.0,0.0,0.0,-0.25676407317779976,-0.19198820283912424,-0.07204931990917603,-0.4614495986809202,-0.5114365266542295,-0.13884791256396797,-0.5025860477177452,-0.7730932534102265,-0.21682407108916116,-0.43584924216569354,-0.9582609281842973,-0.2921775511215895,-0.3598371774333882,-0.9704510970771684,-0.0577723839783919,-0.4757567672268332,-1.2919964950569416,-0.18880676118285078,-0.5807024221272565,-1.3884196067122185,-0.28305857901215664,-0.6518811644841764,-1.4549980101974767,-0.3453722322630443,-0.16951625931417466,-0.9799177077351579,-0.10500249470942744,-0.2840114549778308,-1.2273652236534482,-0.270164032973711,-0.3603619190657596,-1.0339197885891704,-0.3379904510561971,-0.3863396353887375,-0.9022098614950999,-0.3522714326125014,0.025398430057627687,-0.9104478821241365,-0.1688728823973134,-0.08051700615404299,-1.1442308543254665,-0.33247156386783583,-0.17465080164229602,-0.905699382218812,-0.3279576337132145,-0.2129079619513061,-0.7448700792577625,-0.2907854106803836,0.2272447404408361,-0.7783550294434392,-0.23873204815511534,0.10465601176774827,-0.893963269566595,-0.35225161843970504,-0.01902873008148062,-0.7148087509739139,-0.3332669136691286,-0.08409513407745133,-0.5784289127722387,-0.29616136866722464,1
0.0,0.0,0.0,-0.29895608296141085,-0.1197415174192457,-0.14292286722944011,-0.5117295315217164,-0.4696148474347228,-0.23458792859069,-0.5433701899725654,-0.8070542693294874,-0.3062505887172354,-0.5064161866963994,-1.0515897969171741,-0.360595792270004,-0.1670161471773503,-0.9584266433366935,-0.22462003133404246,-0.41541593668556615,-1.1875910120658242,-0.40401292951913664,-0.4610156731225878,-0.8950077327846975,-0.4880392459772231,-0.41516990992706326,-0.701148816517163,-0.5204714661179664,-0.014145558427627611,-0.9783012680993994,-0.20670397193057913,-0.3004403300493113,-1.113821211780221,-0.38119603056385676,-0.3526021686436527,-0.8180676424710752,-0.40831668246693187,-0.31017946101538607,-0.654541203528625,-0.39875248412259634,0.113267632027923,-0.9457027225977659,-0.20679931036258106,-0.18883705433986603,-1.0385693698258671,-0.3595159945495427,-0.23222279499693385,-0.7469434875023809,-0.31971834832611906,-0.1820818554836416,-0.5830906465257417,-0.26551793666670753,0.2166468997272929,-0.8818546129745367,-0.21645247592804115,-0.06168140783171238,-0.9231507189870495,-0.3325397057083236,-0.12153525832785246,-0.6942713394214038,-0.3137186586828519,-0.07968448939913339,-0.5608716612066642,-0.27095815435478815,1
0.0,0.0,0.0,-0.2734572570290763,-0.09540182603303268,-0.13309671219274224,-0.5014784673771264,-0.354910820874029,-0.215881552329122,-0.6424877303676653,-0.6099556297763609,-0.28881979950080217,-0.7990894891427712,-0.8090843352119303,-0.36370410699684474,-0.3907541651171793,-0.8814615317273439,-0.16599077554699418,-0.5303701478024079,-1.2650787295286927,-0.280706330158726,-0.626011384305833,-1.506872895474148,-0.36358004743862904,-0.7030002469076219,-1.7241961782941422,-0.4243108211992803,-0.2176870877965269,-0.957395462958088,-0.18975315363370282,-0.30233945585156996,-1.4414934309988439,-0.2959951312366089,-0.35628317981666585,-1.7602352351861414,-0.3809025234883743,-0.40075725605832785,-2.038506363787133,-0.4423959479080456,-0.038124288079019894,-0.9246669282916359,-0.22957562769029094,-0.068207146384971,-1.387388725908155,-0.3555473005463743,-0.10057527708458609,-1.696671858357854,-0.443534358607983,-0.13937956098093238,-1.976163382604628,-0.5038000442927567,0.14916849137215604,-0.8135335773201142,-0.27744375701684276,0.2601646682859539,-1.152336391788438,-0.3952902373534896,0.3314096377554221,-1.3951625065242679,-0.45389759586371886,0.38108890780579674,-1.6233950432474962,-0.49366462315617815,1
0.0,0.0,0.0,-0.23613387282100265,-0.174804322619145,-0.08307351168922061,-0.41459092270885756,-0.49836427316327675,-0.14637378765504033,-0.5134690296042678,-0.7686699176739799,-0.2159295743162476,-0.6074018599471972,-0.9840777202116431,-0.2745770448935908,-0.23499608930673566,-0.9945110164615838,-0.048271721875404947,-0.2554991523205559,-1.3951562252779897,-0.18490370123130323,-0.3305737311313322,-1.4815810024868814,-0.29016318559189114,-0.3766635300245681,-1.4234947305536445,-0.3403955730510622,-0.06964225778311102,-0.9948213983619628,-0.0740293272427862,-0.055599177513691214,-1.4177894435259195,-0.1935002833545774,-0.15483209769111037,-1.5165934095393043,-0.26500072688897,-0.24097604305726186,-1.4592904798714252,-0.2936721752151258,0.08987426810995623,-0.9299303221484247,-0.12234403687195365,0.13681123951895333,-1.3071274539332336,-0.22523153119668524,0.04659746463166444,-1.3901299518049304,-0.25582211226800267,-0.04231440699677335,-1.347848071130594,-0.25631630509346104,0.24328179791446286,-0.8019571009475993,-0.18120708734371685,0.36391618789406033,-1.0982182192871754,-0.25899975326830693,0.35349692260673976,-1.2468833900213325,-0.2818289798122298,0.31097460225478085,-1.3073226118678556,-0.28198844914306664,1
0.0,0.0,0.0,-0.27860753852481823,-0.20435174658427824,-0.04663473023455531,-0.4606478457174215,-0.49268100355888383,-0.10598158014379606,-0.5199199696067446,-0.7070055029596389,-0.18276407044477888,-0.53142216450332,-0.8837548699902996,-0.2550554533186468,-0.27808918295969043,-0.9803811682323239,-0.027929297184781623,-0.4269797071261278,-1.207100272330615,-0.1946958033840114,-0.5218819899380935,-1.041634313756703,-0.31449723170535393,-0.53896513918062,-0.8504162682947253,-0.3748863065160154,-0.12955154014781217,-0.9884491217863296,-0.07864306762305022,-0.31554715872007116,-1.1871487948593533,-0.2341251372592772,-0.4256378893477764,-0.9582920983834606,-0.30594781226013174,-0.4403815980778931,-0.760540753233735,-0.3256635378418282,0.025272819719135437,-0.9174982537442732,-0.14941823468143578,-0.17321327870022127,-1.0671890042439724,-0.30397737706571254,-0.28866085686901294,-0.8018382952894763,-0.30799995306049105,-0.3024979319651084,-0.6007439150549747,-0.2767426455941066,0.17982790396783482,-0.7836556763250216,-0.2239655337655611,-0.025695625871336475,-0.8358887401113553,-0.3318088851973173,-0.15282411977042795,-0.6274688686928409,-0.3175097526845058,-0.17910151127183457,-0.4690218831294279,-0.2804926614595676,1
0.0,0.0,0.0,-0.24517194541603754,-0.18938266304182827,-0.06663930685374848,-0.4306258142787192,-0.4963952464437802,-0.12686965184272153,-0.4799842276241244,-0.7353480524348435,-0.19570611287865855,-0.5044826895130698,-0.9188791410741278,-0.26311165239545586,-0.3244410384049084,-0.9816100357204305,-0.0672944180944839,-0.43170400501118195,-1.2755713268713886,-0.20098941707417528,-0.5456667807838836,-1.4247329595042035,-0.3046648275524291,-0.6423272685007221,-1.5397131714602057,-0.37499624287088307,-0.15126971423115665,-0.9818270307185207,-0.11459997952389535,-0.27109469645250556,-1.1592909675633178,-0.27916510537889744,-0.3687410279870804,-1.0460129968172547,-0.3554748442780845,-0.4350777051261512,-0.974917112069574,-0.38225899356408855,0.019697839929323297,-0.8981001739424659,-0.17681423267276092,-0.10752137595537616,-1.0294965688548028,-0.3379833058015813,-0.21279098580364247,-0.8301395277042932,-0.33948794284037087,-0.27644919738532187,-0.6953611295552682,-0.31150773899652956,0.19235052276839493,-0.7454590270215574,-0.245735547562361,0.05459241775571669,-0.8095582153725717,-0.3622641398325494,-0.0758190446571213,-0.6328125998140339,-0.346830357936165,-0.1548712439054836,-0.49432918674194243,-0.31332108508824885,1
0.0,0.0,0.0,-0.2776083003403559,-0.19921202352529563,-0.04669913700122027,-0.44691915745986466,-0.5544792995387743,-0.08275725855562258,-0.4716901499578548,-0.8559073110930434,-0.12862212854652288,-0.44536175416446605,-1.073216007378462,-0.16304395979898065,-0.180846247477721,-0.9988155771307476,-0.008759205827061802,-0.39321223506682607,-1.1027306140057314,-0.1692657231655781,-0.3952476048753734,-0.7800622822987755,-0.26996016992433336,-0.33520454440389263,-0.5770651361287193,-0.3113979477706654,-0.031816288677936226,-0.9985640341701781,-0.04309980784808225,-0.28184185093516556,-1.0683281892403493,-0.21552465386932623,-0.2899821672337999,-0.711099040945406,-0.26929584298847886,-0.2343687282917197,-0.4922748070445726,-0.2628899287767303,0.11344296787797128,-0.9486918917701029,-0.0971434691336227,-0.15865348310540192,-0.9904650020837499,-0.2469232887793404,-0.169280853382187,-0.6431434832505363,-0.2150632737245321,-0.11778164784696254,-0.43632527972706664,-0.1523297327729234,0.25060028500856296,-0.8551012804597992,-0.15688322147563724,-0.001305744041273559,-0.880428621327352,-0.2554446118392162,-0.04280207569280513,-0.6185663521095823,-0.22396332128462307,0.002854309026453352,-0.46090508561979726,-0.16658133356042015,1
0.0,0.0,0.0,-0.24282850455931584,-0.24393174136355741,-0.021027987918565978,-0.4103173345508154,-0.5781740565684159,-0.06023262303294906,-0.46283825910806625,-0.8447861766133189,-0.11798215810190109,-0.46909253337029644,-1.0557259101687269,-0.17247951393280678,-0.22147407463114713,-1.0081161794321498,-0.0079549267539714,-0.2769414299526625,-1.3259797219979672,-0.14197006348048907,-0.3957525441467399,-1.2972440602040323,-0.2503070720544443,-0.47648101325806935,-1.1891578222096593,-0.31099234430973777,-0.07014306242599748,-0.9953977677250394,-0.06529345144431345,-0.1559870976148883,-1.2945533967617942,-0.1852124903205025,-0.28646840578797655,-1.218150020055228,-0.2601490623007646,-0.3697451037272596,-1.0697358974337394,-0.295618713086188,0.07944908340862052,-0.9134841371970891,-0.13832408877405658,-0.03387857268179465,-1.1778506882420783,-0.24977777426554884,-0.16381232573782653,-1.0561035760426856,-0.2721014075000919,-0.23274474885166405,-0.8867196079334476,-0.26984820611336796,0.2232518167560787,-0.7761597078829789,-0.21459675399284198,0.0693620331455111,-0.9613131755086283,-0.2972268679689385,-0.06573758286806844,-0.8708823503931241,-0.2988316733869739,-0.14023648688310014,-0.7418851296351783,-0.28503086293889146,1
0.0,0.0,0.0,-0.2517218276987832,-0.16967651122809044,-0.08766165722955657,-0.42676728215821763,-0.4881262061117824,-0.16028393200382565,-0.3757370987724874,-0.7384807248563956,-0.2475892506296925,-0.18071627239097726,-0.7772714244431118,-0.33299259913323653,-0.22628060957026666,-0.9969896488942931,-0.07906801701963723,-0.2596732551553423,-1.3850404539606092,-0.18371807716897426,-0.29084450970018316,-1.6432547311436725,-0.2568707262513865,-0.3097441788431487,-1.8540728360487662,-0.30852624287918967,-0.0786826237237616,-0.9892184689469676,-0.12351463645318339,-0.1321987871372854,-1.4317951923478653,-0.24326817051100205,-0.21532518988570487,-1.6903110949950808,-0.31265880085188413,-0.2810706682675226,-1.8875685656629058,-0.34603479746901616,0.06031871238755588,-0.8950970678297133,-0.18275595125650906,-0.04972239199959791,-1.1729223836812606,-0.3419090187168019,-0.16546761225418172,-1.0045485794239426,-0.37376011442720775,-0.21767997205832612,-0.8306852016885032,-0.3519647461186871,0.1729769946576755,-0.7391270437736311,-0.24993503538101497,0.03398542859940276,-0.9512292127931772,-0.3593819361083733,-0.08126809878154143,-0.851038913930016,-0.36243627401788203,-0.12761065059417043,-0.7261391539725057,-0.3401067430133027,1
0.0,0.0,0.0,-0.24498453071293014,-0.19124787919591968,-0.07189412543604098,-0.4299624652958714,-0.4822825941024672,-0.1322300765562284,-0.4733176881128705,-0.7334464913626778,-0.2014711355155594,-0.4542984056931137,-0.902197650511694,-0.27372197533189324,-0.28396561416614036,-0.9614865896596141,-0.10859483614594664,-0.37933207136056013,-1.3226969248877882,-0.21696424709187814,-0.4710669604197687,-1.531371105475085,-0.2954230230231258,-0.5559067261887687,-1.704362964972689,-0.35239480528465694,-0.1162065909861568,-0.9806987463521334,-0.1572450225435773,-0.1843985727827657,-1.3934905452054478,-0.27573696780272955,-0.3030989109343282,-1.6175577713037677,-0.35796435342109284,-0.4254605876343033,-1.7824000329718985,-0.40965270549788724,0.044429491344438306,-0.9079135698463703,-0.2154993210678011,-0.054790017413903956,-1.240464709494943,-0.37240334692252514,-0.17032307919358847,-1.1656680242901012,-0.4301676872589137,-0.25676390200731547,-1.0599020861238353,-0.4436328082008303,0.18871253790710485,-0.7787228559507402,-0.276386163391319,0.0304534436036148,-0.9595978575227807,-0.4104519935863676,-0.12441689089928581,-0.9169267207963678,-0.4447630809984944,-0.23191320794067521,-0.8382712833101822,-0.44987308796944864,1
0.0,0.0,0.0,-0.2225451879876973,-0.09535846033486912,-0.021419118752057518,-0.41546990190724403,-0.46739259138957556,-0.023378807320421108,-0.4523340506063784,-0.7708415375492038,-0.04645610102952111,-0.45796713501857905,-0.9778794862097269,-0.060831698674308134,-0.2867694636384435,-0.9504170384721329,0.07398485757771041,-0.38948121853843576,-1.2141059320792922,-0.06150371382669917,-0.4467718342871927,-0.9517611434272938,-0.14865856201410388,-0.4244507737995883,-0.6992473783602506,-0.1808552372463132,-0.11581943244850651,-0.9929509000360373,0.0251866866604059,-0.24477281937889242,-1.2952301245255637,-0.10406473153954254,-0.3207980923462694,-0.970531367404206,-0.14641978056257407,-0.2835307652453006,-0.7168945952152658,-0.12751463846756966,0.07812822390729435,-0.965914589839026,-0.046674859817580246,-0.07399106673191988,-1.2213684517836996,-0.17460691758934466,-0.1472689403330108,-0.8662939578276209,-0.14815802292923913,-0.10066109240323576,-0.636013398046729,-0.08457274622720347,0.29158530888063217,-0.878136228509285,-0.12188962459077442,0.11315882658939613,-1.0194814456216625,-0.20288487924374998,0.03289978226740325,-0.7698702199971874,-0.16496487558576303,0.07586920390860236,-0.6015596934925976,-0.10487101369283261,1
0.0,0.0,0.0,-0.2145649237098123,-0.1176004272687728,-0.054210159133290664,-0.4131181896648539,-0.3890766837502315,-0.09807375678519883,-0.5348164861058079,-0.5888906253158439,-0.14562725006371594,-0.6644725728592145,-0.6824404552593414,-0.18108787641770424,-0.2575030950264731,-0.9653612263981938,-0.016342671249841272,-0.43186310707673103,-0.9725261559099811,-0.1447222057451766,-0.3976071206941952,-0.6642394511317256,-0.22829713072741634,-0.33053563143927883,-0.5081972846719219,-0.26994314321513346,-0.08547205545835052,-0.9953965534449123,-0.043361608892138845,-0.2886781033543288,-0.974241738772123,-0.17423462234983628,-0.2664272686194648,-0.6400174638796924,-0.21079915360044735,-0.20540033281288167,-0.4742620791739134,-0.20605140289606746,0.07643676462404252,-0.9508587428118468,-0.0875582566239692,-0.14979322463123101,-0.9066944656930249,-0.2012612676985035,-0.1310732244189218,-0.5877931461384791,-0.1679727869928837,-0.07277191597408196,-0.43701715123960583,-0.11945309282323872,0.22928672354821197,-0.8538829101674003,-0.13954790232769793,0.015938253031719297,-0.7915253734559634,-0.22043990713033695,0.009495473348850387,-0.5606345210058393,-0.19651005159530996,0.06526443108805473,-0.45362929105603556,-0.15401587222545432,1
0.0,0.0,0.0,-0.23929512262147537,-0.20149200889934665,-0.044459896416059484,-0.4074613815301502,-0.5453891341699446,-0.0855156489916262,-0.4489238616555727,-0.8093051160342701,-0.14060904539545632,-0.4768849709900516,-1.0005580080871799,-0.19614724058169533,-0.31878100747381555,-0.9793515462166041,-0.04038366735035977,-0.43616962376884677,-1.3863218576651641,-0.14205648804517854,-0.5556490801761355,-1.624990747070559,-0.2257564288812165,-0.6487386703869059,-1.7882613044223925,-0.2894840638625888,-0.16236284747418686,-0.9821475213077061,-0.09499764286130036,-0.26120219139268785,-1.3386574952230044,-0.24719195490810789,-0.37184261273526137,-1.265466997502384,-0.3260919630413907,-0.44168799268018016,-1.1097374449961426,-0.3551619138273905,0.004687692964189653,-0.9117423576943998,-0.16097727508837995,-0.07834911081837755,-1.293270529715246,-0.3004879731182521,-0.21439001326915688,-1.1902775796571157,-0.32758240828383844,-0.3036194168081363,-1.0162651189748932,-0.32340347320673696,0.19273606406973687,-0.7794934943383904,-0.23224677808025265,0.12580359683562534,-1.0211231808816357,-0.3493054672768987,-0.015515459977585942,-0.9548939241931302,-0.3703730303484629,-0.12070543358193672,-0.8236694253295853,-0.36811017986530276,1
0.0,0.0,0.0,-0.2517914846209845,-0.16878097240786158,-0.09126562296403573,-0.43989552380433666,-0.4860658446544333,-0.15278030090776976,-0.45790626973082654,-0.7820124227825557,-0.22278396052969085,-0.31385139488804237,-0.8775064942875535,-0.2892470610571397,-0.2993249465882539,-0.9471294039572674,-0.05174025320698144,-0.3836552847532722,-1.2823616576187475,-0.14432574888911157,-0.457222662072883,-1.476188391367119,-0.21390814440516404,-0.514836763816684,-1.6290646569364746,-0.2639057326822764,-0.12675196733501184,-0.9887116409763765,-0.07989511733832476,-0.15051676843504508,-1.3943981552767821,-0.1845497365098985,-0.2017084319846597,-1.6349150454664583,-0.2600266398393795,-0.24595916194582587,-1.8166247369836008,-0.3058531197611474,0.04266736768191431,-0.9391943658825498,-0.12421401641712221,0.04230369183879253,-1.2746218594350454,-0.2559517978306276,-0.020735098277234028,-1.2205257210652158,-0.29527676793842667,-0.07535552169212995,-1.1107913601122257,-0.29125639153353866,0.2047823076987815,-0.8324654769915846,-0.17735419230575034,0.23447099372928765,-1.115346421490477,-0.2736799230252578,0.2205850523536765,-1.1983908138823811,-0.2957326761353355,0.2014024382180708,-1.2149332400354178,-0.29423337100850305,1
0.0,0.0,0.0,-0.24147169540202074,-0.231789972892156,-0.026744468390103984,-0.3729573577603699,-0.518254566762975,-0.0639966106418572,-0.3241165520079848,-0.7466197059015136,-0.125060696385258,-0.2737767495545228,-0.8799827322673811,-0.18628886809458609,-0.2562790706971838,-0.9730173746973082,0.007108761013098563,-0.3495768949973236,-1.2414466255058787,-0.07735194440059386,-0.4294945728412174,-1.3866190337647555,-0.15310334419944832,-0.5016242481182019,-1.5220891506858698,-0.2135411401105057,-0.11481073661692985,-0.991737188875873,-0.05723498019619744,-0.20576222763347693,-1.292066560526279,-0.15486034339118296,-0.3142599696792668,-1.441405222048475,-0.23102717155927618,-0.4171029196466523,-1.5702131699585906,-0.2851240067277684,0.029061820845675483,-0.9243807703206814,-0.1347369173532031,-0.06772467491972671,-1.1607804405802606,-0.272999327006631,-0.14965839527826813,-0.9789637980608973,-0.3103745228908272,-0.20194960951968133,-0.8043231487424568,-0.3127664793216009,0.17104938153089178,-0.793559258067954,-0.21596868309171507,0.04691060711706122,-0.9344231164252106,-0.32977823820614005,-0.09482873985703905,-0.8293682492254597,-0.3508898849068768,-0.19816712597784228,-0.7044019636054005,-0.3518303016310612,1
0.0,0.0,0.0,-0.23927259998212405,-0.15126725856895776,-0.04154428847718938,-0.45126715099529435,-0.5619001216980567,-0.07365512598489242,-0.4918556293582616,-0.9343790802003105,-0.11739630339909599,-0.5176154205059399,-1.2098778101651904,-0.1683545069075541,-0.2572490544906609,-0.9752259291954958,-0.06560732677324278,-0.35806796837821236,-1.3782342787433486,-0.19473318255609032,-0.4863501828521677,-1.6254525622304499,-0.28635163841737776,-0.6096730152005426,-1.7996733393983704,-0.35265139264369827,-0.06275423711177411,-0.9919017210230906,-0.11042138178790444,-0.2830080905366376,-1.1388866719922026,-0.29816570793946107,-0.3236204804534877,-0.8029049249835657,-0.338620533301252,-0.2907481346782228,-0.5607254351509923,-0.3285106024693123,0.10827453638821476,-0.9414037913299483,-0.16774940301274988,-0.13335876321356158,-1.0319708152656666,-0.33271994836724444,-0.16718203373166113,-0.7005746750403365,-0.27522653627282895,-0.13131873011650627,-0.48409368726733104,-0.20187655477187205,0.27829172530867674,-0.8465774903962823,-0.23043737995021168,0.03246383575471942,-0.9002598098151984,-0.3463578716617399,-0.026345750068090965,-0.65602770185721,-0.30633707246549324,0.006923527501628705,-0.5054806844612596,-0.2520148515483593,1
0.0,0.0,0.0,-0.25598611062654264,-0.17621491462599811,-0.043223847850339774,-0.3867193851921343,-0.610450562455226,-0.06594439279542562,-0.3476067303490545,-0.991935655790109,-0.10021297706491969,-0.27503686516539055,-1.283475965970015,-0.12163750981662598,-0.21636124310681437,-0.9911151669654776,0.0018545282424085041,-0.41787448411378153,-1.1165945859951962,-0.1650702472970481,-0.42491479992721565,-0.7774088928992916,-0.26125139764184496,-0.3842323080844076,-0.5024600050038251,-0.29348208390057967,-0.04695140587978957,-0.9985570717455341,-0.026064150722700175,-0.29092921200040445,-1.0965853297716197,-0.19687660922324696,-0.29648434818705627,-0.7091789630404806,-0.23358786697838282,-0.2636832917706788,-0.4468016950275063,-0.21478847606789034,0.11652767253104111,-0.954753639607647,-0.07773474754682645,-0.12912929005408674,-1.0227151320822143,-0.22134974853252146,-0.13792464569153737,-0.650643843764735,-0.1786520347609932,-0.10320990580268136,-0.42612347956280705,-0.10978346936292346,0.2736420341635171,-0.8687212364738204,-0.13578158259981382,0.04706831368052462,-0.8888132529863552,-0.21519227335884203,0.015987675305390126,-0.6505266988285016,-0.18448648692287992,0.056204907300242454,-0.5317203912928699,-0.13548452592510116,1
0.0,0.0,0.0,-0.2898823769715565,-0.19345171301072595,-0.04054979214040731,-0.4791071589096562,-0.5418194368021244,-0.08082044629224094,-0.5279903846360806,-0.8400025433140283,-0.13451789607968037,-0.5331104321782378,-1.0823440785326208,-0.17608881905755275,-0.2633708824672734,-0.9787724878221318,-0.020628793654738194,-0.44005481082951536,-1.1080147572416634,-0.17083127610533744,-0.43928160896905616,-0.7917320835958472,-0.2535461765791761,-0.37385181631107994,-0.6186943603507068,-0.2866705259348183,-0.1114418998367417,-0.9920761773590397,-0.05801345772709016,-0.3242469826326182,-1.0494337614409115,-0.21218933003810309,-0.32272390218536995,-0.7156889056805225,-0.24601081557757534,-0.2670839947532873,-0.5546427611368764,-0.23598286804821003,0.03844806326232305,-0.9609888450315696,-0.11385175286611388,-0.1949908134843335,-0.9886939492939323,-0.25168805966154223,-0.1891119349877158,-0.660316037952532,-0.2075183585841188,-0.13779814143851332,-0.49670704257433207,-0.14509077481817387,0.18731085996540905,-0.8974617838866948,-0.1743962473203946,-0.029166342696091408,-0.8907321948726739,-0.2543178471135863,-0.051764710173492226,-0.6528132470780516,-0.21247116765257326,-0.010693132006210667,-0.5349501437347053,-0.1553883240779056,1
0.0,0.0,0.0,-0.26226320938855036,-0.2385116723467238,-0.048985419213612845,-0.41951340114324615,-0.5553887787089664,-0.08894022655382848,-0.43204488035083954,-0.8351335939740355,-0.14284689156393063,-0.4446582562218078,-1.0398503179940806,-0.19788608425160908,-0.2854236287813455,-0.9780170474347998,-0.04514615710387596,-0.39632589781453176,-1.2990012392225125,-0.1394319780364923,-0.48940844167595354,-1.4829588786920005,-0.21535563938878277,-0.561910633468698,-1.6461014386481778,-0.274558449844366,-0.13170853551972983,-0.9863678202006343,-0.09864778225534039,-0.2464524244160031,-1.3397997494549152,-0.20267973939193729,-0.3522061662020621,-1.5271154208126143,-0.2869616833911033,-0.44930444094319466,-1.6796796617495342,-0.34743823146992103,0.03029725145939174,-0.9133928417646011,-0.16373204538763578,-0.06648289451062576,-1.233321512383016,-0.3092031029225432,-0.17514536503366396,-1.1654541128624225,-0.3730782550554826,-0.26343147281490875,-1.0599025333123324,-0.3977474216404783,0.19682476602579496,-0.7840470572260179,-0.23095320553842572,0.07587801094839469,-0.9790168960691521,-0.364655822709195,-0.06803226760670517,-0.9195348765658459,-0.4095438729204854,-0.18600236915545568,-0.8164959769278839,-0.4269363812459042,1
0.0,0.0,0.0,-0.2544961287148191,-0.19043413199711787,-0.07411374994164796,-0.441428972018977,-0.4638698821642615,-0.13817267075571488,-0.49118434782209774,-0.7215997097491464,-0.2216683783610956,-0.4681162292012134,-0.9052242600717844,-0.3046128095514452,-0.28816323194131915,-0.9574776558380701,-0.04801946284130605,-0.3751399658968851,-1.3066951748877618,-0.1607254031017312,-0.4557441999464177,-1.522042195262111,-0.249371456166881,-0.5272174968145746,-1.7006988439696926,-0.3125274268481587,-0.13504954909085637,-0.9862067613018866,-0.09569662090586181,-0.2044105967260906,-1.384966798105889,-0.22492109817785072,-0.3148904344909319,-1.5987114795861175,-0.31615318618863386,-0.4215178615766488,-1.7579222379310904,-0.37027463478451667,0.024844915044900745,-0.9331875620836895,-0.15938306772109195,-0.058589481387141686,-1.2950161205145223,-0.32777646049776055,-0.1899702360732224,-1.1079867241814851,-0.37739495169251025,-0.275594124161291,-0.8915099781960886,-0.3728460350496301,0.1884236220700542,-0.8220080183118498,-0.2284536010857184,0.08375219382995369,-1.0475976046823523,-0.36008006943700677,-0.06557947929272756,-0.9683145471068444,-0.3889499492169294,-0.17842205243398415,-0.8377768382957783,-0.38519392604720604,1
0.0,0.0,0.0,-0.22704903627442052,-0.13791617492355915,-0.06619465888926278,-0.42379178442138293,-0.43096660133344944,-0.12196744771327934,-0.4598228159936752,-0.6492164865777564,-0.18962930294528374,-0.4619535178351225,-0.8059356105766923,-0.25997436465476687,-0.3247658648581958,-0.99085572918879,-0.07216640977998763,-0.442139294853888,-1.3697289639938697,-0.198823632160955,-0.5461675069314987,-1.6101394637760766,-0.2962140311965751,-0.6384145747517612,-1.7892506879129304,-0.3671482063320383,-0.12723905620879283,-0.9841316290180888,-0.12367360001753953,-0.29147645924123994,-1.1188869405883193,-0.31834965900567275,-0.3674583751931219,-0.7971663649227829,-0.37787290944710006,-0.38081708425836314,-0.5643439046475262,-0.37697858692318387,0.057787080334736035,-0.892543378884133,-0.18942853781161115,-0.10753860856860646,-0.9973827461847302,-0.3699021429591581,-0.18590058773194051,-0.6731803615729113,-0.33215953451718483,-0.20166746656521686,-0.4657404828428954,-0.2641739901262917,0.2450109247506062,-0.7413421340735801,-0.26210028838159494,0.08175297900196499,-0.8128321725785866,-0.3771466641315505,-0.022884358369913465,-0.5801665468890633,-0.3293445504491668,-0.046926482018595624,-0.42862273936687634,-0.266408911079549,1
0.0,0.0,0.0,-0.23672536366372343,-0.16455945289753116,-0.0801188704062716,-0.41660892168737534,-0.44606031888205916,-0.13560314105732937,-0.4677092189920706,-0.7063664135546615,-0.19534475605753393,-0.43896185453195724,-0.8774115497394613,-0.25127714615285734,-0.30662222760993746,-0.932627009948827,-0.0609619954208789,-0.4405379423324884,-1.281740147267206,-0.15301256516260833,-0.5353187218971408,-1.4833137591594767,-0.2261513124501863,-0.6114221902139102,-1.64885131924088,-0.2766482786172139,-0.14797187946705267,-0.984510240208346,-0.09404206405589431,-0.2288476930898486,-1.4216500426903989,-0.1756079884108341,-0.3020266358337637,-1.6918995881975232,-0.24126344643802147,-0.36905838894788123,-1.8974551057398796,-0.2842199579522848,0.01926698657819941,-0.9468640808663525,-0.14286417073978236,-0.0217428137324995,-1.3251352684066777,-0.22947124418756393,-0.1079680835840945,-1.529107990032611,-0.279910446023299,-0.2034618400378401,-1.6710001337018912,-0.3082425994053032,0.19670453129596016,-0.8388568133672064,-0.20118651345818508,0.23655521177173258,-1.1338488716688873,-0.26628588997353136,0.20694047727897996,-1.3151002464663282,-0.28916527681809806,0.14428752667189135,-1.4543186735624942,-0.30149668381263683,1
0.0,0.0,0.0,0.26289786097151396,-0.23590715900332962,-0.040779137359683776,0.4261846655175963,-0.5647537348805465,-0.05545627023791834,0.46868149315808894,-0.8469772056503903,-0.08913629885858607,0.4070538694907125,-1.0775312856941175,-0.11073416656341545,0.307668445622331,-0.9134393345636372,0.09055281073343047,0.4264185721980819,-1.166528222202603,-0.032728993399890674,0.4689483103969578,-0.9828299453669067,-0.1415964145578878,0.4708891966324494,-0.7571174361126574,-0.18326589958061,0.18318992956666,-0.98145513932914,0.05645581626175098,0.30119440887260385,-1.2526665885157104,-0.041491470242751856,0.3802037811370886,-1.1943714842714996,-0.11431306195701933,0.4257900177200362,-1.0871109542462933,-0.13135170171363972,0.03173033369758598,-1.0094954928776196,-0.007210966288351172,0.12369763403550475,-1.34789849538725,-0.08186330949607773,0.2276287590547931,-1.4737548854140963,-0.11769595824126944,0.3129010384698866,-1.5401131694298467,-0.11765425061625664,-0.14832809580993,-0.9861546555050325,-0.07987930949942706,-0.1929492349166769,-1.3333855899140543,-0.10868619318261975,-0.17632263953455832,-1.5648223051026664,-0.10490369857190023,-0.1338294376335485,-1.7563690063713007,-0.09069511117510903,1
0.0,0.0,0.0,0.2832371752874045,-0.24702298688907953,-0.05717121240003783,0.4581418714679269,-0.578685773476178,-0.09200902424129688,0.4889797639956699,-0.8616669212671185,-0.1426698198735521,0.46233253853981715,-1.1017880525513692,-0.17729834824142504,0.3533223561514224,-0.9727777867395885,-0.003224167941641384,0.47213037671737085,-1.243254506554394,-0.15227639997399547,0.49501865302059084,-0.9677733313898973,-0.2413152996860636,0.4605131290653106,-0.7146164775336599,-0.26902593553618337,0.19262122644033894,-0.9806730628173178,-0.03431336458467321,0.31998735086766006,-1.2643433637998036,-0.18236980198885744,0.36269532758539336,-0.9307173869007414,-0.23003741985922854,0.3429631908271121,-0.6656930767027175,-0.22254687933080347,0.010626783508389097,-0.9450614963232434,-0.08768368581467502,0.13415723500068757,-1.1970779579105897,-0.24158594458816343,0.20814115715662826,-0.8515207993507896,-0.22657522985022485,0.2046118631666965,-0.588395297183727,-0.16962921961830266,-0.19643470344320846,-0.8512374610033465,-0.14577402422206254,-0.04961574498102164,-1.0158869795670669,-0.25770704250701887,0.043122472846081596,-0.7769225707512618,-0.23259584125236885,0.05434432319513459,-0.5744874105631184,-0.17930515614099196,1
0.0,0.0,0.0,0.2820064998180547,-0.1843480623173569,-0.07340265917316467,0.4901347383779171,-0.5394828198990065,-0.111285261370184,0.41248692010638205,-0.7900330674564493,-0.15113767032843628,0.2685546838372351,-0.9182633846565289,-0.1657345751426926,0.32138987877881403,-0.962083720949876,-0.020478205110909836,0.4882656100244235,-1.1009929988846068,-0.15377760345260758,0.45672129092551533,-0.7779302205959896,-0.20362939534021418,0.37960326275060785,-0.6717147608808526,-0.22264782726946467,0.13925284046898875,-0.9888368706694212,-0.05301216488717136,0.3439396196055016,-1.1602349405566708,-0.20520455084599862,0.3173316736740202,-0.7502803819224768,-0.2232157704022422,0.2212013023128885,-0.6670176776294696,-0.19892423234998657,-0.040443885198581914,-0.9602848793789972,-0.10700334704918148,0.14609890274193219,-1.086879246247486,-0.27683349615382463,0.14673879953754465,-0.6825709665455764,-0.2305558311493093,0.04753794220649651,-0.6155725681870136,-0.15991998761040466,-0.232380975344772,-0.874638906789046,-0.16375324491438212,-0.03221834063680491,-0.9305129169763593,-0.26381398092786995,-0.008410846079580352,-0.6534968713284284,-0.2085941980758396,-0.09923373191316724,-0.6065977146640644,-0.14577567550258214,1
0.0,0.0,0.0,0.2945875494525087,-0.21826168074236482,-0.07699686700314883,0.48002239038245126,-0.5606395517952579,-0.09896274445485538,0.4149193100833311,-0.8715717294388967,-0.12913925506799986,0.23560666619050763,-0.9114860636752166,-0.16020404866231652,0.36460007400473565,-0.9295428707311457,0.03189645049401079,0.46458958442248915,-1.202763996791621,-0.017731527619909763,0.5538725541649164,-1.338958489467904,-0.07522830792720467,0.621163954697825,-1.4554237484500634,-0.12227880871787969,0.22339706638142587,-0.9745549632205426,0.018340512380515657,0.2950048150293119,-1.2974211311378103,-0.06254173673326607,0.4010871288556046,-1.2867523949185196,-0.13086374030139108,0.45774688934505064,-1.2062998201187567,-0.16919680577550072,0.0720703884254343,-0.9575954592749253,-0.011075211222111123,0.1348082555091296,-1.2855027230287301,-0.11863887926722935,0.2377069826086073,-1.1443893128515747,-0.16430514599571022,0.27012629569706903,-0.9171471702977396,-0.1706885988272171,-0.09945121746062137,-0.8914979535655242,-0.048187315055280684,-0.019548755043940796,-1.161699769639638,-0.13690670955725825,0.0884720774407211,-1.0931362093203756,-0.16362917000651245,0.13504083702202177,-0.9299264929981281,-0.17006562211786516,1
0.0,0.0,0.0,0.29703380202218754,-0.1809886785799056,-0.06546165803369215,0.5307709484307819,-0.5096873140834068,-0.10074642242139581,0.48147004303907576,-0.7795365597493186,-0.14117440566391629,0.36452762865930777,-0.9478830499421442,-0.157290037096048,0.38191138575573846,-0.9494944284824187,-0.029266261224878284,0.5525605623303054,-1.170394310666513,-0.16231500148014696,0.529867866028553,-0.8317218076317691,-0.2039344458724335,0.45420537142052436,-0.6789316743601927,-0.20956835864313597,0.20355164607141926,-0.9770845804195162,-0.062229013233649835,0.40937846906705105,-1.1997301066015054,-0.21077015997057835,0.3841879140217247,-0.7757865863283491,-0.22374299273226667,0.2913092286971572,-0.6525855290498511,-0.19370990444223962,0.020874948567809283,-0.9626006097198103,-0.11499289480444032,0.20822825385123814,-1.130166410465305,-0.28547624243853836,0.19903208351054252,-0.7150433875198607,-0.23689791879790992,0.10758890924689286,-0.6126941129502006,-0.15944529450343023,-0.1853085321315675,-0.8983288644923526,-0.1684626051079854,0.017458949613675008,-1.0131350005773228,-0.26902903758432906,0.04273724534985493,-0.7186535935917037,-0.20546831530956688,-0.03583246803465192,-0.628394387770309,-0.13272602201148143,1
0.0,0.0,0.0,0.30424325267405844,-0.13331579531743185,-0.08785587999354562,0.5337858710854105,-0.3812829272231528,-0.111271788802838,0.6571865592415826,-0.6256798317880015,-0.13518462379000246,0.6310261647693902,-0.7944562522687513,-0.15680995697041872,0.3401031890144098,-0.9213910460139789,0.003689881208616795,0.4655599487957142,-1.2482236143140417,-0.052330607650331935,0.5569722712020561,-1.4465327488460404,-0.11591973056904199,0.6394750694090096,-1.608912482130348,-0.16102219691135736,0.1684430337415861,-0.9856964585655312,-0.0054254912497325985,0.21936798139305552,-1.387797615173928,-0.046052921122774614,0.27152626727033324,-1.6416497243973747,-0.10496511468148777,0.3242674309442996,-1.8524291990950918,-0.15004034405771494,0.004815352192893882,-0.9706386178254934,-0.033351517707007075,0.023364364727644155,-1.339676719343403,-0.07960403161042644,0.06371388525349853,-1.5811835252343438,-0.13208525648072378,0.11255533384545338,-1.7851854657791169,-0.1694469344856323,-0.16121599441404688,-0.894682102854145,-0.07337254764926311,-0.1808081457767011,-1.1850064255560604,-0.12177435620386715,-0.1821370318621544,-1.3898391663926228,-0.14832025850376326,-0.16522927341554233,-1.578253719523079,-0.16527046897197423,1
0.0,0.0,0.0,0.29780804122657767,-0.16561541899107005,-0.09982605881815249,0.5155805802323674,-0.5031644965425962,-0.11681057713011658,0.4812707872134675,-0.8120855988285243,-0.1297510763906201,0.2965241023744638,-0.8349846238464913,-0.14413424271978034,0.33874247940888325,-0.9336434971269794,0.004731676214763183,0.41432746700506073,-1.2207553025171252,-0.04622129552863049,0.48245158490096635,-1.3514840658138796,-0.10730241744546841,0.5613397526176113,-1.4414710039465854,-0.15630869470957445,0.17684413662313447,-0.9842299778061889,0.004183554666439994,0.25427483624771524,-1.299258155435497,-0.043621530162278904,0.3448423650497383,-1.4290180841265947,-0.10585870742613668,0.44968775544841727,-1.4858659968490684,-0.15352181955405914,0.015135921526374899,-0.9577720500384462,-0.016670349135923662,0.06676544164223774,-1.2834980612158577,-0.08539209302447098,0.15688889536115486,-1.425053717659124,-0.15810137158663756,0.2660181057999804,-1.4677335670815244,-0.20528917558730714,-0.1636636366599858,-0.873779104767434,-0.048403542220816144,-0.1573487256565837,-1.1590134214192522,-0.11860012515515492,-0.08660094329056325,-1.2922448225269538,-0.16813861792961546,0.010310255324961102,-1.3332786738799731,-0.20233900098463123,1
0.0,0.0,0.0,0.26698542187086527,-0.22422955154342603,-0.04020054375556493,0.4510671062067544,-0.49436730682535224,-0.07808722972080193,0.5018958859049191,-0.7170731766989539,-0.13798087211624485,0.47170706576287935,-0.9144754430785259,-0.18752334145053076,0.34847598712518174,-0.9729146914370336,-0.000560315801254618,0.4678649949696528,-1.2680683749777029,-0.15413341882071616,0.5060131684684889,-1.0285281491659979,-0.2524239500820882,0.4888921528366868,-0.7770375838786866,-0.2847145951038926,0.18192772062777796,-0.9823719686361047,-0.04298394706405528,0.3084066859077697,-1.2770152963678312,-0.194349304234157,0.3677092369380254,-0.9549492068138427,-0.2482470275307149,0.36727920123649593,-0.6755726080962241,-0.2442412929783887,-0.00570831310507004,-0.9410732158434958,-0.10577429778158197,0.11709448394838684,-1.1717191437837222,-0.2585370257514411,0.2083342022863568,-0.836860369167877,-0.25617840733286057,0.2285121827419122,-0.5646570022959937,-0.20664868996965105,-0.2149520021249371,-0.8387904521168196,-0.17156700199695568,-0.09129266498348897,-1.0213740279665091,-0.27551187263604554,0.020107954246965775,-0.7982720045516316,-0.25298939902217876,0.06513129813546409,-0.585462679774885,-0.20230706503709964,1
0.0,0.0,0.0,0.2724271598843465,-0.20776365547159648,-0.058916468597027476,0.4721429712129767,-0.5278890113807061,-0.10156381672263737,0.4437818889597842,-0.8439718720279564,-0.15308512902148436,0.2576449191700106,-0.971611771198182,-0.19744968411902006,0.32030435839606786,-0.964651939163914,-0.03432457755793804,0.38779179527600166,-1.3924448235254812,-0.13841673882375916,0.4670443164152859,-1.243877425079258,-0.21853990069331275,0.4640961140511412,-1.04861720547863,-0.2559334529246878,0.1691322718821002,-0.9838663083729993,-0.05832119560233468,0.2500723513044462,-1.431337084173038,-0.1437178369102717,0.3405506612404939,-1.2375449541421384,-0.1935063804608358,0.328514964700108,-1.0174817192659236,-0.21391356122963065,0.009265240505396134,-0.9523475145791975,-0.09561588709302696,0.06613724669259302,-1.379914290536186,-0.16607758039582746,0.17878669699259966,-1.2123491203763748,-0.16572859284042735,0.18805745561977413,-0.9934133768541025,-0.1522448267453017,-0.17836918154275605,-0.8790312363156758,-0.14118026355944216,-0.12316961488220352,-1.224454533674839,-0.19290429953947727,-0.0028720702287140373,-1.158875649125775,-0.17848811666783168,0.04266755319956078,-1.0090907645915648,-0.15835720089018665,1
0.0,0.0,0.0,0.3038026085182099,-0.14530149793884847,-0.08765460048320221,0.5550471812858488,-0.4325062036685112,-0.10602764541242402,0.6642646054456652,-0.7321279399773112,-0.12181772870127856,0.532370314688003,-0.8488719212533159,-0.13841746655638115,0.34063986110829264,-0.9229576500836509,-0.0036903475017298353,0.43101499061867193,-1.2727479967460955,-0.06096906790727051,0.4922660530331158,-1.4851879568344746,-0.12486119712982414,0.5539309545948887,-1.6673618900187446,-0.1733546131919078,0.1806147593937226,-0.9834291256028214,-0.01566727816877485,0.2526522164646895,-1.370446940157366,-0.06132572469331421,0.3209547435919358,-1.6204531172054348,-0.12381030513605325,0.3892238176668039,-1.8312993958149368,-0.1727553057661661,0.01185035358973163,-0.9730035851834289,-0.045686180140162444,0.06772201331415864,-1.3564838976443547,-0.10158021396629838,0.1317881521955136,-1.598143685773056,-0.15993863143960602,0.20299966057478314,-1.7987047327301398,-0.20199801940663367,-0.17445290119864376,-0.90475513978777,-0.08675550224191593,-0.1746190696391462,-1.1991058899823568,-0.14399226164911402,-0.15279245054531768,-1.4015564227099657,-0.17819054088345057,-0.11147641218227375,-1.5911134825210338,-0.20315487067444174,1
0.0,0.0,0.0,0.2725858006953012,-0.12511051897470868,-0.09183363445544478,0.4939131830861872,-0.39439956139088667,-0.12726574087857595,0.6448975131426984,-0.6406579217803964,-0.16425653336602136,0.7574156637608984,-0.8409738510685677,-0.19934041226261037,0.43928496272504947,-0.858920728274553,-0.013687087230000282,0.617771432801725,-1.162730007382733,-0.10007693787735435,0.7371671708077664,-1.338167057620279,-0.18352452674907613,0.841870058224547,-1.4858523138888666,-0.23896987174689474,0.3100343140160361,-0.950277443970042,-0.029180534854067255,0.4651298299468523,-1.3194183828671124,-0.09796629898100292,0.5735167971147478,-1.5382091253676569,-0.16860117778382072,0.6729274839188505,-1.717939970923504,-0.21888887164905896,0.15756963708355887,-0.9671425575648523,-0.06577702974144671,0.2919043011140548,-1.3249200317757852,-0.14449756002327796,0.4059584760698194,-1.5091457009139284,-0.19350998741694536,0.5159304090112783,-1.6490526368714955,-0.2234531473390535,-0.021473081357103824,-0.9124727632957156,-0.11400069090308247,0.03340321419682816,-1.1856868036286023,-0.18265732923459588,0.08051497724213955,-1.3555845253142766,-0.20369210845721,0.1296240771282046,-1.4908706529607505,-0.21423846166296617,0
0.0,0.0,0.0,0.2590630084614631,-0.19597671251115867,-0.08831893157657472,0.4759007100020431,-0.4924715093631597,-0.12821293527743505,0.6249919128003443,-0.7122047890933336,-0.16658678025265983,0.6598229044183241,-0.9488777909937048,-0.20919860369530782,0.29886454605122126,-0.9621512807989722,-0.05663466220179102,0.41322585912978593,-1.284068447322812,-0.1540344592083189,0.5087319655444725,-1.452246895553411,-0.23548973107560622,0.5857459400533844,-1.5844538831060406,-0.28948146524112667,0.15265851389416543,-0.9841336088233233,-0.09042354848161416,0.28246552079761045,-1.3692915986105674,-0.18331802931748412,0.36610057932687884,-1.6021160873706461,-0.2708831763421965,0.4356353922339699,-1.7934425090406383,-0.3317162380750314,-0.010480004708997721,-0.9326420155699046,-0.1417972762499853,0.13276859868542137,-1.290030683972949,-0.2747484902391086,0.24695625438582652,-1.5134650861348975,-0.37152260774080864,0.3480245511160319,-1.6945732777167362,-0.43292714299748936,-0.18751071708687467,-0.8113038785564775,-0.1971691504460366,0.022779645347361474,-0.9770267400938577,-0.33203706314281495,0.19013203159760655,-0.9572627066603773,-0.3861795828600049,0.3277203163635057,-0.9138376572136723,-0.41635956502038524,0
0.0,0.0,0.0,0.21899273629985747,-0.2503484052960195,-0.04694352862330583,0.3962090416685278,-0.5789062615775705,-0.06119841682097803,0.49948869126856843,-0.8297991279018068,-0.08313799023447473,0.5474494960210124,-1.0439206143713908,-0.10113628261611707,0.16982226955008053,-0.9843497489815621,0.029119648427156183,0.23884365786091952,-1.3202838489098325,-0.060231597400690104,0.31372844098488073,-1.375572457349742,-0.14004775606868008,0.363946691821448,-1.3622565079562137,-0.17852057663650833,0.027163607044683867,-0.9996281852168782,-0.002372714127889098,0.08684965874951135,-1.4056064662262202,-0.060364119513207914,0.1431462502905823,-1.5922276313695978,-0.12322114376833664,0.1803079266322161,-1.7012645398210837,-0.16116328452777873,-0.12257839676357861,-0.9607157797321907,-0.05441124318830572,-0.0769995832983501,-1.353609101047546,-0.11157714430599687,-0.02734152876338717,-1.5840152584898979,-0.15097495212123296,0.0224559834886631,-1.73938462801046,-0.17156771983110178,-0.2847224185473029,-0.8520595003448205,-0.11439152136538443,-0.26157680842004805,-1.1677164893465342,-0.1578958498664739,-0.2348519892440614,-1.378603914332686,-0.16638152027636946,-0.19405937285687092,-1.5472420274266119,-0.16528062964189424,0
0.0,0.0,0.0,0.3082247858728617,-0.07366230103539023,-0.057652961565339104,0.587463939481653,-0.1777293618903149,-0.12462774076395852,0.7955065350351488,-0.23413753233333878,-0.20136742332633023,0.9185213313358276,-0.35251936497893127,-0.27084621348806626,0.48121947339049076,-0.7825681965796273,-0.08173562969926397,0.7272456936205761,-0.8763913424551578,-0.2499808128415337,0.8490607351171106,-0.726645917389642,-0.37241151443769926,0.9027693898033842,-0.5325558335046501,-0.4286836096998504,0.3654459001349965,-0.92140332610217,-0.1321559863282034,0.4907363725708137,-1.350631862114379,-0.24314452727697516,0.6626301157626026,-1.521812618571593,-0.3123143745063758,0.8126972650475794,-1.614876711120958,-0.350494136296213,0.21780240663662484,-0.9393474438570278,-0.20135713759394686,0.2615408479960352,-1.399780396365066,-0.3108491129118941,0.35759980857825513,-1.6294418477549462,-0.36808587497673717,0.4681503881007083,-1.7971079188712584,-0.39441225759705845,0.06557906433071874,-0.8566921077948894,-0.2759699077489687,-0.010915927402999345,-1.191476172248198,-0.3650310799063576,-0.001163602984096198,-1.4113441225659296,-0.38848784436290973,0.04725535246535275,-1.5988466164059028,-0.3923417228064674,0
0.0,0.0,0.0,0.29101454755160305,-0.0015985002754456197,-0.07495103204849854,0.5714041789770944,-0.02419076237064147,-0.14751334358486326,0.7928818239371377,-0.01481462441418182,-0.23381367829480212,0.9000660302622953,-0.1327697096877241,-0.30804336589528447,0.5825029725701992,-0.6959190288141938,-0.05690700109593019,0.8334588195883537,-0.6813726495500174,-0.23346320363092027,0.9107032548940437,-0.48269891946687044,-0.3662618617198076,0.9032725297686232,-0.28559104536161223,-0.42125385671634397,0.48919647256172244,-0.865619606934627,-0.10672163474905118,0.7038557405517444,-1.223985628386846,-0.1962221809243952,0.851894285269246,-1.4569241644454756,-0.25605171965918333,0.9523983177365801,-1.6660383837523496,-0.2854294301271208,0.3407826522104221,-0.926117517593675,-0.18210894064931807,0.4235257117269154,-1.340738226174976,-0.276172246519289,0.488860396842613,-1.59250931100937,-0.3169283342722139,0.5462652603081536,-1.8035606482847888,-0.32572343048978336,0.16116556597847997,-0.8845641363540588,-0.26816257009411454,0.11419864976267652,-1.2263713378705878,-0.349583836582793,0.11351412292476887,-1.453574846137337,-0.3573010354874901,0.13380656749946684,-1.6530449499139546,-0.3415701632379895,0
0.0,0.0,0.0,-0.11403825623568377,-0.48026342747272266,0.03123927048110309,-0.02158425334821168,-0.8762299014127352,0.001941302213863318,0.1825569125506729,-1.0841607563051283,-0.0367887834546859,0.34557534718363825,-1.1515162275904034,-0.07714523783827917,0.02696645975013148,-1.0848128630078802,-0.1534135346615973,0.13282201302452412,-1.6652075006525278,-0.23948613646487033,0.2019146189405088,-2.0117700464666872,-0.27493300728625847,0.2598197269252872,-2.2735320039546743,-0.2853717821144759,0.22945968050007345,-0.9513827398804027,-0.20547295997883064,0.41453915338601377,-1.5483719379432592,-0.27072669641210617,0.5152173303499943,-1.8895375232087381,-0.2831220738040914,0.6067032751216612,-2.1334428425894365,-0.28254978570610995,0.4175919325629598,-0.7660991015041593,-0.2395976233170785,0.5694506495951046,-1.1939393175748352,-0.290278266973561,0.4768546878901565,-1.110983795115132,-0.2293596743581069,0.4027941879637065,-0.9721480716233039,-0.16147062799506554,0.5671293305048366,-0.5550393041366797,-0.2706158907761338,0.66759789224863,-0.9293671603498777,-0.2665040529633312,0.5804587052008495,-0.8677083847569242,-0.17193253094523148,0.5277826795002637,-0.733386366811782,-0.08433631426351831,0
0.0,0.0,0.0,0.30195743235352207,-0.24442867812140415,0.010725093714033762,0.4778646173682305,-0.5163992351501802,-0.025660436480969814,0.5990967100398986,-0.719889402997724,-0.08407980634806927,0.7085525905343139,-0.867408767830557,-0.1415198560601905,0.22287572860919047,-1.0195110329486283,-0.009723955962195847,0.5291415769797355,-1.0670131779584704,-0.12855954785993207,0.7328378891343136,-1.002882058847837,-0.2202907972616674,0.8860228491401194,-0.9092513145927218,-0.2717937035272765,0.12343896118043149,-0.9893275084485658,-0.07742030670082034,0.5004923908037286,-1.024994721387636,-0.20657784370283158,0.7019824591292619,-0.8243046179093403,-0.2636051206741017,0.8120370326656834,-0.6433244089024256,-0.27955028912127033,0.058467273040871584,-0.8654962484050505,-0.15034789230698933,0.4314420438475317,-0.8661289240237312,-0.2818982415444083,0.5962612887985956,-0.6312241128873256,-0.2875523113765789,0.6663272400407829,-0.4341219198389813,-0.2573123470639689,0.023023195697173406,-0.6821197679987882,-0.22350194773652687,0.30793911546394764,-0.697894929860625,-0.3067477820999504,0.4212387752009246,-0.5414009164511111,-0.2901829626062276,0.46743733857464603,-0.3916194614224184,-0.2532221941405154,0
0.0,0.0,0.0,0.30335940683465895,-0.20076132235826086,0.09121450436559382,0.40118254570016126,-0.5231555009015385,0.10337966716906777,0.4698316528865315,-0.7366607847630319,0.0710223210024147,0.49039993496055817,-0.9375885346028093,0.04571499143270573,0.13090282975653464,-1.009104429456296,0.06118356734975874,0.32537631382872256,-1.4571450412165379,-0.03558323704273203,0.53862378368983,-1.3529296753991003,-0.10280120545541306,0.5846497123423234,-1.178529091600486,-0.1289164472271371,0.09083392762160715,-0.9951065037480156,-0.038887578881096105,0.3371393562137723,-1.4872301519100029,-0.09532473875293476,0.5596974777919916,-1.3233824821012536,-0.1170308363885543,0.5746529187538675,-1.1403705763488219,-0.12457057246702725,0.10363379835691224,-0.9229769075564342,-0.1424417797193825,0.3203413252779558,-1.3635866065649145,-0.18775054709270406,0.533297361301451,-1.2058683345938734,-0.16477894584658043,0.5480973337342752,-1.0218366890272352,-0.14166638739617488,0.15748088991593,-0.8036732931328298,-0.24375573965333217,0.34451584569311733,-1.106521344100729,-0.272387279967279,0.502543754507561,-1.0235314260153634,-0.23715749832590863,0.5243433399018755,-0.8621840690734711,-0.20528816801125616,0
0.0,0.0,0.0,0.05426176451860947,-0.4560764831900206,0.07205587689907844,0.21652956567106266,-0.8204314631572884,0.0428500921830531,0.41625424645360787,-0.9792599487030194,-0.010623938653981936,0.6016856636633432,-0.9779062523782873,-0.06446051700951247,0.26721869144558685,-1.0502251762200983,-0.05983590830164756,0.4084096996434028,-1.4925744924995632,-0.1343845054953548,0.5744683320333671,-1.699394492213163,-0.16228155376659742,0.7151624632564982,-1.8220433518420442,-0.1734509779826625,0.3756486234270048,-0.9145976251719039,-0.14966394270935798,0.7891348347657342,-1.04334985551345,-0.2430987930818906,0.7567254246577062,-0.8473949391069816,-0.22497412575361037,0.6369135188761097,-0.7454418631959416,-0.18373692950702686,0.48456173892317506,-0.7075383661034438,-0.2286758178336783,0.8216575544927619,-0.7452278840748023,-0.27906229557206197,0.751853562473455,-0.6115255432065348,-0.20187942842873516,0.6348108956273905,-0.561642525837034,-0.1345353968903778,0.5703210194048725,-0.4756788967994244,-0.30357688054790777,0.8207393402893918,-0.5251288396888698,-0.27909929424745605,0.7564711175446784,-0.41810196067897304,-0.18196325025184523,0.657251015471987,-0.3746328997507104,-0.10600175320986646,0
0.0,0.0,0.0,0.3089370743524153,-0.11195368797845065,-0.1648987971162568,0.6059892744515396,-0.2852321152679307,-0.2667621409544489,0.8579440824870292,-0.41986368269399527,-0.3598692552313408,1.0703141961698543,-0.48796083292103365,-0.4583893584278248,0.35485598412121455,-0.8778904642330801,-0.2030310373375357,0.5456549311890948,-1.2886356897446283,-0.3287879443971666,0.6474209235975106,-1.5577092623063773,-0.41918932465348935,0.7231515452855009,-1.7885494106033704,-0.48126166697686845,0.14889795483131704,-0.967071613289003,-0.20640226214277801,0.2283154900650361,-1.4715010047800754,-0.3164199478945002,0.2821518497195289,-1.7899877966090665,-0.3974038662645186,0.3135138842985553,-2.0536239245256995,-0.4546409709750262,-0.048999053646925306,-0.9444093076367478,-0.22528164119256744,-0.052352347295206846,-1.405575668983901,-0.3296191653068614,-0.042848986193877885,-1.7067621642344848,-0.4007111989659512,-0.032401037902968305,-1.9665817389260563,-0.44802834354928817,-0.23285439972012795,-0.8342110784038718,-0.2587917340810224,-0.2939712045290652,-1.1498863134895347,-0.35302393340229576,-0.33234473211690996,-1.3637617318299873,-0.3936055635808929,-0.3617573046948989,-1.5640957351061564,-0.41636970725436007,0
0.0,0.0,0.0,0.29503085534232676,-0.07327202458606875,-0.13715292986560212,0.5882051680718647,-0.3623950264247748,-0.19336344963709204,0.7836650403134594,-0.5787334465479255,-0.23929985468217257,0.9749512945703378,-0.6996366233414173,-0.29065247761196406,0.3805948066317403,-0.9026107934605212,-0.10205371927966309,0.5061335370658885,-1.2650545386651328,-0.21076643228678466,0.6080301404554304,-1.5215022884898974,-0.30683122555615466,0.703092850916232,-1.710210273497608,-0.3680137869545629,0.208625293508035,-0.9721518777708108,-0.10675304892775982,0.3279746983257345,-1.375191375258968,-0.1967354236937661,0.42076203771043763,-1.6757454353091359,-0.2927646662828235,0.510369265118093,-1.9133742172931447,-0.3617227194359815,0.01751784482532199,-0.9747531035130956,-0.13009264446550603,0.12561295642855907,-1.342220494628111,-0.21828929102318542,0.21979923899658843,-1.579359027948002,-0.2878436231430447,0.30847762118552124,-1.755613880656259,-0.3339028613683092,-0.2018987859526523,-0.9029589669394601,-0.16720325036971342,-0.2146411700653783,-1.2332052102591071,-0.24457388578764097,-0.21251335822559209,-1.4619638583749106,-0.27873815333637375,-0.19422417523154395,-1.6364418785159234,-0.29870717771424765,0
0.0,0.0,0.0,-0.2068316358156003,-0.18073389397169842,-0.04021183893355216,-0.3991586431878668,-0.4041456716340129,-0.10437060187281309,-0.5646546423894196,-0.5200600856069064,-0.18477878382969065,-0.6755645647708112,-0.6416567098336302,-0.2603060050484193,-0.1965599623396871,-0.9174380453028826,-0.04724276076273903,-0.36690681460923713,-1.0717611612612652,-0.21574988111905,-0.5057011072269677,-0.9555816418796153,-0.3629019840151957,-0.5896609376485685,-0.8179020181143983,-0.4426107693227902,-0.07227680040026324,-0.9915447604026891,-0.10777315176737882,-0.13694524276955256,-1.4413643598247325,-0.20958845614770985,-0.17936935351807964,-1.7631278290197356,-0.29804242238223577,-0.20275343404053706,-2.023088948132475,-0.35871635602947133,0.07945972648586115,-0.9411223433029504,-0.18658172586522992,0.11414970740122234,-1.2752316989302526,-0.2869157050073735,0.10203418586510948,-1.4232454176271236,-0.3340957594155598,0.08093517649030503,-1.5475223559987876,-0.3546477682732611,0.22849856897076046,-0.7870264340123388,-0.27125177451288995,0.359541082831827,-1.0477635484245698,-0.3364075826156732,0.4457261638393292,-1.2297259003608094,-0.3336410441905374,0.5138543525486787,-1.4058079096546843,-0.3229101039251209,0
0.0,0.0,0.0,-0.14753716442275783,-0.394508215092605,-0.007515975688567082,-0.23839776887267808,-0.7681368803891799,-0.04284964968080271,-0.3553077643785256,-0.9944647271381163,-0.10656748557609515,-0.4686772667094586,-1.173851046568373,-0.17450855866818726,0.07958083273707982,-0.9859544775671518,0.04709586369747828,-0.029246353603397113,-1.234579949362833,-0.10638530645954905,-0.19750224074739986,-1.219820818742015,-0.25537443469520854,-0.33150625634364944,-1.134662782750644,-0.3434514571207834,0.17930300900766613,-0.9836109973345671,-0.018969366971388436,0.18910506959175014,-1.33976934714278,-0.10503678142673417,0.10817508749314901,-1.5841106254084059,-0.19485935199613838,0.008897033691193216,-1.7760017993124757,-0.26692531490554416,0.2683532599940257,-0.911891711669287,-0.1074278355067516,0.35392425196500055,-1.2578976775696444,-0.18581372807280688,0.312340963336681,-1.4659955256601926,-0.22813849444607157,0.2264495159272521,-1.6480954273802262,-0.26352367243494706,0.34629685313127334,-0.7614023215519933,-0.20343288352478994,0.5321300407307779,-0.914675918022339,-0.26135615300499226,0.5646534707412584,-1.063504094317472,-0.276814956320571,0.5281199524760088,-1.2074431275391344,-0.29225617853977587,0
0.0,0.0,0.0,-0.21624823455191894,-0.5211154352214487,-0.05115620362104786,-0.45566000837141835,-1.0890178588833328,-0.15601313640767345,-0.504873723016277,-1.5352655731588727,-0.25825027156122404,-0.39988251323496826,-1.9298673569443516,-0.36188860893177055,-0.4384932916949616,-1.2075160248216719,-0.31120551949961484,-1.0074671102489081,-0.8880930416262528,-0.4824187425310053,-0.857485854442202,-0.7470846036730511,-0.5410147488599838,-0.6770588983843653,-0.8069854289947218,-0.5673074977391902,-0.3526807519356644,-0.8581363768745301,-0.3731196133932772,-0.9823428542830447,-0.48946704616962106,-0.5253756009753338,-0.7946601180154014,-0.439018162349456,-0.502116793566732,-0.6030300250475134,-0.49947405134990636,-0.4936433424116024,-0.2916515004538372,-0.46787415412496114,-0.4369510596353173,-0.875982741577449,-0.1873291119074537,-0.5803804672946254,-0.7088867681916664,-0.16450745526839633,-0.5070084447259997,-0.5251600805555016,-0.23461260785835805,-0.4552068981688522,-0.2492251166722984,-0.08807366180021622,-0.500007094117304,-0.7352248447298063,0.0609426371495341,-0.6100827024452369,-0.5896023637017374,0.06349593007192068,-0.5699728708274846,-0.39622153279536854,0.006340840079949774,-0.5300067991776356,0
0.0,0.0,0.0,-0.20950519803659443,-0.5258712978953687,-0.06747251356116254,-0.4210290855530186,-1.081504674264078,-0.1832622676260152,-0.4716809259963109,-1.5090435703873732,-0.28909588337402714,-0.39506004037575343,-1.9058582396480808,-0.3937247786662464,-0.40219654679223943,-1.1843568733902952,-0.36429901153029864,-0.9683935418002948,-0.9073142949702168,-0.5282863911363568,-0.8225415839716549,-0.7506104623098614,-0.5649176296094257,-0.6436303747666917,-0.7997744228627968,-0.5776777828379613,-0.3263191530502402,-0.84778087798005,-0.41807103856156996,-0.9456006915385415,-0.5370714698465696,-0.5727810494395202,-0.7572328869573645,-0.46656669359261677,-0.5390613105260421,-0.570099356559475,-0.5145889803971193,-0.5246995431633728,-0.2794152405299168,-0.47345526981255665,-0.47052444286828893,-0.8534442907046478,-0.23932612259272976,-0.6149245528306181,-0.6826384573047216,-0.19484117239967202,-0.5312135730276567,-0.5024592195644104,-0.24328135600534082,-0.47355314918796404,-0.25091103441519746,-0.10234289673451703,-0.5225664846787205,-0.7385659834905431,0.00594853245062584,-0.633110120730621,-0.6007229177880433,0.023158472623888728,-0.5876417016449685,-0.4177782128674627,-0.01353161193197502,-0.5453714700781059,0
0.0,0.0,0.0,-0.06242500187408137,-0.4697715596539469,0.018040300947251797,-0.29416101600998895,-0.7797163891754249,-0.008822718891672722,-0.5203552306547131,-0.8528484841893936,-0.0522655555458463,-0.693835017783047,-0.7769692292893701,-0.09955746421763707,-0.40207047811998947,-0.9930749754380446,-0.0792496196009645,-0.556843533592454,-1.4169991743132107,-0.17993959606438303,-0.6147973897575056,-1.715317025845145,-0.2379482899166689,-0.6382123880585975,-1.937072719734004,-0.25975873054780674,-0.535125032855926,-0.835367617794989,-0.12570657242351807,-0.9377799835411212,-1.0720753971340193,-0.22278450669859545,-1.1740680810358246,-1.235365925485463,-0.26865600647197835,-1.3451057168827967,-1.353189486129067,-0.28469361782391095,-0.621532290727401,-0.6021700057573033,-0.1630502478367717,-0.8558083310041646,-0.5643100664907661,-0.24066567085611143,-0.7467610215914501,-0.5097367107919282,-0.2311265510395201,-0.6299956200670854,-0.47801887015480465,-0.19510100182576304,-0.6749333693857171,-0.3590949461972289,-0.19986514738012912,-0.7829985982933806,-0.33687277171567326,-0.2276531735789778,-0.6822496886698838,-0.2852870287491933,-0.18537637097229354,-0.5868929202417765,-0.2726096660973345,-0.13375094009736246,0
0.0,0.0,0.0,-0.2894851133789415,-0.02405842891987671,0.02231555773604443,-0.5821252378271092,-0.17899254803482004,0.006862108159217756,-0.8067008604587672,-0.17303386642425106,-0.048961686175724044,-0.9885765169267503,-0.07647736083337124,-0.10287784600799618,-0.48724784437665974,-0.851335718697846,0.15978561111759876,-0.6298904192493731,-1.1741383938758607,0.08406802207646581,-0.7952654988222494,-1.1732251100371272,0.004241019204081161,-0.908386232388575,-1.0771344833297793,-0.04404564264012727,-0.40505162711140874,-0.9113383661357726,0.07345448783689662,-0.5909614856923425,-1.3031537594880558,-0.005756709333383294,-0.7871539327819768,-1.2583939503155424,-0.074842242732339,-0.9143415551030839,-1.0965485666673935,-0.10657557070812824,-0.32349729488323764,-0.9325538254304041,-0.036656876918194185,-0.5441965835167684,-1.3030692832521453,-0.11594754150184299,-0.765524993382351,-1.2460155786101592,-0.16290426813209785,-0.9065687337304693,-1.0878124139047505,-0.1753956771864521,-0.2642870110258821,-0.9075827844510053,-0.15181962772700297,-0.5067469077845937,-1.167414219853201,-0.20285014945751606,-0.6982311902668242,-1.1714479181317425,-0.22334050706517936,-0.8381557464477266,-1.0894841364738486,-0.2301305364437166,0
0.0,0.0,0.0,-0.13935801855352592,-0.5411537914930132,-0.06822501816351872,-0.3092112010802815,-0.9798333621172174,-0.16910190352683327,-0.3700312075964944,-1.3486491089120687,-0.27717007460089144,-0.3908572795497682,-1.733393995841632,-0.37641298301218545,-0.8615916048763678,-0.742332277887827,-0.14394893986491342,-0.6106061414128264,-1.1993828073344979,-0.3319212768347745,-0.40527793628147263,-1.4827712963200552,-0.44691466768091603,-0.23152577693180254,-1.6574875207326747,-0.5078794964497183,-0.8411427899874019,-0.5031637217930301,-0.19825507792638222,-0.5289715048820322,-1.0681627314622257,-0.3928430621199256,-0.21891872196823,-1.2121790356844477,-0.4488219026473456,-0.02291656863775632,-1.203630490860412,-0.45847293274979495,-0.7100963046707166,-0.26822345241379325,-0.26307300679248596,-0.39369923917921507,-0.8198730977254057,-0.461985989326249,-0.11532515258279205,-0.9543784266233132,-0.4455676245843129,0.04626923859595155,-0.9337925264117305,-0.3896112320508982,-0.5165406557743193,-0.05334689495839697,-0.33276326730896266,-0.27121393930454923,-0.5166401461555191,-0.4675293361954959,-0.09138077093794435,-0.6911813633915701,-0.44544666694671003,0.014200208712902054,-0.7261141470730039,-0.39386400996380155,0
0.0,0.0,0.0,-0.21951989025898372,-0.2855388488964246,0.0026209387769950358,-0.3526354232415197,-0.6257639286036335,-0.01176510003410163,-0.44333490707748185,-0.8990774398690787,-0.03025417982243331,-0.5181689213901506,-1.1219546145899941,-0.05583875636297721,-0.05414363742168434,-1.0194865810459701,-0.06661641794713437,-0.07631328501926757,-1.5018216255438692,-0.11824280181023353,-0.08835827586725048,-1.788061574985816,-0.1517374363001647,-0.09665675157525302,-2.012048590996709,-0.17745360872394192,0.125007304688243,-0.9853072742629501,-0.11637331764239031,0.19411467771824006,-1.488453832780563,-0.15625308242244512,0.2335729619716724,-1.7826090452828973,-0.19943874787635413,0.2611271937672781,-1.9980141557653632,-0.23572038564587164,0.28575394495192447,-0.8625938098200051,-0.1661937524512869,0.472189227576774,-1.313848833208224,-0.24344098483473142,0.5871184667187742,-1.5988248991940932,-0.3251983063688056,0.6766976262440036,-1.8272586573054257,-0.38357264345161174,0.42126911903738273,-0.6721083927132959,-0.20744226729435158,0.6793030451617547,-0.8967478797012066,-0.3019594877191763,0.8382733957974335,-1.0407350817271739,-0.359171544141976,0.9699009222227409,-1.1795790031625075,-0.3944075005911404,0
0.0,0.0,0.0,0.2088655134972061,-0.23110847767339712,-0.03495120356927154,0.35434542185206613,-0.5438434766747876,-0.08017164129704327,0.49806515589269246,-0.752218785684744,-0.1478979208340789,0.647983450932583,-0.8850002844250955,-0.21184816641713083,0.14334151370148907,-0.9532088110027226,0.019550663423663513,0.3001722847930528,-1.1913811817289808,-0.1329686313840376,0.42847364441570585,-1.095297751724173,-0.26281986482528535,0.5042066294608704,-0.945132034861065,-0.32446779879708476,0.036228353868029556,-0.998548602376271,-0.03985216516588265,0.0679160018178853,-1.4118590261291966,-0.11419260912701185,0.11070412677397014,-1.6731398219507754,-0.1824011840292137,0.1279938864610921,-1.8983264129241,-0.22734213657835664,-0.06971483579199682,-0.9417531805877505,-0.1244726717719643,-0.10294539076757345,-1.3381052868042393,-0.1954082588114627,-0.09146282745621984,-1.61031890557371,-0.23648582268349053,-0.08408308498215791,-1.8475106095944025,-0.25722173666849735,-0.17335416745437596,-0.8113172922777144,-0.21801971397905523,-0.2563991117032836,-1.106680959709641,-0.2648685368513566,-0.28892838044867775,-1.326164091061203,-0.26367040955897897,-0.3070881113485818,-1.527274863383533,-0.25641431356375916,0
0.0,0.0,0.0,0.22198727109720176,-0.21152066148700735,-0.04910337948729576,0.39462401334247565,-0.500106686544455,-0.10707329718280738,0.5608047845322292,-0.6699352619979414,-0.1850336997689738,0.720683142749917,-0.7764544522632397,-0.2591397544713444,0.1920185182943701,-0.931359101480976,-0.023042087153522104,0.3958578098880107,-1.1391871709299095,-0.19371144768236087,0.5307263283416522,-1.0013607932125017,-0.3323363074391908,0.5988405352973808,-0.8349507512731458,-0.3976449468936069,0.07676784478374687,-0.9938401794377516,-0.07992744048445592,0.12988934427884502,-1.4115298965658136,-0.17050668185635445,0.1859643042384438,-1.6737327234097066,-0.24545888891897663,0.2096018519285615,-1.905200873190759,-0.29405095813995147,-0.04317434808908996,-0.938085532042859,-0.1612885647801513,-0.0721401746593581,-1.3577779025093089,-0.2478574508533896,-0.051734811350845164,-1.6409351427882337,-0.2990797521034338,-0.036347278331887486,-1.8880759477588256,-0.3242399841484332,-0.16329769151350246,-0.7991869136802175,-0.2509568714753409,-0.24869531397167505,-1.1088287911497012,-0.3115538803905975,-0.282140051272985,-1.337607675016086,-0.31776045285745186,-0.2984513321377249,-1.5446810171485954,-0.31366620379249427,0
0.0,0.0,0.0,-0.12338677123929985,-0.36524472256928725,-0.013110640921717077,-0.21533367640821538,-0.8829355602862364,-0.0551296992965454,-0.31009405406329915,-1.2603464218376177,-0.09821281211814047,-0.4736971346526861,-1.4572650690156326,-0.1250615746958278,-0.2090639607014787,-1.1041573611028368,-0.1353566127675522,0.20820949056807445,-1.3990060833723494,-0.22262074523748104,0.2378860822803365,-1.1890240800848064,-0.2453832651118484,0.14303770531886198,-1.075528462200289,-0.26590385781719983,-0.13748278824855428,-0.9729381818475863,-0.1857142354223723,0.3237550851772638,-1.2325295592392367,-0.255228226659896,0.3381636406483611,-1.017644647977134,-0.24132656754931986,0.2667244884283479,-0.9182690042084153,-0.24718372778895262,-0.008536089302283925,-0.8072953023892485,-0.23568962087645828,0.4172928674866218,-1.0592238504995055,-0.3070888837311634,0.4187126000685496,-0.8767821852995143,-0.2632239696873746,0.34287003771630076,-0.7529289551033861,-0.2442133988878794,0.15010990580362712,-0.6216051788077995,-0.286476024849139,0.4588762977336772,-0.8924410512003784,-0.3723398996726063,0.6558489658382132,-1.029938871358921,-0.3846721725765516,0.8183268453320078,-1.1747631818128663,-0.3905275321186335,0
0.0,0.0,0.0,-0.05617834613399582,-0.44856619752959775,0.05851449091402498,0.08809052189172245,-0.7937324480345962,0.03971743968830514,0.27141941037889605,-0.9634405567911033,0.007298224666589301,0.44660372144381316,-1.0020563051369953,-0.016672820559686823,0.13253665614926552,-1.0249961038546709,-0.09452813006443003,0.18429682579080325,-1.4827705265844335,-0.1704504723561115,0.18460809051374444,-1.7705510803450861,-0.21056855291377527,0.17921608051365356,-1.9866180245134548,-0.23270792479793664,0.2837191661708785,-0.9470205884903417,-0.15051724061617794,0.5264402433366685,-1.369507190110237,-0.22696495353865315,0.6701562393963525,-1.650022934934267,-0.2797427668547756,0.7952048535830277,-1.8472883928688177,-0.3146619895138256,0.4061288862637218,-0.7822949092372624,-0.18667053534499764,0.6491975652236333,-0.8800188686224713,-0.22956265990510452,0.5622340410225942,-0.7748955845767612,-0.19362109717642187,0.45590806848132676,-0.6756185924814075,-0.1520231893949393,0.5142980396004829,-0.5873982169805991,-0.22043835277121282,0.762113985508825,-0.6976712181781898,-0.2556111636227692,0.9301264556909326,-0.7307272575124685,-0.23391561821084494,1.056634586049847,-0.7524225458224737,-0.19853412630192074,0
0.0,0.0,0.0,0.2204161590570724,-0.23142518361099357,-0.12374749920025228,0.3407009410734435,-0.5966928079115692,-0.16757716293791824,0.36625760980824484,-0.9163138718576195,-0.2021104288363511,0.390497854956939,-1.157684681303842,-0.2333721622693827,0.047615602958415715,-0.985865110844603,-0.08436659087327171,0.10912597394083524,-1.3482292490776857,-0.16330246658633696,0.13026435021186317,-1.5933389895042367,-0.23029388590349034,0.13303116685147903,-1.789897912091491,-0.278756762173015,-0.13190939755869774,-0.9874853442689728,-0.08644423456592933,-0.18313909046783824,-1.4210269976820922,-0.15905684302344716,-0.22210492004969992,-1.6927280059837322,-0.22004760018388675,-0.26570105327743204,-1.9045984044273292,-0.26067517508242827,-0.2809310160413248,-0.8968839277198263,-0.10559124534556504,-0.3830059789157189,-1.2868704615905315,-0.18982356763145092,-0.44035455367953386,-1.5218079080714613,-0.24529761447920997,-0.4871146548758676,-1.711289205696159,-0.277947288308562,-0.4058714299042171,-0.7130217621227499,-0.13598420221084342,-0.5694455139257163,-0.9580989744540489,-0.22507396231759763,-0.6727334019013248,-1.129691748233349,-0.2647021339891926,-0.7588818764939297,-1.288860718169586,-0.2831762760474794,0
0.0,0.0,0.0,0.12199115041088837,-0.2676816056456233,-0.12598236891242004,0.09240329691766308,-0.6217864427049584,-0.18320055385118614,-0.11460027718664571,-0.8368868206092507,-0.23116051064388524,-0.3090595926885758,-0.9186122756342064,-0.26600544664794473,-0.0009077943273933201,-0.9608867326192668,-0.09758699952550057,0.0028919319724703225,-1.3342143186634485,-0.17411628999011713,-0.002286867433107019,-1.5326336136849175,-0.22856309498814062,-0.020093278183917738,-1.7037528443985581,-0.26461058853425345,-0.16887344709691715,-0.9812845840957957,-0.09253282596757764,-0.20633385522570072,-1.4049597287232618,-0.1605341053887402,-0.2259878526036738,-1.6601830620873348,-0.20349854334294037,-0.2528926168577107,-1.8835224570021685,-0.23266902410698645,-0.3063550397889046,-0.9001985618027549,-0.10324050136076376,-0.43027041394597837,-1.2614841125640646,-0.18925289461064218,-0.37589980165069464,-1.167531218366917,-0.19416835267875315,-0.3151671233664343,-1.0403009596148627,-0.18013128332193906,-0.43126761824556487,-0.7268738412153817,-0.12847213706850658,-0.6304317549573295,-0.9078248768978102,-0.2023580559417446,-0.7420286339837846,-1.0502087433081797,-0.22378071490699225,-0.8240667605536194,-1.1917469678313255,-0.23036963071864366,0
0.0,0.0,0.0,-0.0857419660643498,-0.412293747204576,0.03778051341710943,0.04760134246783155,-0.8068267338988355,0.01662171411995557,0.2566288203072473,-1.0072951727381887,-0.016257789772169098,0.44945268512925085,-1.0696150782147515,-0.03273126069917419,0.039523392713503025,-1.0256190053739234,-0.10113078117831115,0.12267367169871082,-1.5146619084899888,-0.16625411066694523,0.1561097696930416,-1.7992093262667261,-0.2030276994009192,0.16792611239990501,-2.0186425667834587,-0.23672633702301632,0.18417717531552644,-0.9704761606120748,-0.15573949330995138,0.3617357488572086,-1.4534191157027792,-0.24135912760548,0.4563801066572747,-1.7725121682603093,-0.30253188236585365,0.5449743388250995,-2.0153954120826634,-0.35511671629576164,0.3059678834917244,-0.8293232578609938,-0.1940711192224215,0.6355254838782425,-1.1061815514381734,-0.23863743110037644,0.6132467022267559,-0.9516498862764121,-0.18121036800951928,0.5489773967654247,-0.8051762682727859,-0.1361010266454419,0.42238475889043725,-0.6464334246449421,-0.23554043555662288,0.7000912193981096,-0.791535213369226,-0.2920526052976304,0.8826615566328849,-0.8666199322957489,-0.2924022517350609,1.0238431929334373,-0.9364124059086522,-0.279070972173908,0
0.0,0.0,0.0,0.006526692230504248,-0.5101515624609537,0.07261638995633564,0.18451595906986404,-0.8251501971153213,0.08153293228132624,0.3898808055363659,-0.9712572365494129,0.08994322766314218,0.5617610341091854,-0.9874206109900077,0.10223488797194816,0.30479999880935155,-1.037178035606133,-0.11258983209891975,0.44573111772364155,-1.4871964837209692,-0.17488148877067575,0.5454977366746827,-1.7756427713898497,-0.20287200235126554,0.6252925868357333,-2.002934073611768,-0.23140103596435724,0.45238535516540357,-0.8791659714355862,-0.14971534691404811,0.7076630955587948,-1.020644251759117,-0.1922344109825951,0.6318982212502466,-0.843878060478124,-0.1434835652493075,0.5467084350646197,-0.7630974141339689,-0.11242267428839678,0.5590623585682702,-0.6503160516379928,-0.17318917513479815,0.7870728950288182,-0.7267009918966542,-0.21165077320693607,0.7108075001042587,-0.6283332948603291,-0.14093103840756385,0.6136136718347384,-0.5705029376064541,-0.09574621338701264,0.6278908865595053,-0.4200626816933312,-0.18823556672751443,0.931365622700406,-0.4605459845697101,-0.2797508972890282,1.1133486395334504,-0.447835538238852,-0.301196926459496,1.2578403075463844,-0.4591802696922447,-0.30177759678814436,0
0.0,0.0,0.0,-0.07138526377057879,-0.3481128817179733,0.09203026584484664,-0.026401748711158197,-0.6534794165045588,0.09744639616099286,0.12020204354866272,-0.8481500106393433,0.07169816875340283,0.26339835641708825,-0.8807522415569943,0.05102461313870261,0.004618879869663462,-1.0006497728010213,0.07729385661162477,0.28136046017163757,-1.0710155187376944,0.056382064166451154,0.3144646709801184,-0.9272737432170347,0.03517640155654586,0.25166678717507907,-0.8015051083597824,0.02738085539189561,0.14912246805113502,-0.9888150151099303,-0.002712086924617882,0.3887752474972849,-1.0125082000074945,-0.007978706290973926,0.4026514344026862,-0.864422935439399,-0.029424032613347494,0.33617453665338354,-0.759453953711642,-0.04584801471474049,0.3017653111035501,-0.9034760401223333,-0.07544367281324399,0.5128358209776599,-0.9828518929312866,-0.08283412162154061,0.5116008839588154,-0.8356716548895456,-0.06932105982176974,0.4506631847081654,-0.7435921870102475,-0.05765501391517946,0.45235608695721374,-0.7725652695357047,-0.14039022170231885,0.6524536488547938,-1.0365925967828924,-0.13027590035594358,0.7671688859781782,-1.1756733394205394,-0.09553323217034856,0.845748618626496,-1.3130804611559386,-0.06722240157553455,0
0.0,0.0,0.0,0.17070011678891578,-0.2635594788093935,-0.12094095386232742,0.23325614355410904,-0.6191596969080937,-0.1662523621642966,0.15145030146038158,-0.8832387388842493,-0.20682404615517366,0.0631355012827635,-1.0785037524787118,-0.2406544135944889,-0.023543917893636787,-1.0189202982334025,-0.05003063803649839,-0.013673833591465819,-1.3794175856249475,-0.10430303881768332,-0.02635577386456794,-1.6255724441322623,-0.14062879325776811,-0.04746159809408063,-1.8087214435536867,-0.16468298308689538,-0.2033706961855841,-0.978171133080626,-0.04268013988677842,-0.2941008436016037,-1.2938084914315586,-0.06978137580484092,-0.34478932671298357,-1.4431466070324215,-0.07038841327270554,-0.3926644622845322,-1.5607102032531686,-0.06455499995013231,-0.3432942774857553,-0.8672543407695922,-0.05844753414798542,-0.47206726258328124,-1.1579210955742336,-0.10626377605375634,-0.5249954606951119,-1.3452313236312707,-0.10891601084664511,-0.5699737208684413,-1.4897782713311747,-0.10494846864754163,-0.453702071909734,-0.6757637422760618,-0.09031068534881898,-0.6544674944170084,-0.8155558169182344,-0.16544099529433637,-0.7847239690827891,-0.9173638465530345,-0.18717486325371904,-0.8975422009975412,-1.0135819731410347,-0.18748557570015792,0
0.0,0.0,0.0,0.270339072863639,-0.16181958602366542,-0.03076850112159919,0.5216265294795125,-0.3814917930779633,-0.11405337690159001,0.744767554986793,-0.40048756542634684,-0.22908433670683595,0.9524244771155256,-0.3198970778788054,-0.35096254128945176,0.3858440233154849,-0.972087749934499,-0.08712454841290401,0.513423005369227,-1.4309692351785626,-0.2633113598274666,0.6745374930494507,-1.3269187807914034,-0.39401663265431497,0.7665063133236597,-1.141417234605327,-0.46868320903127886,0.249790729530442,-0.9537090250287978,-0.1674624943659605,0.3601355101608775,-1.4260806823430103,-0.3754825746250216,0.5489365461446302,-1.2083226493447754,-0.5007504278750476,0.6281477999594017,-0.9575174683847085,-0.5577352568256709,0.10403372886283901,-0.8890846400606631,-0.25855783795530357,0.17685210024557255,-1.3470377895912287,-0.4375338897267427,0.4033329779728557,-1.1402680113888257,-0.5042799973027298,0.531169201355189,-0.8979088055279476,-0.5154552738705037,-0.04152007741839629,-0.7747931886005979,-0.35241845671326744,0.05050666016730082,-1.0570987520915796,-0.49731792869078445,0.25071008045814797,-0.9935707874449853,-0.5515911492894594,0.39899484693765347,-0.8781820862985371,-0.5686670456984887,0
0.0,0.0,0.0,0.08980911877118197,-0.39930146202705546,0.09102716619603647,0.2618546658017714,-0.7124204284722389,0.060946645187678006,0.4827387384483988,-0.8257612319961191,-0.003056586878493996,0.6265403367102722,-0.871685370124445,-0.05219349089736784,0.11431518839234628,-1.03668622939292,-0.025589195721199918,0.09233725915858138,-1.469546242233904,-0.10452262203928307,0.03381106849939458,-1.726022096114452,-0.14312768323101188,-0.03469617694409888,-1.9394765921844912,-0.16865828625120924,0.13547851656448767,-0.9818932256211149,-0.13240568352169832,0.3344794930249971,-1.4431809262606308,-0.26086552041086863,0.4497288116327714,-1.7539851266756201,-0.3332631743275729,0.5462252655099606,-1.970778042376105,-0.3688184670646449,0.16782424160499432,-0.8112853624105162,-0.22229058846865227,0.5860645300420045,-0.9082951248542007,-0.29320210789209683,0.6379496907942299,-0.7859345624782157,-0.23976760604991346,0.6127269401723591,-0.6976840149666685,-0.17638684006297323,0.24402778157158286,-0.5865927797527253,-0.3098703125616151,0.5774338583424198,-0.6365265776768723,-0.3065605404143131,0.6862663876871479,-0.6090612971353195,-0.23456075620288158,0.721464266027848,-0.6081672980923981,-0.1690248999471256,0
0.0,0.0,0.0,0.12128547574303133,-0.38171489123961266,0.05109116216002031,0.25609123192289523,-0.7186447861540203,0.012733983760785427,0.43781221697306155,-0.9052823046446202,-0.057315459334127024,0.5793682897550279,-1.0002562810639204,-0.12087468821859895,0.035012487686674185,-1.0481000282001878,-0.061776562461303045,-0.001041054630059966,-1.491065291502643,-0.15812232063123513,-0.0473402557128186,-1.7600703509919928,-0.20631252122320945,-0.1066148374009572,-1.98481069277202,-0.23330502098668304,0.023193931164362754,-0.9874746370941875,-0.15606371344052286,0.1874822251439681,-1.4815679684704572,-0.29430555921249524,0.28377741578261706,-1.7961711461466892,-0.3738101688911863,0.36523907013779405,-2.0190440060306054,-0.4085629835808197,0.04695079284834824,-0.831270681942113,-0.24006276747580763,0.427465213304564,-1.016471216760356,-0.37318080461187547,0.5964748118940734,-0.9206116226779781,-0.3905389792004653,0.6926487616984762,-0.8333033000719458,-0.35996633086388397,0.11668839635713946,-0.631499112790238,-0.31802881542421907,0.42657574080470506,-0.7465557940427852,-0.3776135560362739,0.5969224703589822,-0.7418553801612434,-0.35843596066176386,0.7034460351729276,-0.7338122010425695,-0.32182788142162444,0
0.0,0.0,0.0,0.2546615826491537,-0.20046166857109846,-0.1275307339903734,0.4296839129335492,-0.47834382526210173,-0.20794553450044223,0.5210646074491729,-0.734757993818599,-0.2830191754242226,0.6208568988477353,-0.9501416730716489,-0.362400393095727,0.16647776611082604,-0.9627303003451027,-0.171182018219258,0.2485117888274565,-1.3548867438490724,-0.296270742045108,0.2856060385920762,-1.6089626588152175,-0.38865848823419336,0.30492163286700114,-1.8276708601141674,-0.45100531047440007,-0.04160018732037496,-0.980848962484264,-0.1902754246045791,-0.08999008770611329,-1.4402998799523898,-0.293038328729281,-0.12130331834945658,-1.716717584285764,-0.36813443761411674,-0.16089268686415895,-1.943560801442337,-0.4207941566807019,-0.21021358480439928,-0.8809137369112756,-0.2222031900844227,-0.3156034140543727,-1.2528871274700124,-0.3198678774153434,-0.3730463029472768,-1.493425069481215,-0.3772011589015115,-0.4154115618589731,-1.703704231850585,-0.41584625012165505,-0.3446958417720864,-0.68753263319629,-0.2652742714273795,-0.4981969517017065,-0.917448482062849,-0.35537022895880566,-0.5839378623698329,-1.0732893179633818,-0.38755918625560526,-0.6458364013593438,-1.2248194766225096,-0.40393109537964383,0
0.0,0.0,0.0,0.18376938800840478,-0.2058637123676425,-0.07693963475611008,0.28545595056692835,-0.49064590494008375,-0.12551692831873915,0.13530104410218893,-0.6563336295091664,-0.17501372232984747,-0.030405305728072148,-0.6720052707811298,-0.22958887788812096,0.23364090711432559,-0.9458708945750052,-0.09636724403157446,0.35048648311679875,-1.290952803358012,-0.19079547733704777,0.42289738369499846,-1.5078446194984862,-0.2620664063518894,0.4710449832778985,-1.6819702370997818,-0.3104093816759586,0.06490470375051421,-0.9890358036470838,-0.13264825115780937,0.06664421651545174,-1.419920175795535,-0.20884962249441083,0.05306185308753123,-1.6840588652254112,-0.2735769531181219,0.02634803081045016,-1.8791395259484,-0.31651795298205193,-0.07990237045518607,-0.9037020038303603,-0.17916561249139146,-0.18233784177132345,-1.2743856335398562,-0.2560835826303508,-0.25214380465820485,-1.5214759283802013,-0.31803277146242465,-0.3032337623616778,-1.735258192195106,-0.36004345577345565,-0.2137686197282277,-0.7134007800412637,-0.2328407185461809,-0.34781505757452974,-0.9352406350438555,-0.30482280497166936,-0.42766653342068195,-1.1029645771199033,-0.33670963111143815,-0.48626940170877675,-1.2712494427593457,-0.3565213863987061,0
0.0,0.0,0.0,0.146865000833468,-0.27587244995461035,-0.05077133152491874,0.16510416275001472,-0.6967898846750407,-0.06848868334141855,0.07887392584106372,-0.9406128461472824,-0.09513719764543153,-0.02997389515668495,-1.0847865106045498,-0.10973086443143944,0.07601617581353182,-0.9570686105238285,0.008777014491262055,0.14256696385375958,-1.2198394027473363,-0.10014257102199564,0.18904954468379667,-1.088635719808739,-0.18557202061261346,0.2143854274208643,-0.921245156387232,-0.22291396796612759,-0.07514397766356345,-0.9969750304931609,-0.019853745088997347,-0.05590696086861245,-1.3858113744402387,-0.08062675336082864,-0.05768872813169734,-1.62763060017701,-0.13251376486979788,-0.06341125091809087,-1.8322205714520734,-0.16466743431738382,-0.23090276610246246,-0.925631353726312,-0.07289200642598458,-0.29227955683551515,-1.3241655880160745,-0.15375451740021936,-0.29154091598672793,-1.5751680382137947,-0.22281481891331428,-0.2793683906917311,-1.7904366995052887,-0.2623478270902236,-0.37266938939646654,-0.7851423659106516,-0.1291736723355345,-0.5313609206010261,-1.000456047926206,-0.19716459057054322,-0.6322877276884273,-1.1636078913665573,-0.22919539357133828,-0.7090379670347902,-1.3357948548803504,-0.24806688347087286,0
0.0,0.0,0.0,0.19845292469244963,-0.273274277757262,-0.04245222393440248,0.20091210551711267,-0.7350398307985083,-0.06317604201592013,0.06277267840301701,-0.999616490514773,-0.08752634945689551,-0.10446431734490133,-1.1112154001090548,-0.09607753304610712,0.11098932539435413,-0.9850800607689427,0.03865302461142671,0.10323879910963053,-1.223265424097667,-0.05616719548826169,0.12528349511507722,-1.016255267942872,-0.12580367499364856,0.1523804514731861,-0.8188032705678308,-0.16300137321480873,-0.049525817406218337,-0.9987725145640578,0.0008109017417997744,-0.047147804042958714,-1.3493726032981086,-0.15943557827403462,0.020475182338513552,-1.0663466348208077,-0.2190330973992692,0.07781392006441211,-0.8210221239259915,-0.20125864845603658,-0.2193756323878845,-0.9546110657251833,-0.060497304416009964,-0.2868318665697391,-1.396719460877366,-0.1739043339587204,-0.3247042175488523,-1.6611557340149792,-0.24397202423030664,-0.36535475956232777,-1.9184194539306163,-0.26757822758846705,-0.3810827497279445,-0.8472648893807594,-0.1216416253308244,-0.553852384681728,-1.121537747777124,-0.16621420013039792,-0.6620058183633754,-1.2676300676698509,-0.1797092741230056,-0.7709027349482858,-1.431283823684589,-0.1895630453493507,0
0.0,0.0,0.0,0.23780764271815305,-0.27789388861663533,-0.03470086266750743,0.3180811971540543,-0.7076799268381521,-0.03809740902074647,0.24222973761326624,-1.0022422199488077,-0.05995065329070849,0.14571685164163822,-1.1781511723078957,-0.06585360497082353,0.16551465188519793,-1.0112111664894923,0.033758079411815904,0.20863954669793844,-1.2650083048735914,-0.11025646566463963,0.259888942811506,-1.028836039403691,-0.1883323811829313,0.3005332092139749,-0.794583158151433,-0.19805174199538753,-0.0013212287900580602,-0.999990795801006,-0.004081993110628319,0.01939516153213326,-1.3570039971351575,-0.1906233761088176,0.11924263103538488,-1.093256299018785,-0.26443575184306345,0.1897479253317371,-0.8347844897344464,-0.25108011053816953,-0.17564203093950323,-0.9488102254399524,-0.06352257082459692,-0.17727756937218855,-1.2523649980183815,-0.22975152159474613,-0.018333923231078936,-1.0014008372131602,-0.26401040627476247,0.09064770685577647,-0.7773125686190259,-0.22247305723004415,-0.3453977676025479,-0.8579586202775484,-0.12488559494560449,-0.41619657874978383,-1.2322037268803991,-0.19508492089369125,-0.4496961840142622,-1.4674607871447423,-0.21330720375747542,-0.48504941024807846,-1.6871880497435359,-0.2031532091238175,0
0.0,0.0,0.0,0.23430160388620347,-0.33353657867070635,-0.06165550560378404,0.32170062585796555,-0.7298346339066105,-0.09108607922495185,0.22668984612771367,-1.0048296201744904,-0.13615633408162378,0.12507462037489303,-1.20101447772186,-0.16355696160483435,0.08123508523424805,-1.0413754455797797,0.040333934503063336,0.17811551473905088,-1.261764843393784,-0.14212881532930813,0.2684775563962191,-1.0051697016450105,-0.25826658761739785,0.31100546276675894,-0.739114547159934,-0.2972273706622038,-0.07811543647720759,-0.9969320662506338,0.004943062331915317,0.020293922680976212,-1.3224158988898096,-0.1960955834927407,0.14763766881128398,-0.9911778239043659,-0.26540348866062435,0.21075455446257477,-0.6875352048057022,-0.2496451032252206,-0.23618498464970386,-0.9059374411257651,-0.05846892825452603,-0.10463572399662431,-1.1612508110222677,-0.26299393959379025,0.0400606392513146,-0.8185923851338318,-0.2549869169571519,0.08928990688038778,-0.5546486096939007,-0.17937497106565914,-0.39604020003642487,-0.752862141027388,-0.12661951362587812,-0.22234606373946247,-0.9363439178435214,-0.2627136318324371,-0.11034765573740488,-0.7048471079444683,-0.2375761427148086,-0.0897117356339624,-0.5121805768216923,-0.17273368288378468,0
0.0,0.0,0.0,0.19715984349009433,-0.34390971934631887,-0.04388396090705492,0.23609597215294414,-0.7077849851061215,-0.07262977634932169,0.14359816302497727,-0.9373004180196801,-0.11944068690094294,0.0552168056044919,-1.112789601980801,-0.14609807390687987,-0.010126924579723461,-1.0256634658907744,0.05412806509699086,0.12200379328513189,-1.2006155697364318,-0.12276722141682507,0.21427418618455452,-0.9471123020987745,-0.23987644347383683,0.2511821689676623,-0.6958797092133452,-0.2825878450086454,-0.15110493296132327,-0.9884186455244292,0.013995728434314658,0.004356510243939006,-1.2299059080896608,-0.1699526921277716,0.12775517150210527,-0.9113427082833455,-0.2274354497832601,0.17827877459330532,-0.6376291856514575,-0.21050772644439633,-0.28458692463399704,-0.9049509317793462,-0.053821518790561886,-0.079654677427506,-1.0768595816373765,-0.22875402796716635,0.042576386772286624,-0.7647983062591733,-0.21324640272445564,0.06171131902451772,-0.5320150547210083,-0.14290965115567353,-0.41418830903300846,-0.7598492059960621,-0.12793654487121975,-0.18193908601874187,-0.8849202847458062,-0.23055751858216017,-0.08456323511696644,-0.6861526884425383,-0.20020306482023947,-0.09496247791540682,-0.5311298025393513,-0.13981298504012918,0
0.0,0.0,0.0,-0.22556363245731248,-0.35532507568268407,0.023007493393519606,-0.2694097079276021,-0.7930639321882107,-0.02229603086072145,-0.17463485665765568,-1.1496761045994022,-0.06585424682929769,-0.06694384159996021,-1.3560935849042801,-0.10582220022356915,-0.3071606231912586,-0.9673006720259922,-0.22010494870142136,-0.39189755962242306,-1.5263106737630983,-0.295277512670781,-0.44824666270211916,-1.83794934982797,-0.3168121927083751,-0.49711958594601857,-2.0810579462404,-0.32817852481486204,-0.106471332408214,-0.9580919365165026,-0.26593927231095016,0.05540911272317515,-1.538405340934873,-0.33312671129400273,0.18725457845313734,-1.8350904114827489,-0.333460667075625,0.29587831643583634,-2.0377853057236317,-0.3314875248118967,0.08587806160662691,-0.8737459879009618,-0.28711625629063253,0.22085613638865678,-1.1569335693533487,-0.2907616345464618,0.16829087343860047,-1.0346136991470247,-0.19464351968442478,0.11373004300756304,-0.9073464384183456,-0.1298653640248769,0.25341658284911706,-0.7523840343822344,-0.3099103476033356,0.32262620195523034,-0.9510667527165717,-0.26355039835762273,0.27413346920012904,-0.8449556080570756,-0.15002439714160873,0.23045662106373896,-0.7341819561906973,-0.0660170070143176,0
0.0,0.0,0.0,-0.10799209363730025,-0.39144999564991767,0.08745244639312902,-0.012164990586751977,-0.790410793364617,0.057601530788671744,0.2007286994653797,-1.0008870407053811,0.015413179849934169,0.34896163371936917,-1.1607385922720237,-0.03029248573623881,-0.14350152129201338,-1.0218976142859524,-0.1271239317420623,-0.10263473445410033,-1.5383542232152876,-0.15960739431480217,-0.10295454586485583,-1.8129919613699732,-0.1587289835781754,-0.12500163997022226,-2.059332399088051,-0.17701416645126686,-0.0419486197353767,-0.9735835732229756,-0.22444451263659682,0.009412540242087963,-1.5343529196726828,-0.3464009677570179,0.0034803494043930427,-1.8682943307372653,-0.42855167774160347,-0.02423728421600196,-2.136581153049504,-0.49045773829856953,0.10051486140958751,-0.8514838591682331,-0.2921444784061314,0.43281811968421685,-1.3637095634471124,-0.4301077709298337,0.5798183639951507,-1.6520009694076874,-0.5180071428280584,0.6472862765391054,-1.859340716415925,-0.5768115162168654,0.2667115266246154,-0.704356795472818,-0.33519979758494867,0.49148396568981156,-0.9374088273159085,-0.4338815110398824,0.49964530422683906,-0.8841485539632129,-0.4608975281581712,0.4793430127641704,-0.8354430029485811,-0.48298340716788746,0
0.0,0.0,0.0,-0.12473911983527919,-0.3802889251310608,0.1848780209371814,-0.13212553819883716,-0.7511368562527616,0.2468668073395648,-0.06595304038168687,-1.01253093197275,0.27353521003278547,0.015010131835905233,-1.1706867706417432,0.29251679172757444,-0.1513040099696545,-0.9943108297415293,0.06079693557356958,-0.021338586983797113,-1.406970537406744,0.0405660790829347,0.07484133678572437,-1.360284751760837,0.04964634584485959,0.1317959466439764,-1.294655086775125,0.059721518971574045,-0.011680973350639442,-0.998034849449962,-0.061562928333318466,0.02864311421072314,-1.5714846958130615,-0.0934035679527824,0.03980882204324611,-1.8927541652645172,-0.11444605124854434,0.02398315718823966,-2.151320699494584,-0.1261907909029765,0.14927740703884126,-0.9058975910987394,-0.16689834621150382,0.22229659846755448,-1.4802298617559118,-0.22865461786641578,0.25914233973038076,-1.798292333757606,-0.29291422792020444,0.2540791431836228,-2.0624426002742124,-0.3333035851498725,0.32722887394894745,-0.7499584887421464,-0.2460035794832805,0.4704602556675553,-1.060581029360305,-0.312871206024583,0.5287655287446835,-1.2651161700153346,-0.3519872641867312,0.5611460409188335,-1.4563317037837475,-0.3749570861260919,0
0.0,0.0,0.0,0.21580808051058123,-0.26613344565360625,-0.15598369951400612,0.33035417534805467,-0.6111128584764227,-0.228001290558435,0.3555350842307251,-0.9156875283432067,-0.28517872310047115,0.41499458572236164,-1.1719267242857723,-0.33774870827724496,-0.04857048198769907,-0.9971693365755331,-0.13656807759913012,-0.033143638455010935,-1.390160017684869,-0.22449991948596032,-0.052127132700043224,-1.6374335094919008,-0.2913261472448054,-0.0821333842048392,-1.8419442073598087,-0.34081424488186707,-0.24091702183665445,-0.9625409863299456,-0.12439388338794129,-0.35097909249631903,-1.3729330475492223,-0.20387523675970481,-0.43049749919679503,-1.6198314641427194,-0.2606143734028002,-0.5060922675306834,-1.8167440758724447,-0.2995640003468239,-0.38622619963323485,-0.8368293712295565,-0.13025370103064662,-0.5492771382960387,-1.1732137011122137,-0.21760580263918167,-0.6332619289181872,-1.383767563936193,-0.2712711979073587,-0.7006026397287224,-1.5714682112104985,-0.3047092117994921,-0.48771252716843794,-0.633780997850418,-0.1503845151905808,-0.6808762035333807,-0.8028133312700646,-0.2407483535527963,-0.8062583971063823,-0.9229060852496932,-0.2814944882100232,-0.9151172968076297,-1.0502000489071823,-0.30213294322927586,0
0.0,0.0,0.0,-0.29371865022545895,0.05401400618724491,-0.07675617908973692,-0.6161664929363508,-0.12037439804688,-0.10604592908403528,-0.8276165706245168,-0.2901434980118781,-0.13311090087159166,-1.0033830571220104,-0.3953336760716598,-0.1640995366996268,-0.6448800384063321,-0.6928643463381147,-0.07270126457614581,-0.8831906987427094,-0.9776535119891329,-0.1527221369831458,-1.0472366801859032,-1.1487809764337997,-0.2198293399004183,-1.1881340471710433,-1.2943854872341622,-0.27211416006292655,-0.5120322976023353,-0.8520209534812458,-0.10901018778528108,-0.701611536821961,-1.2760665212732865,-0.17758864744462452,-0.8421562099018864,-1.538787797830272,-0.2454488629805378,-0.964563956688514,-1.744736613866136,-0.2963810908855408,-0.3495100555988748,-0.9079907093885159,-0.15893713470107237,-0.4796352157141776,-1.365558163220169,-0.2443109560437855,-0.5864818148162674,-1.6439806473317162,-0.31691754424362134,-0.6943505583830645,-1.8746027713516757,-0.3712893964021444,-0.16705275264018382,-0.8724335664365395,-0.21470828164188047,-0.15901896429175455,-1.226547152077581,-0.30342577795839926,-0.18098839167879432,-1.4744597370183228,-0.350438826028572,-0.21592372478092822,-1.693131484789493,-0.3841182635205229,0
0.0,0.0,0.0,-0.2632657348818663,0.05909414020544094,-0.10105683940238508,-0.5460080950299302,-0.07531675620275284,-0.15450122877170774,-0.5550460914014281,-0.33779893216835544,-0.20558750045710159,-0.4228477727768082,-0.5640230032349721,-0.2607022974205555,-0.7276766250185513,-0.5925571479700922,-0.08487144305246383,-0.9943630940258364,-0.8197650394185783,-0.1576611259313833,-1.1508096985196852,-0.978738268085246,-0.21768223897197542,-1.2696638003942646,-1.1273825804783235,-0.26887510916477886,-0.6117755413464301,-0.7832091773404679,-0.1109687863317881,-0.8403919703759707,-1.156643511441491,-0.16678284405195917,-0.9715280169082123,-1.3915841065269228,-0.22936814526187158,-1.065813318749711,-1.5943093151634824,-0.2797359998997854,-0.4491596380664443,-0.8600844276762722,-0.15357313305902104,-0.5885847366254269,-1.272970749596044,-0.23300107329817793,-0.6796253715391388,-1.5178100341701042,-0.3189633223811478,-0.7553412133898572,-1.7231253469895136,-0.38401589994318064,-0.25712637949668704,-0.8411166006791494,-0.20566464962966946,-0.23856841777187457,-1.1619393013348873,-0.29871044438851996,-0.2431418530605648,-1.3815741473603347,-0.35774257181057745,-0.2559104378705928,-1.5788300141515472,-0.4002823530794948,0
0.0,0.0,0.0,-0.27338760662516226,0.09892930664477953,-0.10188834427674587,-0.5694440846668731,-0.02680755781680966,-0.1518710618060324,-0.6563534640437565,-0.22661927271111487,-0.1987612976438034,-0.6480308086165204,-0.39749332531590553,-0.24962355128626051,-0.7594700175463988,-0.5688253030358816,-0.09409733480939227,-1.0351447003234642,-0.7828601331594788,-0.17309313508890595,-1.2005143036579415,-0.9284827478113108,-0.23529196413480014,-1.3340599325041953,-1.0647858822424852,-0.2851516567797811,-0.6359937637873196,-0.7625642899047883,-0.11835386003694723,-0.8508709964491645,-1.1377879107656326,-0.1852511258078218,-0.9844248805732104,-1.3867817785202285,-0.24972038387374687,-1.0856768339050864,-1.591913777149392,-0.29729489725970004,-0.4730964947504956,-0.8359032066025484,-0.15940650669011372,-0.6002089555748013,-1.22122752404572,-0.2520381441647969,-0.6963158070226175,-1.4732499861397992,-0.33794009132330105,-0.7815485151996532,-1.683799389419024,-0.397293839034018,-0.2935669047816083,-0.8105466352588817,-0.20861130086376153,-0.27339513349609057,-1.1449999885275144,-0.31337839397000444,-0.2710858409348349,-1.3820148411997437,-0.3749915383717915,-0.2771233626284721,-1.5960871842768385,-0.41466002988158945,0
0.0,0.0,0.0,-0.25031455271544584,0.07047892644929367,-0.08516561224304316,-0.548881438894483,-0.17559854971069563,-0.13391155059354917,-0.5973906888607209,-0.5475171431335856,-0.1844526065914955,-0.5100711043452953,-0.8812439203749999,-0.23576330104990367,-0.6997369965304001,-0.5232120801220778,-0.06936139393544362,-0.8880630007277862,-0.5328981567682655,-0.20383460059010913,-0.8415691556161935,-0.325692528389289,-0.3182412757318502,-0.761234850047798,-0.1797188075598416,-0.38167379798712237,-0.6418435926613375,-0.759249073125913,-0.10759947730834508,-0.9494110215566554,-1.0144446161354643,-0.1644251998219208,-1.1725436389896053,-1.1580241178271222,-0.23097810773838848,-1.364782505506818,-1.3104426194588223,-0.28807790626566776,-0.4904438686603965,-0.8940335935204862,-0.17066292017266516,-0.7025474175807698,-1.361538246869607,-0.2763082099767903,-0.8867177514950921,-1.6366021405025655,-0.396584302047991,-1.0574512535612148,-1.887121831381025,-0.486934577185316,-0.2922363845460011,-0.9246093379579337,-0.2365093606138771,-0.2459355442535299,-1.3073205407728976,-0.3518184708432716,-0.24005397634450382,-1.5756174145634902,-0.4226988205101136,-0.25415659016743675,-1.8189475348442705,-0.47542941601036626,0
0.0,0.0,0.0,-0.2912298137656778,0.047177201089154575,-0.07130701207762687,-0.5996959161413316,-0.22906075330344544,-0.11171719394510427,-0.7886796471997256,-0.4904689597985502,-0.1595817117886983,-0.9461128120558868,-0.6705919316775114,-0.19436938110689916,-0.5790530771884079,-0.7166854437884961,-0.10491973998542405,-0.8513913806594361,-1.055412539052528,-0.2036049022494758,-1.0336810400710763,-1.2275321198541789,-0.25257256175788606,-1.1739646335290725,-1.3869056513669715,-0.2859113079812936,-0.4785330536334082,-0.8668677793577427,-0.13980833198225895,-0.7204561235702098,-1.230999289394555,-0.28753401071153883,-0.9232693167261673,-1.5005656799517468,-0.3748088949737978,-1.083655285495324,-1.7475374038666125,-0.42269412552721897,-0.32658834262731345,-0.9292787642707592,-0.1843266856623483,-0.46936174189129637,-1.1177644237001703,-0.37449823884756933,-0.4897168122623512,-0.9136600002135719,-0.41828224929161534,-0.48784010266725564,-0.74312066108702,-0.40443939297502973,-0.14770951418531855,-0.9266082055503454,-0.2329043248447082,-0.08913258994608746,-1.2712119108466096,-0.40664526205046553,-0.04978976422205161,-1.531330682112592,-0.47867350334817793,-0.027687369649956925,-1.782826338023228,-0.5049327316555353,0
0.0,0.0,0.0,-0.27695280472531264,0.03320788081747471,-0.07517816678748437,-0.5846701023571026,-0.25585887239186195,-0.10522660511251176,-0.7457070456075748,-0.532457293609972,-0.1349553719780779,-0.8860443539792496,-0.6521575207647561,-0.15857369790604106,-0.5734418509102825,-0.779868804336423,-0.09168456339759509,-0.8251217984367443,-1.1455339560697195,-0.17885726259901374,-0.9875487939817168,-1.3364931425027557,-0.22666098695589515,-1.1145384857296337,-1.527526006156824,-0.2686313533255399,-0.4216635039489838,-0.8986456452183778,-0.12097889802569234,-0.534838651320669,-1.218198802356051,-0.31553173017419306,-0.49462698508148806,-0.9451915894853026,-0.37785402205090773,-0.42466385500867204,-0.6983611211414141,-0.3718586854129918,-0.26024809795743714,-0.936563371835049,-0.15894301642718756,-0.3512515055490979,-1.3622228508181666,-0.3283301374242978,-0.32039802416961577,-1.2323611869694115,-0.34482719351637764,-0.26071188494027553,-1.108495383220178,-0.3193003265732582,-0.09120533290614143,-0.8981797643891157,-0.20091302291697805,-0.03408206169934836,-1.253825991850651,-0.33839097134088225,-0.016314989602273726,-1.4790465255830605,-0.38945344049266994,0.001186687460603338,-1.7178251075048052,-0.40513448537383356,0
0.0,0.0,0.0,-0.2696121687389075,0.001529379499970761,-0.07570496846001085,-0.50975393316856,-0.23536726686002907,-0.11717805781877129,-0.6852929153724489,-0.4080290054931493,-0.15803826014929193,-0.8640771367370037,-0.4633247324245545,-0.2046271193945415,-0.5974729898633991,-0.7593353475523078,-0.07863214693745407,-0.8164458655024038,-1.0523477491868485,-0.15356190379117793,-0.9429787091048935,-1.2454414167027135,-0.21569809234556198,-1.040515461897843,-1.4291043949994793,-0.26764288279792886,-0.45715696165408676,-0.8811243296115788,-0.1209439050872337,-0.5888848519159386,-1.291980446995925,-0.19214548154586875,-0.6767861505860318,-1.561765049337996,-0.26655917877298907,-0.7416605399549817,-1.7844000804970017,-0.3249125143397079,-0.29652658393609677,-0.8730187393527472,-0.17578821985684537,-0.3207330407993313,-1.3101357437346517,-0.2777043351061292,-0.3524946081742192,-1.5917201809741217,-0.369421090519261,-0.38550147553150577,-1.8397579271183107,-0.4368006410473769,-0.1336643777490677,-0.7573867509637465,-0.23440147728395122,-0.037652524088591315,-1.0853729012871671,-0.35352462554557434,0.010271908489589842,-1.3166315500605765,-0.42254586748864315,0.04357750737707661,-1.53563276099673,-0.46960628541305005,0
0.0,0.0,0.0,-0.2323629380490771,-0.11246233516197644,-0.09587941059795006,-0.402278405391358,-0.396888828989258,-0.15755577397084397,-0.3116374510770097,-0.5797550983027565,-0.21673677920862364,-0.10933009204368786,-0.6366879892540394,-0.28506614066099495,-0.38289970370882903,-0.8834018804719697,-0.12970362054274057,-0.4695530510493083,-1.2536739726978592,-0.21657215831513513,-0.5287874810157457,-1.485007110393639,-0.2854430257715343,-0.5686211632536886,-1.6871767384593823,-0.3446181075549539,-0.25524491553070655,-0.9535110339882618,-0.16020843035982296,-0.3193936818774508,-1.3836682554548088,-0.23953125434286449,-0.3668104084516521,-1.6608772829348581,-0.3116090970359963,-0.3978207858086569,-1.8996583477057982,-0.3688719400205831,-0.12912994138780604,-0.9061058986341041,-0.20301979191054498,-0.06593767797349401,-1.3348421728905842,-0.30841134079657817,-0.026341615746447847,-1.6131862308196219,-0.40833578279154203,0.007699411094344611,-1.850727716882356,-0.4819234103052236,-0.01178179333798306,-0.7562675608016932,-0.2522866533448153,0.1600716805398456,-1.000457407035394,-0.3791596875966056,0.26312012679571445,-1.1841596078649876,-0.45872608345475685,0.3492781199384425,-1.3581916629139774,-0.5139728496276192,0
0.0,0.0,0.0,-0.25691878786314676,-0.11457574852303251,-0.06223545177178688,-0.44843897614536155,-0.4523683768294992,-0.07260777302769696,-0.5478376244625381,-0.7347347937075487,-0.07869071741229029,-0.6290861021782109,-0.9601660298556782,-0.08784229166694238,-0.3731162891597249,-0.9314225490517685,-0.05582586055486404,-0.4397778184460821,-1.3402739135562491,-0.11340140162737693,-0.4471284812365098,-1.6143723212076742,-0.15687277955297385,-0.4410544783133208,-1.8394753819703036,-0.1936942845989428,-0.2110175084209847,-0.9723950681749041,-0.09959639817244006,-0.21445801727196043,-1.438172173923057,-0.14874752723199577,-0.19828143484048552,-1.7441297057935903,-0.20240689975734227,-0.1831325305026403,-1.9897464864414154,-0.24509509147741396,-0.06756391965343478,-0.8955911173928544,-0.15627993078036315,-0.021277214954637504,-1.3341902259653524,-0.2570404701701461,-0.026148480221067718,-1.6165896197499012,-0.3532882302371106,-0.03948782278626878,-1.859530980295688,-0.42418336910529614,0.06809645378664787,-0.7250240141738826,-0.2134714487277203,0.06722373037634694,-0.9174063830635767,-0.34035616472625313,-0.034920214759242334,-0.816118979361865,-0.3929752323127302,-0.14390668410741167,-0.6842743649987629,-0.4278944663461281,0
0.0,0.0,0.0,-0.21776735441178988,-0.09030728244954588,-0.13000632159103837,-0.3940661918248739,-0.3020396121324215,-0.22823305139930217,-0.37979555845864976,-0.47142477650357234,-0.3154771435449291,-0.22740136366083827,-0.6009511523454776,-0.4074492011163393,-0.33523417142311124,-0.9218490657008226,-0.19385452283182117,-0.3975875457033961,-1.3321115038039755,-0.31123114958946835,-0.42259766730522635,-1.5926605686204771,-0.3963244737357972,-0.4274537786568692,-1.8150569123040585,-0.4614583304860681,-0.175069802150087,-0.9599337726004382,-0.21880977262503473,-0.16279028983493601,-1.4335904883316155,-0.3226786094609462,-0.14467868814679666,-1.7439389686482734,-0.4063407789260268,-0.11784622803001046,-2.0058587504768397,-0.4682154891976344,-0.03385325411914161,-0.8739510763887958,-0.25694014289379685,0.05323002545301094,-1.3229067943342911,-0.38081198322883236,0.09966224101388162,-1.6172087529359587,-0.47769484911671495,0.1367319214462955,-1.8744991958051591,-0.5463038718449995,0.08852912113154346,-0.6824710191646345,-0.30239707980847086,0.26642707982431796,-0.9267146186169853,-0.4395399715770833,0.3711932441178704,-1.116268246991417,-0.5129045121979853,0.45284063033931476,-1.2990293107873305,-0.5595368656141825,0
0.0,0.0,0.0,-0.28239041822125077,-0.0005484396721437254,-0.05118065037922756,-0.5673775229452693,-0.239150869469422,-0.06288575132737606,-0.7542184015718352,-0.4411030632187759,-0.0751620472016053,-0.9230547144472898,-0.5475225212532755,-0.09091972569299368,-0.6144957237567769,-0.7403426586855577,-0.03814430238692023,-0.8404732038099316,-1.0277603593899625,-0.0939198346893873,-0.9712560349043834,-1.2147719556942251,-0.13750215062585303,-1.0655011428854266,-1.371969572627627,-0.17210015196587483,-0.4783836882948284,-0.8749509904371816,-0.0748986722608041,-0.6376775283534419,-1.2749339855731638,-0.12188449685593128,-0.7355472210371644,-1.52974680164793,-0.17248635200476545,-0.803254314727169,-1.7272498637940894,-0.21056905792460337,-0.3121297542708368,-0.9067422263347455,-0.12358969491516372,-0.40180548549410294,-1.328683508788152,-0.195326599478792,-0.4744893282605254,-1.5946254857676516,-0.2679365447483157,-0.536595128673751,-1.8171649894213155,-0.3231476706486189,-0.1281406645256217,-0.8473514701865705,-0.17520765206203565,-0.07263245698897051,-1.1662630511758894,-0.2615871135173515,-0.058695952247364465,-1.3971052544399263,-0.31497742335915496,-0.05476226139287889,-1.605443896662769,-0.35197621814631347,0
0.0,0.0,0.0,-0.27405657227199876,-0.08961826855778368,-0.06897152997426208,-0.4995545063363501,-0.36700008426801634,-0.11616906306800981,-0.6499504222361117,-0.5848642814963755,-0.16253150675065522,-0.7937965732739933,-0.7300470951428579,-0.214176040772187,-0.447749974272888,-0.8876001780651565,-0.09556480599953943,-0.5322459438941785,-1.2859220930361281,-0.18800731305678695,-0.5847042834544447,-1.5386919590269514,-0.2592864554968249,-0.6212834963115823,-1.7475227022318311,-0.3109400521380751,-0.315821374803987,-0.9386852502987421,-0.13829989186007147,-0.3373708084971885,-1.413656500291469,-0.2213083962902516,-0.3512926455006563,-1.7215875509936958,-0.29132119260432326,-0.353320664962027,-1.9727917977683147,-0.342070623189062,-0.17919485496885018,-0.8930797862820054,-0.19218293723190136,-0.17061163897775536,-1.3668193465512057,-0.28390215424784393,-0.1682135576245686,-1.656525498520051,-0.3527614739033518,-0.16916173790257785,-1.9043735649656712,-0.4032646196792661,-0.034379977778940425,-0.7586667891730904,-0.25090987904327877,0.0557835829985006,-1.0998194554466278,-0.34383922147100754,0.10783620058675716,-1.3309192102543212,-0.3888001177302616,0.148358568139267,-1.541754120813952,-0.4192654865899453,0
0.0,0.0,0.0,-0.2650824361935791,-0.12877669051864943,-0.07003419174665715,-0.5006341409727092,-0.4119840852711647,-0.11697005677448157,-0.6844124441510193,-0.5980420917100748,-0.16581077280458545,-0.8609074601489575,-0.6711449836520497,-0.21863965667761986,-0.3544046778121374,-0.9222266656190075,-0.06625952528470133,-0.4454408025571729,-1.2620975190376647,-0.15318678232567776,-0.49559904833807705,-1.4696957422834753,-0.2314422920216885,-0.5420455675084702,-1.649378676377615,-0.290936283572756,-0.2034865269184856,-0.9736264502463507,-0.10317348856824883,-0.2516152295385876,-1.3606433163052936,-0.18366602153836756,-0.31064422884308435,-1.5825218620113926,-0.2557325512691905,-0.3780131075662593,-1.7621223960421257,-0.30790496777728327,-0.04273918468377172,-0.9365899610284272,-0.15235744669329926,-0.05740200384626995,-1.30822599114988,-0.23646583146087188,-0.10911296090309454,-1.5163658778484206,-0.28819741240378693,-0.1779083250808415,-1.6887631377383352,-0.3242545057348114,0.12451709419339047,-0.8197270020412158,-0.20881991795101587,0.20991755110237093,-1.132263376952122,-0.2828496435146459,0.23095945280971253,-1.3441753342241785,-0.3137595495708998,0.22216164673506864,-1.5375743938207036,-0.33450433841925475,0
0.0,0.0,0.0,-0.2769032195169749,-0.1602977735213605,-0.06300629215422712,-0.5206957399590548,-0.5851295187193176,-0.09724073149246497,-0.6554929788009252,-0.9380690778418672,-0.15324702475220833,-0.8274107431538449,-1.1390443722677257,-0.19905398725945833,-0.2899073836563895,-0.9528787561566896,-0.005881326490423354,-0.3636320422859339,-1.0840783296372012,-0.16210991130918614,-0.3499181291065276,-0.7638730980865119,-0.25051645740438305,-0.3312461982391116,-0.4864827685538781,-0.2704038974127341,-0.09653981342786115,-0.9949459117647338,-0.027616970977217315,-0.17219989773031005,-1.1318048855798477,-0.2110778308723686,-0.18648900045587852,-0.7360843548124711,-0.2763099320527365,-0.19557188248927515,-0.4226364965300589,-0.27276618344883613,0.10755184633911327,-0.9898087138181014,-0.07180025037809117,0.03455645833415756,-1.1654825240074145,-0.260508545620395,-0.0075927344091574756,-0.7938189764585234,-0.2791439316166455,-0.03120502057851923,-0.4916571504711715,-0.22686212139319956,0.3092953383588462,-0.9651692204592298,-0.11707766085317041,0.34756136256607073,-1.3743775393844306,-0.2134792181776186,0.34635869351500437,-1.6379427524254,-0.23327554293286182,0.3129481986766552,-1.8845686914318474,-0.22057522702870402,0
0.0,0.0,0.0,0.04077218439034397,-0.47667314249776105,-0.017858418427329454,0.009076264817270939,-0.918586273181314,-0.057795874789631406,0.019843147584662595,-1.2893425455838101,-0.10131204217987297,0.1233033211082655,-1.5336816217499818,-0.14275661502091605,-0.4866786137892603,-0.9563101447277175,-0.010653507990842335,-0.4789827128589619,-1.0311820509454404,0.003994585165532989,-0.37173281706830774,-0.8906865209811885,-0.02542541203083293,-0.31094902335987257,-0.7779693974301861,-0.05013968626829351,-0.6375123158562814,-0.77010770170683,-0.02263128152325822,-0.567956510777889,-0.7897443836577785,0.032223478349783,-0.46871788161639244,-0.6745752306807631,0.0032204451697892453,-0.4161947134617941,-0.5873160531752948,-0.041998395878318426,-0.716690219547856,-0.5441040628356376,-0.02618642589647475,-0.6974993611289098,-0.6004120638666072,-0.00032136205991585803,-0.5847891271738654,-0.49982974124823804,-0.02059896010182623,-0.5076818804352651,-0.4130079419635976,-0.04484336146413523,-0.7641188648589394,-0.32989363428457225,-0.027134851357008664,-0.9761466249614528,-0.5368170927622108,0.0028535364207246364,-1.1064046598219373,-0.666548184654411,0.030083373297228325,-1.2087959458693858,-0.7734458220710752,0.0467797777973081,0
0.0,0.0,0.0,0.0821581845702598,-0.46699067652658605,-0.08995273834178873,0.0752585632287872,-0.8983287998991312,-0.1730489180670077,0.07456124339730297,-1.286907546525351,-0.25003476008191716,0.17908540380149227,-1.5536557605579941,-0.3308842239064981,-0.4296733850137874,-0.9625828587076439,-0.10047636680526363,-0.5876410107328054,-1.4030454761583309,-0.1389516575238372,-0.6918960218215069,-1.6426655040919609,-0.1745035615318473,-0.7767409526451369,-1.8090104615918052,-0.20413336472542928,-0.5941283636783324,-0.7983704467101435,-0.09806180343412602,-0.8164701448140086,-1.2366518629180323,-0.11598353723365341,-0.9684939378101337,-1.4730513555237492,-0.14280218085216143,-1.0829076741429715,-1.6385110158924032,-0.16912502544225513,-0.6926581368585716,-0.5942952172663288,-0.10088282766389582,-0.9459758237828817,-0.9684198861466132,-0.11373418828608524,-1.094256210250018,-1.1706770523129706,-0.1580013292919354,-1.1964997218248226,-1.315979470119238,-0.19972184664329584,-0.7333046677438104,-0.36939628028844335,-0.11039000359092935,-0.9739078976522275,-0.5262474347728454,-0.1316243848587208,-1.121675974774143,-0.6097492298148657,-0.15449580186475192,-1.2339333124245606,-0.6755092431267029,-0.17225183913352546,0
0.0,0.0,0.0,0.03938844874989619,-0.45506861797885434,0.008998231942691486,-0.11665344015441342,-0.7840223956379404,-0.011485272523560824,-0.3417703764001922,-0.8412641382665224,-0.016152979594435502,-0.5008233227802974,-0.8128626952856965,-0.017886845775005045,-0.4056795280675849,-0.9759907730299296,-0.11039141653148452,-0.5541581073207766,-1.4262069306398835,-0.18375860991792828,-0.6781351157286037,-1.7195253343656447,-0.21582047888453812,-0.7830853965003124,-1.9396068745651616,-0.23554873059456666,-0.5991914621433148,-0.7912656564280838,-0.121935444608983,-0.7469014517333248,-1.1466890101795009,-0.22155267503628268,-0.6428536851297222,-1.0816083143420463,-0.21018174349565483,-0.5334286252649051,-0.9718232880830409,-0.1660442892854241,-0.7018305413617867,-0.5652414820457714,-0.1307874085599647,-0.9468075132743248,-0.9190766376118064,-0.215954949598312,-1.0871365383945248,-1.1558027262685793,-0.2555982416824796,-1.2163316423275543,-1.3371055639430012,-0.27114626849326584,-0.7453810424948799,-0.3340497586004329,-0.123460924732287,-0.9840430134133115,-0.4422973693346538,-0.18021787748218038,-1.1170668937569657,-0.5000960678408579,-0.19677168145842155,-1.2646897261294852,-0.5545520862876441,-0.20324242578662785,0
0.0,0.0,0.0,-0.29704912073315226,-0.10160306108907997,-0.0727919301745447,-0.544238608174361,-0.28560499772219583,-0.1809105217809169,-0.7802844135549428,-0.33894641441553885,-0.2974139815482036,-1.0135584280690217,-0.32753489370968747,-0.4329796908214753,-0.4930932066015234,-0.8570027538872289,-0.2165536313895118,-0.6812215955742106,-1.169135557151603,-0.3893361510452148,-0.8387847285783546,-1.3741935854489409,-0.5244944207445597,-0.9792418842426448,-1.5410212464826036,-0.6260222228629138,-0.38633826738675836,-0.8719962446400945,-0.3006082042895204,-0.5390222393575558,-1.243506650502842,-0.4843243650602787,-0.7194617197321144,-1.4587758635428942,-0.6145515063658589,-0.8937208025454848,-1.6401813954325908,-0.7080839501167485,-0.25160007957855673,-0.7861600866512624,-0.3930907705254676,-0.28464382465417226,-1.1884929973279437,-0.5902815889319766,-0.37606045019565426,-1.4132034333722623,-0.7167790086855637,-0.4805851061735991,-1.6256844354067443,-0.8068258019733168,-0.09449480668406297,-0.5944035608637479,-0.48564452044400264,0.0942078112099267,-0.9074439932644038,-0.6814203809609757,0.1743238114775204,-1.144384696224164,-0.7866736508634121,0.21954059095487127,-1.3844984125789461,-0.8609860838627651,0
0.0,0.0,0.0,-0.24117350775866736,-0.03802703257241402,-0.11415815922501271,-0.4443415260158079,-0.16924587734391852,-0.22988453580504115,-0.6070537646218623,-0.23374185079416296,-0.34640376178875276,-0.7738039240363075,-0.1973101762864426,-0.46297170848101177,-0.5468974320543313,-0.7883281687626631,-0.24276882889537732,-0.7800623032108304,-1.1847103698719863,-0.3834712203219245,-0.9092946192663769,-1.4413585932779824,-0.471191326679582,-1.014957879116507,-1.6445262602894022,-0.5397754198058413,-0.3679317660375345,-0.8841561971796198,-0.2879132413234482,-0.4584782296300151,-1.378818590165971,-0.45071809171793425,-0.5410755342290802,-1.6848848619576837,-0.5524971885740322,-0.6044063085409255,-1.9286961079990073,-0.623871021568702,-0.17610008634313104,-0.8421284758452389,-0.34001278735455975,-0.16916509082809303,-1.3103598624916253,-0.5168578073309371,-0.20423580524892113,-1.2478833177732043,-0.5612172148430931,-0.24499412454767872,-1.1577335276816176,-0.5705224164833073,0.02090591114894247,-0.7148723852978354,-0.39936640636774356,0.14563607663486855,-1.0411756793038367,-0.5858422327676837,0.21483710359955313,-1.2740220876733135,-0.6628354704294591,0.26361155274252657,-1.4963175429121656,-0.6958799068269044,0
0.0,0.0,0.0,-0.25041934408230127,-0.008839460073867832,-0.13946352771932446,-0.4484718493485011,-0.15335254729358505,-0.26542897132476984,-0.45504426520817737,-0.2886847221372506,-0.3938501991764597,-0.30100362011931486,-0.36715729888074083,-0.5132154487604459,-0.5155199470523109,-0.8026730024462044,-0.21210861397183947,-0.7002237878560286,-1.1619152292346588,-0.3416738585039171,-0.7984333030274063,-1.3969737637606763,-0.42234569750110434,-0.875055372744099,-1.603968511004126,-0.4941314458977315,-0.3328413425111412,-0.9109337222365927,-0.2437547833532034,-0.41297033077125167,-1.329656377470004,-0.4218337354307812,-0.4914323047499721,-1.609831948113416,-0.5403078929603089,-0.5439194524887699,-1.8739246392814115,-0.6248831722650164,-0.14165856328408682,-0.874916563078794,-0.28509509843080066,-0.16707079384233553,-1.203430246500137,-0.48390848730859476,-0.23027712038065415,-0.9012603222561216,-0.5099560723169646,-0.28203592309463893,-0.6613976533745193,-0.4939869561798712,0.04456298756242307,-0.7435623724704707,-0.3385203474209201,0.13375885438156945,-1.0093165601545169,-0.5349533885599786,0.19375665447071178,-1.201310991843863,-0.6093617524607624,0.23446910735798704,-1.4266123861860218,-0.6361293517501972,0
0.0,0.0,0.0,-0.24213201245900706,-0.07400716553092788,-0.07531195933950663,-0.4351576954612118,-0.29655139539326564,-0.18298856045184644,-0.5244973191601355,-0.4455556029503717,-0.30238936166222674,-0.48098689840394854,-0.559609088647336,-0.42514847012036283,-0.403309038191306,-0.932609173640631,-0.10035746383134012,-0.5025525654182158,-1.4034379258160081,-0.2160190316898607,-0.566369235052193,-1.6760066551452544,-0.2857503330884101,-0.5781831704442445,-1.9162087821531038,-0.3446680717145108,-0.2529365681261356,-0.9527699074036168,-0.16808508574729764,-0.39331544316398614,-1.201345693517878,-0.4131985084602789,-0.4651466555496209,-0.9135537007496426,-0.4890728162678631,-0.4764080772914803,-0.7153146993486676,-0.4765575821082349,-0.0768174991767165,-0.9263480529866241,-0.2529726447284008,-0.11131322353503015,-1.334883022443794,-0.43028456390463526,-0.16354100402593477,-1.6068561441602773,-0.48260066366164794,-0.21272698140271828,-1.8951938770019325,-0.49553136332762965,0.0931960078128526,-0.8223622045182526,-0.3416197869881329,0.20943268737510834,-1.1222613818384704,-0.4570424694796132,0.2879587628998089,-1.3282418807756835,-0.4813524569625876,0.341028569055031,-1.5710830166512975,-0.49004102899602187,0
0.0,0.0,0.0,-0.25442266182778783,-0.07500190567417891,-0.06801419586192674,-0.45299808299006117,-0.29605833874018916,-0.16907084424497307,-0.533896039523847,-0.4338656235497619,-0.28106955957980123,-0.4986428099100101,-0.5492568595545356,-0.39667461276612453,-0.40647836218478084,-0.9358671437895887,-0.10619609485495167,-0.4958115999435695,-1.4152454419963671,-0.20952479809467098,-0.562218887628259,-1.696309588813328,-0.2697274454354573,-0.5893972040441103,-1.9536036196141726,-0.3250805826761864,-0.24680024614258642,-0.9529682661834618,-0.1759008872952198,-0.3701434379162649,-1.190790139593924,-0.4159164169134094,-0.4512362837468643,-0.8982405168847358,-0.49153671223211437,-0.4697748623481459,-0.6787176854125623,-0.4823885200536301,-0.07066048082951885,-0.9188907505456764,-0.2606992282892388,-0.10479280169986273,-1.3166472851817752,-0.43528221199362144,-0.17137218253937506,-1.5822927357526304,-0.4941782890070188,-0.22765880998316076,-1.8563294107559363,-0.5140796753092932,0.10274776334529649,-0.8127325426208636,-0.3474233117652294,0.22818725526433953,-1.120939453321348,-0.4606583044015278,0.30538302384701477,-1.3332041349212738,-0.4907933572081762,0.3569164785135997,-1.5746521303997263,-0.5061609688355719,0
0.0,0.0,0.0,-0.27328231916942813,-0.10764091292490457,-0.07094027439785747,-0.5143773617681002,-0.2849199540159418,-0.15664156338373428,-0.7442011491362172,-0.3072509097955794,-0.24649628238450572,-0.9515739027602403,-0.28058225573694,-0.3501895435876882,-0.4284490503806738,-0.8777999396648017,-0.16310704082915742,-0.6179828986906553,-1.2353323152066211,-0.30567979775600856,-0.7837762933823154,-1.4366813151963966,-0.4165680454947768,-0.9303695052061886,-1.5926086977651612,-0.4946744770956667,-0.3323219123546944,-0.9157322849877314,-0.22582411031611968,-0.4349441336628061,-1.3411919140761306,-0.363609053877718,-0.5616467143232705,-1.625200646531092,-0.47341101560191273,-0.677392062540148,-1.8621423625284705,-0.5497005588685678,-0.2219660082885651,-0.858750090626531,-0.2971290293609173,-0.2473634432668017,-1.275067248240066,-0.43892018628930457,-0.3316617199241319,-1.58808166395559,-0.5505908022418603,-0.42121411664825137,-1.8783385871063165,-0.6315099951572978,-0.10371025058053535,-0.707711866752272,-0.37015472118424747,0.045885619476576364,-1.0093737145998924,-0.5002407880513441,0.10269242437000832,-1.255590744229663,-0.5700005306125805,0.13479295170266326,-1.4973339241876629,-0.6199194578194811,0
0.0,0.0,0.0,-0.17796658291436768,-0.3217332542010059,0.02270510183366597,-0.34770295344205954,-0.6539343207241939,0.006740745586868041,-0.49166105216188627,-0.8859677145580481,-0.023006503485480476,-0.6317147315889274,-1.0406662929683068,-0.05751294704490723,-0.33923812572568274,-1.010181707681066,-0.030849834026238924,-0.6570298423877112,-1.168230032724041,-0.08821796204280033,-0.8507738976903158,-1.1984377485774256,-0.13973247770721225,-1.0080384207736182,-1.2796482691788282,-0.18474437709321398,-0.3556878118869286,-0.929746234735989,-0.09517415336812696,-0.5959175681345167,-1.2697243909046094,-0.17536164608039315,-0.7796633919464748,-1.5136610693614734,-0.2568463514626254,-0.9282385102515369,-1.7124516887335424,-0.32231380408794513,-0.3887536326970589,-0.7390590654381307,-0.15577212689018755,-0.670898759922246,-0.9701327541770588,-0.2630977411207334,-0.9071292002287665,-0.8804363955312463,-0.3242429899165354,-1.066461373038598,-0.7944724049364387,-0.3559982039725782,-0.45280571873823844,-0.48865213973948235,-0.20915413243035116,-0.6086612658788436,-0.6603137566592581,-0.33093340788749803,-0.7034265996106888,-0.8023382048557878,-0.39506766765609486,-0.7801658889585955,-0.9428706863138905,-0.43259701593277594,0
0.0,0.0,0.0,0.0899669298885775,-0.5050223465856409,-0.138922711337269,-0.07172992214638499,-0.9757876930174015,-0.18098285503805173,-0.356703604438416,-1.2890564369846977,-0.18649613818608848,-0.5092580017555929,-1.5815171018847587,-0.17823301472348763,-0.44634251186146556,-0.9711378444008981,-0.24658821050428642,-0.8187442041253591,-1.501246880546593,-0.305872169540098,-1.0029256944958107,-1.774076962896548,-0.3072202182141551,-1.1628421134817688,-1.9730894944087938,-0.28762042031210333,-0.6498196634313076,-0.7403766432549002,-0.1719791590298906,-0.9972895656327576,-1.2564025815472626,-0.20783367414956738,-1.188222070746122,-1.5555340779208853,-0.1972817479002166,-1.3298309311262702,-1.7279476321728773,-0.17470335631837958,-0.7430807459131848,-0.5372992365230091,-0.09292094490574801,-0.8051194265502502,-0.962365846800927,-0.12159928521186497,-0.6536061100581892,-0.995919421000953,-0.09803670420127741,-0.5183970721146072,-0.9073905832548964,-0.05488898541966144,-0.7714841070691325,-0.36801881748738896,-0.024393110217961565,-0.7326370052478269,-0.7143886729205148,-0.017893542755636434,-0.6149728736777021,-0.7355630437409229,0.014904532330905943,-0.5129849617686865,-0.6600947068286799,0.05893043729920365,0
0.0,0.0,0.0,0.0669947629911899,-0.4142608192410439,-0.28575714541715846,-0.05189987420181592,-0.8185659869930796,-0.4175032386018255,-0.20120701753188308,-1.1615323399208026,-0.49202684488122767,-0.24819910794061226,-1.373427904654795,-0.5416969190180893,-0.6157429150250333,-0.822704763478736,-0.31102220431923744,-1.027173336585704,-1.0119745966676712,-0.40637708067816614,-1.2885051892372292,-1.0548104606928128,-0.4734615773458692,-1.5104161471246742,-1.0792504969033045,-0.5114040779796866,-0.7469145248512541,-0.6399958495521539,-0.18034412971383854,-0.9963694195436629,-1.0482897731395784,-0.25014938659557473,-1.1107640431278718,-1.3476347742755723,-0.2855731035249177,-1.1817051490080905,-1.5783970717086575,-0.30248832567710154,-0.7947722029052677,-0.5086143562313745,-0.06287235977319643,-0.8957912373656909,-0.954323526939438,-0.11915461603445374,-0.8579958490658193,-1.206238978419961,-0.13697342328761627,-0.8044161798284536,-1.3770727520851274,-0.1346679615558521,-0.8009219589476225,-0.4315037419937823,0.028740676048692525,-0.8093534103242986,-0.8102724382819966,-0.007980835383694429,-0.755272298881111,-1.0100914618492867,-0.010377037152729841,-0.6894921214938248,-1.146093300366679,0.004951279050019681,0
0.0,0.0,0.0,-0.2703712428842925,-0.11737760175548484,-0.06782963601782269,-0.4747846901929809,-0.39128799164361255,-0.1297792654674813,-0.5970003267546726,-0.6297341191822193,-0.19082138426435583,-0.753658984925374,-0.7991152557378564,-0.2580246423827036,-0.4973642079639247,-0.8641882961563863,-0.16178192800403354,-0.6987725713017435,-1.265696024986435,-0.26966062285754827,-0.8090784505776487,-1.5182489485775377,-0.33955754402178073,-0.8922943426766508,-1.7392822959315184,-0.38990802356809734,-0.35094184217542845,-0.9118414793600372,-0.2130374143877442,-0.47010209730124347,-1.4475478998508913,-0.31771100438410776,-0.5261231105249605,-1.8031171088069817,-0.3935569277286134,-0.5562789683075786,-2.0913615179689184,-0.4458779178857964,-0.17686357954092854,-0.8460908132948527,-0.27090937116433805,-0.22700421250271172,-1.389372436417519,-0.3932019072422527,-0.26111549831864683,-1.7389390599642833,-0.49260805414368686,-0.2944369370082125,-2.0341821465435532,-0.5601255766366745,0.02007323805731872,-0.6964639429330214,-0.32809891582069084,0.11718525818327093,-1.0693797112906636,-0.4542552260713791,0.15211065522929718,-1.3350375256514047,-0.5279595263235619,0.15939569962076644,-1.5800099388380058,-0.5764280213249363,0
0.0,0.0,0.0,-0.17809247657619434,-0.2703993351641865,-0.005266741055035784,-0.2978154956871719,-0.6140739974690899,-0.034056053107301074,-0.43316353273927494,-0.8210434238286303,-0.08904226685220563,-0.5972558331084981,-0.9345497827817302,-0.14469485026714626,-0.04305252800632319,-0.9753930708076299,0.06556788436358026,-0.14548441637943169,-1.2616239855812024,-0.05015102270355375,-0.29358933887799266,-1.2559995651714861,-0.16341063229119562,-0.42871915518665293,-1.1822851139248147,-0.22677646777117097,0.04297741467241004,-0.9990624379134151,0.005214113402977794,0.02004205341478162,-1.3730290283825508,-0.07891352267145577,-0.10179652036454097,-1.542806417623497,-0.1570841782096225,-0.23884822688034418,-1.6291417661653937,-0.20493923920860366,0.13715715408071977,-0.9346527540828914,-0.07520235134015292,0.1703956297585392,-1.309213235142692,-0.14987439441656034,0.06970888826703368,-1.519164495774334,-0.20982913788188068,-0.06404814932223847,-1.6646893577951036,-0.2468576513121705,0.2241348867118241,-0.7942830604901939,-0.16089655392471963,0.3853553401907472,-1.0286925845890222,-0.2128994340972016,0.3882273934363603,-1.2294086195449803,-0.24930425149131255,0.32321102498576887,-1.401862437194865,-0.2761456608789095,0
0.0,0.0,0.0,-0.20863876022518674,-0.3024404664113827,0.06208736212236812,-0.2956051565254814,-0.6985639576740882,0.06192102720506125,-0.397485840574858,-0.9335009019952231,0.023489105415123036,-0.526848711764083,-1.1224930373097395,-0.01645400206558699,0.00768661607302551,-1.004378735480804,0.13238982622662174,-0.11277212851857166,-1.354215857611026,0.0563608593594613,-0.2699799323484052,-1.4301613192425098,-0.02741192274183381,-0.39768883105472325,-1.4325554827829872,-0.07891178564992112,0.05607984912112905,-0.9977219880404498,0.03749513439319811,-0.06511043943624471,-1.4197100117456316,-0.009636139207376555,-0.20090047777869177,-1.6446969637166484,-0.07011638947606309,-0.3103441244884389,-1.8071056689946607,-0.1195269663848173,0.08597241309856869,-0.9215380828527452,-0.07181923153868705,0.0004939651187350814,-1.3493832141846265,-0.11615845124320262,-0.10343716057230545,-1.575159861813735,-0.1406259244066219,-0.18330602392804426,-1.7388080196117766,-0.1634318994150575,0.0784976507744974,-0.8220960948665854,-0.18252500236226135,0.035914182525520914,-1.1669310905712447,-0.21699728233112445,-0.019938464258719486,-1.3922001539120423,-0.22414668431536364,-0.07413195030497663,-1.5916386246456553,-0.23424846014862932,0
0.0,0.0,0.0,-0.024709860616432253,-0.6302773030308733,-0.06498047336224938,-0.3308131454715629,-1.0046017750758693,-0.13490769574823697,-0.700008396990103,-1.065936342960081,-0.17391969721778022,-0.9677962195541664,-0.978375842408689,-0.2202183915425331,-0.42974594791253157,-1.0060873143045264,-0.3476622074597431,-0.8838744093585008,-1.4245164478599348,-0.4627589464628801,-1.1767105958454478,-1.6516746257278152,-0.5024277981119918,-1.4056313102270117,-1.8173640674451796,-0.517380183486046,-0.6330049996659429,-0.6898885279759117,-0.35122427217541413,-1.1902592420634899,-1.0637353375060807,-0.47790550150241906,-1.5190500284487671,-1.28962243986201,-0.5105264456811056,-1.761871397256903,-1.4538118099017414,-0.5181028792377738,-0.7834393333536905,-0.41125773696679097,-0.33512995191553707,-1.2752827293254665,-0.7744940972355184,-0.42198089463624494,-1.5420211329225666,-1.0432486946375201,-0.44144487145527483,-1.7373078886771278,-1.2370965911510443,-0.4436294728570221,-0.853387092915835,-0.22127782055950326,-0.3132142115014634,-1.1508247812012709,-0.6007746701006415,-0.3454332380508948,-1.2356274926727442,-0.8284814112192617,-0.3195694055706997,-1.2773140427489997,-0.9818348588498031,-0.29227519111137007,0
0.0,0.0,0.0,-0.002857080403866702,-0.6829936148036752,-0.4331082322592107,-0.46654803881420576,-1.0861544917615802,-0.6184432418586093,-0.9718697766140454,-1.2060870372824983,-0.6731334344766181,-1.3209083918762996,-1.2423487989718154,-0.7065603195939061,-0.44708474068518883,-0.21219443221960263,-0.894573045731969,-1.0673335120759297,-0.8045120947775266,-1.1187293473405173,-1.4195166396242342,-1.2233100905722818,-1.1801099198706764,-1.6966725509583547,-1.5492316125930192,-1.2015970457438019,-0.6992490681980253,0.14837406142483517,-0.6993110027165973,-1.3037872701014495,-0.5933695808021073,-0.8777988471186976,-1.5874304478142862,-1.0948748827634136,-0.8720232276034311,-1.7873248940664554,-1.480387741953835,-0.8645856934343016,-0.890314071717311,0.28031054182202014,-0.4957828572250468,-1.3083966731664496,-0.511138204870723,-0.6187661342907942,-1.3630784339495836,-0.9119535327405113,-0.5834708014087339,-1.3727529339110502,-1.1748319117678478,-0.5608100109645356,-1.016384243530796,0.27729044594390345,-0.3224930282275125,-1.2658162817959155,-0.39964086695875495,-0.4300842015248191,-1.260304859773399,-0.7146092481027588,-0.44506448042490704,-1.2402584534192487,-0.923943976680978,-0.44560332151694654,0
0.0,0.0,0.0,-0.027784378655439673,-0.4298219960815923,0.04662648800527194,-0.14292050067058684,-0.8881287638333898,0.05383121185426358,-0.24253336659484057,-1.2141242164190684,0.04149507284248772,-0.3470871868778036,-1.4579720579850548,0.019193596433042744,-0.13924838961690975,-1.0101825049378066,-0.006796589576262825,-0.29048552673706807,-1.4765827030824499,-0.10526438795164006,-0.3962618511912582,-1.8319943085544335,-0.18221170243270812,-0.47891388667512,-2.1326836418086357,-0.2357975051830803,-0.15845153890608876,-0.983059254840244,-0.09212823286721819,-0.3171821738165462,-1.5188616798050767,-0.18809225126525006,-0.43616833500982854,-1.915192509096274,-0.26270656943698645,-0.5309106396106953,-2.2755339263108234,-0.3180762409177532,-0.2227444340569486,-0.9074260063255625,-0.17758603547247004,-0.3645832166269532,-1.4303631313171523,-0.2601697229448059,-0.4797639091066763,-1.80713407073564,-0.3133457581973194,-0.5656324464507718,-2.1276684033422995,-0.35164149284048635,-0.335577395001824,-0.784346790802052,-0.25987829047256306,-0.4385058082631469,-1.1813681085603311,-0.3355890730245801,-0.5013162048660864,-1.482604314340204,-0.37411937742427115,-0.5470819361071697,-1.749711217471784,-0.40205506573226935,0
0.0,0.0,0.0,0.21750095452860332,-0.34029497764996186,-0.04244981959241097,0.3088484298019156,-0.7172775504483256,-0.0825649287084733,0.27319589462718463,-1.07617245020679,-0.1134704382321123,0.252064300317775,-1.3771164015975286,-0.14497978774995796,-0.025173609124959313,-1.0134060965482898,-0.10071224311866739,-0.12349084028220485,-1.5364213731523946,-0.15109400187440358,-0.18141855260970488,-1.818976639163952,-0.1749619534748584,-0.22314005104077284,-2.0225496999448014,-0.1843390654439198,-0.22220466839875005,-0.9693909633056678,-0.10443297181978098,-0.33988993122148986,-1.5300766139413389,-0.14252026609440896,-0.41752642646346944,-1.8428450693476215,-0.16440635509349114,-0.46537946703193506,-2.052245623398603,-0.17832543630894354,-0.3817926971709058,-0.8590469689645538,-0.10698878771873496,-0.5136005876012416,-1.3779740227185702,-0.13821616920867666,-0.5920007036197154,-1.658166209843809,-0.16434785242119124,-0.6374176566072909,-1.8479657117122648,-0.18428300519630278,-0.5125907440121333,-0.7011327272263521,-0.10832158421209666,-0.6513661459361535,-1.057298448441994,-0.14094165110873536,-0.7330850550181653,-1.278463700109531,-0.1539190290831549,-0.7896303549752179,-1.4608777058061588,-0.1566668723713569,0
0.0,0.0,0.0,-0.2611962626153142,-0.15472674398418765,-0.05697635022535166,-0.42834736127837475,-0.5106067637528834,-0.08100733085709644,-0.5119242540738624,-0.8021153797303977,-0.10345650862864189,-0.6108806744333827,-0.997679845451745,-0.12780090120892812,-0.28546829006930696,-0.9578987581171516,-0.060589015770749266,-0.37501027479138255,-1.3360518429264239,-0.12374789435983884,-0.4179900378534309,-1.5721842180401349,-0.17231863661956273,-0.44703494492706847,-1.7591890270669905,-0.2093890894980918,-0.11196260688731631,-0.9890201006924204,-0.09645524913321532,-0.11357700274290079,-1.4430204584177586,-0.1523870473294814,-0.1111523861656195,-1.7080917189077949,-0.20403665911936802,-0.11005410438037097,-1.9051908682899155,-0.23958209847873468,0.05118015510324137,-0.9206109159770012,-0.14278952274457962,0.08700989102819541,-1.3550960043005014,-0.2178424446069468,0.10835238336755001,-1.623787340379326,-0.2787232211594109,0.12203780288118717,-1.8507015375487155,-0.32194116918558946,0.20238120184165465,-0.7679983364405846,-0.19226424831470018,0.3237927266079914,-1.0468270037213139,-0.27157526519591746,0.39429614772247884,-1.2481222388639968,-0.31163987940320614,0.44806471005048515,-1.4373524959364354,-0.33763484340501554,0
0.0,0.0,0.0,-0.2869487123670142,0.028103012556682728,-0.06022406487420114,-0.6025113343277735,-0.15128210367567863,-0.0793653703541007,-0.8096145361144006,-0.3109684469041321,-0.09887918403989829,-0.9868233000240676,-0.38561621777913685,-0.12138175096147776,-0.653413697982487,-0.7029145753896847,-0.04567467553866981,-0.8974207180221211,-0.971502737534632,-0.10853889848537655,-1.0468925175792267,-1.1405988530062023,-0.1611236958140126,-1.1661095670913115,-1.2840948724715298,-0.20440374465686398,-0.5158245704865444,-0.8525431413692159,-0.08423303738249718,-0.7171242403322137,-1.2230127711895238,-0.14157064875535566,-0.8316748852850478,-1.4604685140825497,-0.19849952579166324,-0.9169053642430003,-1.6503270752643604,-0.24233914444358412,-0.3423555907088683,-0.9059448574354577,-0.13655512565181183,-0.4648318781862981,-1.323942168258211,-0.2191100918480631,-0.5446281590979737,-1.591571242898004,-0.29057606124453733,-0.6203723482055576,-1.8157775221470653,-0.34362130772998156,-0.14556299727518185,-0.874814554391015,-0.19277000542278483,-0.13673551622669367,-1.2136491099935713,-0.280691200422482,-0.14969561634279974,-1.4482112176080097,-0.32984930790782224,-0.17386348540341715,-1.6593385549841426,-0.3652603923882178,0
0.0,0.0,0.0,-0.2912692610031119,0.03827697474731842,-0.06151117680452127,-0.6084822049936781,-0.1779480427869275,-0.07424582670708842,-0.8105628426875149,-0.38257247921915016,-0.08650728861127259,-0.9903622323823412,-0.47782978526179626,-0.10153227438501014,-0.6619734379183352,-0.6864320174967351,-0.04223733310264408,-0.9071472362418516,-0.9467894325567707,-0.10233810793378459,-1.0507368860589439,-1.1107397047329028,-0.15012932693868794,-1.1639723306068492,-1.2605284870670002,-0.19081626778095956,-0.526051585006133,-0.846694357427099,-0.07986485468369094,-0.7407937357328442,-1.2057601546746168,-0.13788773584113015,-0.8637477730340544,-1.4436327909973532,-0.19596541373580076,-0.9584612494171952,-1.6412383245405773,-0.2403473880336654,-0.35382879478923257,-0.9004193152105607,-0.13136084335017809,-0.48097064477585555,-1.3122349119789687,-0.2167223618841243,-0.5729174450791761,-1.5817861012457206,-0.29100487479043197,-0.6637909003132113,-1.8118366710737484,-0.34579112795249145,-0.16019792580659759,-0.8704539990306047,-0.18642257592566266,-0.15964604438162114,-1.2049071148550186,-0.2775750611780353,-0.18211438409775094,-1.4416419919847034,-0.32976196401146435,-0.2192558362535377,-1.6575156394202109,-0.36766195957264414,0
0.0,0.0,0.0,-0.2572764375154631,-0.17958952257077956,-0.05035829841226188,-0.45289234346633095,-0.46769154358763626,-0.10145756629246072,-0.6276222969514735,-0.6212469458385992,-0.16466686868157251,-0.7810514904489751,-0.7234836980564899,-0.23412435569082113,-0.2695654029947793,-0.9658181258830716,-0.041928283957242296,-0.30381149911211525,-1.3110873914441599,-0.13916622244033577,-0.3432425828379256,-1.5368018503705798,-0.22273202040077744,-0.3717076582707868,-1.7251356389452983,-0.2822234055249281,-0.18000581990934683,-0.9788838179150978,-0.09687298809640066,-0.19143824722963224,-1.3752928490956253,-0.19875154582512544,-0.22163076506969254,-1.6595895591386003,-0.2851938870966985,-0.2398737827959861,-1.894172896590294,-0.3430101330196589,-0.08596965703314037,-0.9174605928599617,-0.16545496838818344,-0.08197311745051472,-1.2707941295391394,-0.27265165278665887,-0.12124362022440821,-1.489440791856249,-0.3434901466239387,-0.15547130646455307,-1.6876293983329862,-0.3890792544586125,0.005366958070884602,-0.7854968905055465,-0.23943738771970205,0.12206855298733595,-1.0548050872970238,-0.32875298672461273,0.18816341739909326,-1.2602188788707351,-0.3706960609477515,0.2441458320436296,-1.4614482011328045,-0.3993521521584061,0
0.0,0.0,0.0,-0.3038121592017989,-0.19377719800492332,0.07271507183777969,-0.4882384533345046,-0.45589052553828435,0.05329406050074608,-0.6593007190078712,-0.5934830075991077,-0.017585387585038425,-0.8039493777774243,-0.7414890713326949,-0.08542965451683075,-0.2281093870197935,-1.0007092838189031,0.11459685491706043,-0.28320227343143756,-1.4053389181050664,0.07259644858201728,-0.32962349132435875,-1.650347855630201,0.039503651522563195,-0.36516401962688383,-1.850899916130926,0.011428058833000247,-0.17723786573354564,-0.9841621777523495,-0.003398062973292142,-0.23251751757429084,-1.4437982149788249,-0.07207143818404108,-0.33530866208137805,-1.689921331697546,-0.12824863541061932,-0.3939717610999967,-1.8699348309986494,-0.16782404278020366,-0.1636082649965095,-0.8974636638113443,-0.12838393588634506,-0.32602908277989934,-1.2466933467764154,-0.2111086071989767,-0.53295798746342,-1.1156242449374536,-0.21764495994153776,-0.6489092926513584,-0.9625631737182937,-0.20580274906032153,-0.20031690319665404,-0.7573378962475728,-0.25290665192834694,-0.31396201487322023,-1.0463796502702714,-0.3100360540380888,-0.41516730516442285,-1.1200799899874032,-0.31240055101328035,-0.4754875829696651,-1.151155833375526,-0.3080529103024957,0
0.0,0.0,0.0,-0.21267055370211027,-0.15270605836149467,-0.06124383559912589,-0.351531057771086,-0.4292672140948933,-0.12389802488514119,-0.4157358827645639,-0.6211417108027376,-0.19762005375618183,-0.5175913819835481,-0.7469649025300665,-0.26737240533112283,-0.2546455744152892,-0.9608694534934491,-0.02946754297966182,-0.29263483648507976,-1.321895673850591,-0.13818738497991384,-0.31883884709398047,-1.3391573526464857,-0.22273945953820673,-0.3275184162561178,-1.3070721636008829,-0.27093576933750324,-0.1006740124794682,-0.991849401077126,-0.07809935207305138,-0.1598346767530388,-1.3925668545352228,-0.20445375992991255,-0.25244223292239587,-1.4576685592402978,-0.29773125846346643,-0.3286734376926689,-1.4687086863974663,-0.33627067326969784,0.05979814200769173,-0.9489697290951303,-0.14372444883991692,0.040466918528338634,-1.3790155692066257,-0.2511519051606109,-0.04231486880998528,-1.6241911860863019,-0.32952861108406234,-0.12525397767149096,-1.8292546455226248,-0.37141738326525625,0.21505978244202054,-0.8262526397507283,-0.21380499117583404,0.3407441363498259,-1.1184335752857468,-0.2804184606746416,0.4077778081713575,-1.3221863720990334,-0.3143408353449314,0.4552460595865031,-1.5166744224957307,-0.3353050047745999,0
0.0,0.0,0.0,-0.3167529072647675,-0.011035312850341537,-0.03032802802191468,-0.6380728015299972,-0.11933786737619251,-0.07319196671085047,-0.8757482443396937,-0.08465283003078154,-0.12445356700120243,-0.993779875508022,0.021241868388048896,-0.15794743418121326,-0.4758566677285818,-0.8867230299705732,0.009647640814459027,-0.7513434890411661,-1.245261528067117,-0.08117980604456035,-0.9725839538958806,-1.178020688234213,-0.15553067971525864,-1.0977473823581916,-1.016868559238078,-0.1873177160638604,-0.45489317554016406,-0.8905038982664433,-0.008660601552635639,-0.7962461091505023,-1.250070868994899,-0.0693395209959124,-1.0030221613753523,-1.144297225014993,-0.11097002614340969,-1.0661875834476358,-0.9525726014290004,-0.12779455618012653,-0.4354328168099657,-0.8390428966264495,-0.04166755064664153,-0.7382786764678098,-1.1827857977323883,-0.06056103720018374,-0.9558046814334322,-1.0826122693248144,-0.07894683868223525,-1.040156100614261,-0.8974111077197905,-0.08444884257241374,-0.45496374978795784,-0.7386732061169349,-0.08125702725926857,-0.7048201117272876,-0.9827118485532345,-0.08242432041678877,-0.8869460249896438,-0.9541434910660915,-0.08720673653388884,-0.9830291876188351,-0.8483911663902062,-0.08417003753620748,0
0.0,0.0,0.0,-0.43800934482849085,0.13633297835491903,0.1834025883492838,-0.7462681375853525,0.11326112672463876,0.19264181830244703,-0.9782540489446784,0.19914212651986002,0.14380940952233992,-1.1715598659799848,0.3208578875473004,0.07702142096659151,-0.7698067529417779,-0.6624350941504576,0.12822037235234143,-1.1889467469747466,-0.5562391592131984,0.06328592024999695,-1.4255625964915526,-0.3978128786317943,-0.007388107071886224,-1.6030366883750469,-0.24992336200200996,-0.062327341622205296,-0.7247132002609,-0.6879804409477591,-0.038388673341647965,-1.2318711094861252,-0.5649701632062626,-0.09549740000179446,-1.4927419929430938,-0.3760417816968028,-0.16012225838339833,-1.6639519311944495,-0.20907923062342235,-0.2230812876082818,-0.6768581204099992,-0.5707093771568476,-0.19867828807523993,-1.1641358546634422,-0.532539169994451,-0.254445145302381,-1.431414772145763,-0.35110640097742135,-0.2869851845285117,-1.6205106298904899,-0.180587386951722,-0.3226439940074845,-0.6511321433735271,-0.3403079130306069,-0.34363395330345037,-1.0341905690907252,-0.34062876223922384,-0.3989053147984969,-1.2580970742792204,-0.26117288311360026,-0.41531174787343583,-1.4388169505279915,-0.16383461031008492,-0.433885065776984,0
0.0,0.0,0.0,-0.12667774063225262,-0.6187238967709793,-0.058886760926746266,-0.37815898339659787,-1.0566590566508813,-0.11293883034378019,-0.6348222092987009,-1.36242404989214,-0.15591117065694768,-0.758433482134262,-1.6499499616219295,-0.20309673743202888,-0.8495354351285651,-0.7165140437952046,-0.1509656790360847,-1.3042972418932712,-0.9225921323402602,-0.20284753866817973,-1.5678545513962032,-1.0135058893986564,-0.23417259134865587,-1.7664430850970736,-1.0713537813694374,-0.25790828099842517,-0.9251509536636848,-0.3474975224542275,-0.15277822103738464,-1.4378172720311715,-0.4310902967546181,-0.19010257210098688,-1.7356159473906139,-0.4466651993888004,-0.2188891511382881,-1.9406623361639543,-0.4457274367338113,-0.24581968797051446,-0.9245342500583285,-0.010737784527693183,-0.14956807288193355,-1.3984695231137205,-0.04559971441901463,-0.17939440430551526,-1.6607564296236672,-0.06692537013058455,-0.2137194128002064,-1.8499440133466925,-0.07993791271434217,-0.24720658746485055,-0.8694706928316058,0.26301524086702915,-0.14707189305832907,-1.2099541366694604,0.28943569835117616,-0.18867763129140117,-1.4098719449124968,0.30993650896930114,-0.2099198052160179,-1.5766466794788283,0.3086416565897707,-0.2208121275603112,0
0.0,0.0,0.0,-0.07860521467582901,-0.5529205717782211,-0.017530335687876004,-0.2302247384742594,-0.9202773182226328,-0.048145673672852135,-0.3668049640705303,-1.1979741249315108,-0.07585799410790205,-0.41028365412481305,-1.4180762983564097,-0.10952597337636032,-0.8050683870700739,-0.720191930914072,-0.1471992084543797,-1.176250922473818,-0.9816719123548263,-0.2201942565566165,-1.4191493389728516,-1.1225671935153552,-0.268115455098486,-1.614096986677798,-1.21888579639783,-0.30625488024465103,-0.9027112676498641,-0.3912125290769038,-0.17906737377654325,-1.3545746586592722,-0.5295757748440948,-0.24631423633640115,-1.6510857768111942,-0.5780316593112934,-0.29965691682760287,-1.8784485844728376,-0.6003979230355683,-0.3434552664446269,-0.9070389437684183,-0.06619040476475888,-0.20221526805105366,-1.3422297020487253,-0.10877450297032319,-0.2723059010328976,-1.620692253551995,-0.11819090398162045,-0.3580849836346848,-1.8386794568778568,-0.13021183519814328,-0.424482306789649,-0.8334543616923852,0.21480682364321316,-0.2190340277213231,-1.0882378183233101,0.3945067872494812,-0.3112563802308843,-1.265015683358108,0.5287178706532142,-0.38118419338724446,-1.4172025450973433,0.6231956336160163,-0.42314896724084755,0
0.0,0.0,0.0,-0.283801782531641,-0.5080231445748838,0.02211166838934431,-0.6658547316199384,-0.5258710588737154,0.005203109302795483,-0.9046071276726743,-0.23253917021487644,-0.00337753836288826,-1.0437395515789365,0.08576586546561887,-0.026522015291312588,-0.8306502721793498,-0.6925593238717539,-0.13689012735038603,-1.287218032839182,-1.0184416194057109,-0.16644888642281747,-1.5326418849068937,-1.1550610142253925,-0.1646314037450933,-1.7435548493070072,-1.2432225280519023,-0.15828871913431278,-0.926559868216219,-0.3390963750601027,-0.16278961586121174,-1.4542170863710926,-0.5318377533771318,-0.18714106652576856,-1.773656166190026,-0.6143322275609288,-0.20285109687911723,-2.0266555285339867,-0.6612632048052925,-0.2052988945698663,-0.9403344486601566,-0.0018650493081798988,-0.17096654330414668,-1.4047190021990446,0.0845551580347929,-0.2078946905875183,-1.7014778354591154,0.09150893219082437,-0.29746632388392347,-1.9215659008648287,0.10349194556949345,-0.36138327030829265,-0.8933637082973342,0.2286102560062239,-0.16483431493858727,-1.0403479166268959,0.11250131389735821,-0.189648170907699,-0.9462814206568175,0.005207377993331902,-0.1977019917358861,-0.8295839843947653,-0.08121919144859426,-0.20021012995889637,0
0.0,0.0,0.0,-0.20538573190242698,-0.5465512459947314,0.09150112451657368,-0.5081687107272945,-0.7160676521975681,0.12379659488359826,-0.7753656405055592,-0.6546285451712487,0.12913731033650855,-0.9006557695032039,-0.4293295674851993,0.135140867035587,-0.7902730743690234,-0.7254596083594745,0.08777749499821211,-1.0349564760541223,-0.706389516957951,0.07692269863564243,-0.9966105113381982,-0.6057682566529443,0.059573976381965627,-0.9072149591352359,-0.5453911468328555,0.05980952628841029,-0.8993302321321038,-0.4369173764391447,0.017559605313078055,-1.329019700282984,-0.5081318499333095,0.011401907186002886,-1.6392354985815762,-0.5391758945305265,-0.02074504520092562,-1.8617067889810168,-0.5695239376791126,-0.05097956272748574,-0.9057289176769411,-0.13311796847620133,-0.044331604249309056,-1.2034166899001748,-0.2234919280533651,-0.07745371692278084,-1.072014344677876,-0.2424134153090591,-0.09949655335653405,-0.9255722150247336,-0.23829139171712502,-0.10396011977777427,-0.8526859448899872,0.134520420102467,-0.09462831636825668,-1.1374155516938795,0.18280689925298835,-0.10519374098592045,-1.2995142310315522,0.27745816214477914,-0.0944334729685556,-1.4430786065716104,0.3893805935946342,-0.08662642210707883,0
0.0,0.0,0.0,-0.20579843927091418,-0.5101409180821568,0.0950582680925965,-0.5186657303815173,-0.6694475871801038,0.12986525261028606,-0.7933160934998976,-0.5858785983799579,0.13772351194378338,-0.9269111686988122,-0.35294177614817157,0.14911898205018065,-0.7977814148230626,-0.7190592338097654,0.079269459967308,-1.0916955084126567,-0.6720488201721635,0.0677558376026851,-1.0464001510401917,-0.5581553684669792,0.06153363751977521,-0.9466113078094152,-0.4858522538488334,0.07076881528073677,-0.9052474875875833,-0.42475623184085165,0.010446517540725708,-1.356418317176497,-0.5047309353368583,0.0009050533394730233,-1.6464641083366756,-0.5386116833379804,-0.017273733168929484,-1.8567873926941545,-0.5704234981364472,-0.03462945380391414,-0.9149526813496727,-0.11459348678795962,-0.04972800753962623,-1.2677712536982888,-0.16141063374240341,-0.08603042456139279,-1.1400270230334435,-0.13985056257345135,-0.09101484394152519,-0.9904142663858193,-0.11865594653040953,-0.0808212139114393,-0.8648443601256586,0.16001412609635807,-0.09872213223359455,-1.186615278109677,0.21161751800606185,-0.1258410233885277,-1.3658423687742995,0.303149925406871,-0.11941087050689536,-1.5238760309023824,0.40234976541278494,-0.10962150294410056,0
0.0,0.0,0.0,-0.24458460816003252,-0.46242527497985186,0.10208330753199278,-0.6270292977541729,-0.6469201832313202,0.11477677172179797,-0.9423334681675771,-0.5234009549612106,0.1259217187537919,-1.1311256961935536,-0.3264121455760661,0.13109668287340104,-0.78430468321921,-0.806612395766359,-0.051133982666360454,-1.2795953889993765,-0.9151243872891467,-0.08968007839970896,-1.5438803969209054,-0.8893645166726446,-0.06573286763839013,-1.71824633799015,-0.8702748103184673,-0.049672995593420054,-0.8736007162274473,-0.4715758670245469,-0.12015818843066038,-1.4147649388052799,-0.44825782077295756,-0.20801090452656051,-1.362322512610751,-0.34329734365625775,-0.16787784642867112,-1.2395800990116097,-0.3146270285006255,-0.10149862737945907,-0.882738334992505,-0.10930083020902948,-0.1797038214244333,-1.447238956266292,-0.1699100941459968,-0.26868274080616894,-1.718754194424734,-0.20214742835899094,-0.3022848798580853,-1.9552297117577866,-0.26519471960341623,-0.3138674278735783,-0.8441146665619349,0.2115881788775262,-0.2114317368719115,-1.1948200693125735,0.31398121231184917,-0.30267469131377356,-1.4074878781930908,0.3860756257853253,-0.3456699396789712,-1.6279557923502006,0.43987075369813866,-0.36956830287824144,0
0.0,0.0,0.0,-0.22022703675244606,-0.5069416812704792,0.14039000576043803,-0.506127192468205,-0.7233328608377163,0.17460890071571608,-0.7665982026232767,-0.6447419844770169,0.1839334774581201,-0.9172407071384514,-0.4423870257985414,0.1817346384747416,-0.6635017736632082,-0.8434221167076958,-0.024666324598019606,-1.0902448967000176,-0.9381140247531801,-0.0492697249760532,-1.1346222840852447,-0.8141711166346182,-0.02653455099517727,-1.0454777682546765,-0.7087945857839425,-0.004039517212412849,-0.7991293288040804,-0.5882061929724548,-0.1241200644295319,-1.3171637524479392,-0.7733749128227142,-0.14278528087625825,-1.5874957073518914,-0.8114995233497948,-0.13731720067535252,-1.7626776042590795,-0.8403672002544669,-0.13827107806317027,-0.8507895646666624,-0.2692276399465704,-0.2054062638649942,-1.3561769492542917,-0.46405703715217084,-0.2446575608072013,-1.6383822955412528,-0.5232189132548963,-0.2986942945645456,-1.8539034131984677,-0.592993940186969,-0.347230530474798,-0.8301146182501953,0.0611085393468429,-0.26159891695491605,-1.175460495915604,0.11068967001823289,-0.33158888856128194,-1.3848062889986994,0.15655192416691824,-0.3717092810832255,-1.5675497750890357,0.1696132089606941,-0.39992233303363434,0
0.0,0.0,0.0,-0.1312190592478895,-0.528245552855897,0.10172610844219314,-0.38862341133397266,-0.7592199724243911,0.13117795096473658,-0.6484866833311517,-0.751739782777023,0.14381361664434641,-0.8271798072553138,-0.6516443534072952,0.16651384053624327,-0.642191816452346,-0.8536857833601188,-0.004986102300683453,-1.0028960640379718,-1.0958816838896737,-0.003150007370076588,-1.028445114022531,-1.0570502653758331,0.0390123089810414,-0.9692592733683225,-0.9659083036841161,0.08022489217333269,-0.7812555959702369,-0.6205975647763552,-0.06706978722828613,-1.2136415599736712,-0.8895073647855505,-0.06612505450448264,-1.4700893847695113,-1.0067631197459064,-0.055033563043006405,-1.6741992800606107,-1.063662600936932,-0.05669805928763458,-0.8419609789354221,-0.3432870754731424,-0.11287339813676298,-1.221887503226571,-0.49382785304060656,-0.11703591209620644,-1.19206246383779,-0.5418440606341288,-0.1145933691421042,-1.1276913013727907,-0.5521697694087188,-0.11838317646385535,-0.8373018468417659,-0.06193856533409341,-0.14515721618434677,-1.1246708288176384,-0.027183721223034207,-0.16305752099157053,-1.2923953300025663,0.006750862515432995,-0.17144121015671512,-1.4410037762060721,0.03807816158173257,-0.17795761048420455,0
0.0,0.0,0.0,-0.18808392441271998,-0.5325794602539231,0.08941046470969806,-0.4873097140259594,-0.7395195734812708,0.08583665035758148,-0.7761790454945743,-0.7245748366697632,0.07049656433579411,-0.9637777905376628,-0.6302754205682746,0.05000374298589914,-0.6854106730623721,-0.846085570908955,-0.14070829196618498,-1.064078884100255,-1.1921454566510519,-0.2258029736750377,-1.3007070103914256,-1.3579815546688117,-0.25862760570123905,-1.4825211243065235,-1.4651971036558982,-0.2709419364991561,-0.8047191951717081,-0.5578769030792968,-0.20297876227046804,-1.3087582171230545,-0.77070901609942,-0.2680860598973356,-1.6088666233408944,-0.8654402158635907,-0.2836311556693093,-1.8478083711829065,-0.8988269639790651,-0.2991642915244903,-0.8541786283298143,-0.24938710262307162,-0.2413088885431286,-1.2883160314993103,-0.35350584491981896,-0.29420505700703126,-1.1765010917657865,-0.40841048568498406,-0.28235057869612507,-1.0356241675542401,-0.42436887505219995,-0.2657278817937349,-0.8481024855044245,0.030235246903692593,-0.26638782386908455,-1.1785318603825186,0.11631778526928803,-0.32285409063252496,-1.3605194381888408,0.17639574847423498,-0.34361683088886685,-1.5332163072987026,0.2327311055601989,-0.34855773769069764,0
0.0,0.0,0.0,-0.15379421761965165,-0.4941899002138749,0.05631175920790146,-0.4772593577296846,-0.6590672555281073,0.07561441209794617,-0.7660761013844551,-0.5497834586331778,0.09782669704759647,-0.9558279274786314,-0.3751848695242998,0.10865670810509477,-0.6617300076567219,-0.834692081741522,-0.05545722044296728,-0.9694759609520054,-1.2537832275174303,-0.0787222757515503,-1.1603705596328417,-1.474947081300769,-0.09030469689481044,-1.3275897763103202,-1.6352703526425465,-0.09339018636370534,-0.8167177381925705,-0.5713439167911092,-0.08085953788765933,-1.2261470330869728,-0.8794877077251251,-0.09218553915129442,-1.4799203305779434,-1.0357648559758563,-0.09593933033690055,-1.688694204388104,-1.13941619749916,-0.09037526637785435,-0.8882473843957426,-0.2944464110962021,-0.08963469628313703,-1.3036821597217736,-0.40827732213810086,-0.10266928056637416,-1.546312657812004,-0.5102062803873411,-0.14926112641278133,-1.7324552294765871,-0.5764801205881425,-0.17911734965699222,-0.8760618991023196,-0.06914763864512755,-0.08487673620293927,-1.0587081275101804,-0.1847552975998794,-0.0704421535673462,-0.9928332401201891,-0.21717697420892212,-0.03960691814240622,-0.8915998704544369,-0.23294383462999477,-0.011496044836270035,0
0.0,0.0,0.0,-0.2596217836145439,0.09388634326696844,-0.09307831515397448,-0.5305040741154359,0.006023126449502233,-0.158107025976502,-0.6263196982640525,-0.1775116726598545,-0.23790724223258827,-0.6218842743382073,-0.3852200300589454,-0.31414375411135237,-0.7615979280061274,-0.601215425790745,-0.07458774508484417,-1.0498767463849175,-0.7833137431681528,-0.17768555929998497,-1.229025910956204,-0.9097743881245293,-0.249158818871187,-1.3737374928425543,-1.0464228681338847,-0.30445219188628986,-0.6187987217674371,-0.7755655881161543,-0.12484454521135419,-0.8654861487521981,-1.141873987648278,-0.24529264396313127,-1.0216981529004079,-1.3743406391702757,-0.3362569291140697,-1.1302221130161632,-1.5972116019859968,-0.3936815484518135,-0.4313303294452987,-0.8274317723078579,-0.1888743781521324,-0.6182417753599992,-1.026234081915994,-0.3687343441285459,-0.5618197463975989,-0.6776018413582262,-0.400338447491983,-0.47897877354608087,-0.43058812019962744,-0.3786388428283021,-0.22940796206277142,-0.7908099407601545,-0.2593273750100624,-0.3828810867262545,-0.7633433355208293,-0.40933304513014906,-0.35976607397847404,-0.4932166858213801,-0.4189603153608813,-0.30414924362674384,-0.31613389663203456,-0.39623559930808444,0
0.0,0.0,0.0,-0.3048475049388161,-0.013157682887178718,-0.0845752941188279,-0.5878532863945212,-0.22915066427340952,-0.11730039019528553,-0.7914060537981256,-0.43450850257506873,-0.15205230635516984,-0.9864515670085385,-0.5646263059527096,-0.18548401037104814,-0.6131470762406345,-0.729924818544327,-0.013093187575018672,-0.8338130685255826,-0.9738068227716463,-0.09726644613061783,-0.9849697442410421,-1.1125086598385592,-0.17617157960314886,-1.117768162854398,-1.2472721604006254,-0.23791853213259914,-0.48750119460530905,-0.8721150685704261,-0.04192722779767055,-0.6881107479924855,-1.1830085824555208,-0.11929939921824431,-0.8268147357455632,-1.3782842190855595,-0.20097198860128537,-0.9556868616965946,-1.5484038173183359,-0.2618377109165274,-0.32986772750477616,-0.927374798886904,-0.0902284331908591,-0.46808458484154336,-1.250748529517289,-0.18196051434380003,-0.5730088203483472,-1.4507466428278337,-0.2480675663767885,-0.6893420158217912,-1.6142422352075614,-0.29408837906683505,-0.14304321215902954,-0.9166190023084912,-0.14779686461712255,-0.18216440856401767,-1.1980672568437016,-0.23223725267628076,-0.2271139644754141,-1.3659773476451462,-0.2707954532104978,-0.29348951623428,-1.495433062286976,-0.29698554151576084,0
0.0,0.0,0.0,-0.3021482359737349,-0.008415248393886736,-0.039253280220173686,-0.5771761170871232,-0.26078041833736576,-0.04121040370889647,-0.7264602886486817,-0.5011568853065584,-0.04826842785475331,-0.865897555128716,-0.6587972877849991,-0.05487296975514209,-0.6559964256308471,-0.7121660411090698,-0.009242889809879543,-0.897186260737672,-0.9785820919778926,-0.06915715749753677,-1.0427612375217201,-1.152823144997299,-0.11755135451098425,-1.1597932163360902,-1.3082425588592872,-0.1567773876676536,-0.5283010617667148,-0.8474072722785543,-0.05290465977191398,-0.7518408082869217,-1.1992106673141998,-0.10914131709205527,-0.8875327183717169,-1.4301123612205104,-0.16829602985065853,-1.001027618832424,-1.6269270626718007,-0.21210992071293888,-0.3641266734522982,-0.8991005730827056,-0.10945435115531481,-0.5464177103351828,-1.2636094651769887,-0.19164409488535075,-0.6678713858312694,-1.4938432958526107,-0.2655071231435385,-0.7879419062753668,-1.6876875940339888,-0.3185101827191857,-0.16329213068544404,-0.8838270646428261,-0.16939771177652269,-0.1830906700440502,-1.1984653302318788,-0.2597742727317792,-0.22069853787268398,-1.4081389741820194,-0.31494472232430787,-0.2737436608137601,-1.587755553616046,-0.3533620953284427,0
0.0,0.0,0.0,-0.29151640488977243,0.03339947970332607,0.010061828494708332,-0.5700236908598564,-0.16852472502290866,-0.010409071957717779,-0.7104163059767156,-0.3788502290333499,-0.057817745225711314,-0.8069783131372023,-0.595163113858318,-0.09251435017769898,-0.5848604335637495,-0.7305901617053403,0.12667064479695883,-0.7532153162665612,-0.8932130542610679,0.031544971025680484,-0.6588256350288512,-0.63916757813349,-0.0464478626257347,-0.5429470117376297,-0.4226640283701561,-0.09176194493654552,-0.4544395947234264,-0.8894486761029361,0.04863853746097304,-0.6544335678236254,-1.0188381681516512,-0.1303161907977671,-0.5223200759054671,-0.6413976052876142,-0.22363028501988882,-0.37493306804960647,-0.36403355632296897,-0.22736124977475927,-0.27266440910884493,-1.0114223055488936,-0.05395740349117865,-0.4779663937431828,-1.3677063356269648,-0.183519321087671,-0.6628860455912879,-1.5713329775528717,-0.2850185466521589,-0.844471820642098,-1.7768962484152464,-0.33486190514923214,-0.07276351060355879,-1.0483375463657192,-0.15085267838182437,-0.057431791684671024,-1.3815920115132985,-0.20139679324612209,-0.08159932524730443,-1.5959754173369876,-0.2351005999057591,-0.1676291015624268,-1.807172962565534,-0.2636408049064508,0
0.0,0.0,0.0,-0.3362997807550687,-0.009983189363996557,-0.03685468716389738,-0.6900211743419505,-0.2401836344070122,-0.09179472862958499,-0.9280123499545472,-0.35689775390906947,-0.16247104432228077,-1.1343627767884688,-0.30930218374193413,-0.2267975375095817,-0.6120363184444657,-0.7370320532978366,0.004111439273427345,-0.7347116766449892,-0.7942014756819863,-0.1307389208858769,-0.599636281042721,-0.4839681565288831,-0.2237723634375222,-0.46798668558658285,-0.2500802127210288,-0.27113651554149965,-0.4361324738816495,-0.8981389995865399,-0.05598930833258796,-0.566832545734469,-0.9712198045863907,-0.2747824243463767,-0.4017830644506784,-0.6191354930918992,-0.3616718622281271,-0.2460350769436576,-0.388449493177919,-0.36205838069463375,-0.23803674634966307,-1.0069424655267363,-0.14059833972825816,-0.42138407779552534,-1.385904051298775,-0.32304123528470474,-0.565298863910978,-1.6101432576433243,-0.428590257709962,-0.7029523373517261,-1.8408854881159071,-0.47034541159335347,-0.05604667668087119,-1.0496374492382368,-0.21683846599181006,-0.07907722110938571,-1.4404862017483695,-0.30034577568378573,-0.07805601020623751,-1.7024836952033318,-0.33828814458734796,-0.12763990358537408,-1.9627435045001582,-0.36624595833727974,0
0.0,0.0,0.0,-0.27320774595170855,-0.4528814523854998,0.09084527158223572,-0.6105182986503682,-0.5647652000790689,0.089455776517849,-0.8677073365237711,-0.44076274525274084,0.06346918571624814,-1.0250747768290447,-0.24632036223036333,0.03170668203565252,-0.8273308024869459,-0.7156144452908444,-0.06840294102430193,-1.171391099532186,-1.0644965312799488,-0.15019539139130955,-1.4241811577019223,-1.2447105699825876,-0.1810956240116487,-1.5964580589742159,-1.354230173956242,-0.18294989946901027,-0.9034571424779952,-0.40100590573696854,-0.1515237779015855,-1.3927144808073404,-0.5428803748760564,-0.23612840477976887,-1.7155652919681443,-0.6151705686072416,-0.2674838300880455,-1.9627796197980638,-0.6354641958570305,-0.27834423882981385,-0.899416357154015,-0.04354767935579502,-0.21674031679131645,-1.2687320945965126,0.09455693076856589,-0.30969989219053895,-1.1444489832231128,0.1117715458887269,-0.31378503371582384,-0.993991836188422,0.10400043064115642,-0.28377509885148805,-0.8568562969367772,0.2962532060844849,-0.2675394748855689,-1.1943134113425746,0.4605835437585467,-0.33595714799129606,-1.389714830929918,0.566420556787907,-0.3412356879814986,-1.5674619502756864,0.6424705752260691,-0.32493480300646177,0
0.0,0.0,0.0,-0.19395297805133338,-0.5416982142270752,-0.008271751377021132,-0.43951356307663714,-0.9777143884592652,-0.05139469509253207,-0.6441299104637112,-1.3254629706181158,-0.10639169582071474,-0.7540468497466027,-1.6235850466353166,-0.16195761823936136,-0.9126531410687614,-0.6747548573625527,0.0033994034009915026,-1.146519515128896,-0.5736805149403765,-0.012817824371175771,-1.039370261540813,-0.5117502712439091,-0.04796743683415484,-0.9028800820718808,-0.5134254934537026,-0.0721045050580861,-0.9486718127389485,-0.31554126408148414,-0.0213425016447589,-1.171042225333109,-0.2707296276333617,-0.0031096607820409084,-1.050362094885065,-0.24251824988364998,-0.014266973794497649,-0.903734701924247,-0.25551823075701857,-0.03230362426644089,-0.9155081011563238,0.029774788357286943,-0.04324738742237148,-1.1467869149456724,0.022827969759618316,-0.02007222616935505,-1.029320601273607,0.028992385973685027,0.0108986531224696,-0.8820256846825882,0.010411026442953813,0.019822908526684866,-0.8450759932123845,0.33230017814563584,-0.06753241083689417,-1.0327669638756451,0.31474492010159566,-0.03990559550598004,-0.9360872914349194,0.2946291484835653,0.021101464003258016,-0.8235105744124773,0.27015523386635537,0.06852121804156579,0
